,t1,sl,pt
2022-09-30 09:40:31,2022-10-05 09:42:30,2022-09-30 09:41:00,2022-09-30 09:41:04
2022-09-30 09:41:00,2022-10-05 09:42:30,,
2022-09-30 10:46:00,2022-10-05 10:47:22,2022-09-30 10:47:22,2022-09-30 10:50:41
2022-09-30 12:58:47,2022-10-05 13:00:21,2022-09-30 13:00:54,2022-09-30 13:01:14
2022-09-30 13:00:54,2022-10-05 13:01:15,,
2022-09-30 13:04:26,2022-10-05 13:06:09,2022-09-30 13:05:46,2022-09-30 13:05:38
2022-09-30 13:47:35,2022-10-05 13:47:56,2022-09-30 13:51:50,2022-09-30 13:48:18
2022-09-30 14:14:08,2022-10-05 14:15:21,2022-09-30 14:15:02,2022-09-30 14:16:32
2022-09-30 15:20:33,2022-10-05 15:20:34,2022-09-30 15:21:01,2022-09-30 15:21:28
2022-09-30 15:35:57,2022-10-05 15:36:42,,
2022-09-30 15:57:00,2022-10-05 15:57:11,,
2022-10-03 09:30:16,2022-10-10 09:30:00,,
2022-10-03 10:00:06,2022-10-10 09:30:00,,
2022-10-03 10:47:11,2022-10-10 09:30:00,2022-10-03 10:47:13,2022-10-03 10:49:18
2022-10-03 10:47:13,2022-10-10 09:30:00,,
2022-10-03 10:54:36,2022-10-10 09:30:00,2022-10-03 10:56:49,2022-10-03 10:54:39
2022-10-03 11:23:47,2022-10-10 09:30:00,,
2022-10-03 11:29:20,2022-10-10 09:30:00,2022-10-03 11:30:13,2022-10-03 11:29:52
2022-10-03 12:08:30,2022-10-10 09:30:00,2022-10-03 12:10:30,2022-10-03 12:11:39
2022-10-03 12:10:30,2022-10-10 09:30:00,,
2022-10-03 13:08:07,2022-10-10 09:30:00,2022-10-03 13:08:24,2022-10-03 13:08:12
2022-10-03 13:08:12,2022-10-10 09:30:00,,
2022-10-03 13:24:21,2022-10-10 09:30:00,2022-10-03 13:25:05,2022-10-03 13:24:58
2022-10-03 13:24:58,2022-10-10 09:30:00,,
2022-10-03 13:45:34,2022-10-10 09:30:00,,
2022-10-03 14:37:23,2022-10-10 09:30:00,2022-10-03 14:38:57,2022-10-03 14:39:01
2022-10-03 15:07:39,2022-10-10 09:30:00,2022-10-03 15:09:38,2022-10-03 15:10:58
2022-10-03 15:09:38,2022-10-10 09:30:00,,
2022-10-03 15:22:42,2022-10-10 09:30:00,,
2022-10-03 15:36:39,2022-10-10 09:30:00,2022-10-03 15:37:53,2022-10-03 15:37:31
2022-10-03 15:43:54,2022-10-10 09:30:00,2022-10-03 15:45:00,2022-10-03 15:44:35
2022-10-03 15:58:55,2022-10-10 09:30:00,,
2022-10-04 09:30:00,2022-10-10 09:30:00,2022-10-04 09:30:22,2022-10-04 09:30:20
2022-10-04 09:30:20,2022-10-10 09:30:00,,
2022-10-04 09:35:47,2022-10-10 09:30:00,2022-10-04 09:35:52,2022-10-04 09:36:09
2022-10-04 09:36:13,2022-10-10 09:30:00,2022-10-04 09:36:17,2022-10-04 09:36:14
2022-10-04 09:36:14,2022-10-10 09:30:00,,
2022-10-04 09:36:21,2022-10-10 09:30:00,2022-10-04 09:36:28,2022-10-04 09:36:46
2022-10-04 09:36:49,2022-10-10 09:30:00,2022-10-04 09:37:00,2022-10-04 09:36:52
2022-10-04 09:36:52,2022-10-10 09:30:00,2022-10-05 09:30:37,
2022-10-04 10:06:19,2022-10-10 09:30:00,,
2022-10-04 10:41:07,2022-10-10 09:30:00,,
2022-10-04 11:07:39,2022-10-10 09:30:00,2022-10-04 11:07:57,2022-10-04 11:08:33
2022-10-04 11:07:57,2022-10-10 09:30:00,,
2022-10-04 11:55:46,2022-10-10 09:30:00,2022-10-04 11:56:15,2022-10-04 11:56:04
2022-10-04 11:56:25,2022-10-10 09:30:00,2022-10-04 11:57:16,2022-10-04 11:56:46
2022-10-04 11:57:26,2022-10-10 09:30:00,2022-10-04 11:57:36,2022-10-04 11:58:06
2022-10-04 11:57:36,2022-10-10 09:30:00,,
2022-10-04 11:57:46,2022-10-10 09:30:00,2022-10-04 11:57:55,2022-10-04 11:58:06
2022-10-04 11:57:55,2022-10-10 09:30:00,,
2022-10-04 11:58:47,2022-10-10 09:30:00,2022-10-04 11:58:57,2022-10-04 11:59:48
2022-10-04 11:58:57,2022-10-10 09:30:00,,
2022-10-04 11:59:08,2022-10-10 09:30:00,2022-10-04 11:59:16,2022-10-04 11:59:48
2022-10-04 11:59:16,2022-10-10 09:30:00,,
2022-10-04 11:59:47,2022-10-10 09:30:00,2022-10-04 11:59:56,2022-10-04 11:59:48
2022-10-04 12:05:06,2022-10-10 09:30:00,,
2022-10-04 14:40:47,2022-10-10 09:30:00,,
2022-10-04 15:42:05,2022-10-10 09:30:00,2022-10-04 15:42:09,2022-10-04 15:42:14
2022-10-04 15:54:40,2022-10-10 09:30:00,2022-10-04 15:55:42,2022-10-04 15:54:55
2022-10-04 15:54:55,2022-10-10 09:30:00,,
2022-10-04 15:58:52,2022-10-10 09:30:00,2022-10-04 15:58:57,2022-10-04 15:58:58
2022-10-04 15:59:25,2022-10-10 09:30:00,2022-10-04 15:59:30,2022-10-04 15:59:43
2022-10-04 15:59:30,2022-10-10 09:30:00,,
2022-10-05 11:40:50,2022-10-10 11:41:02,2022-10-05 11:41:56,2022-10-05 11:45:55
2022-10-05 12:06:45,2022-10-10 12:08:06,,
2022-10-05 12:32:22,2022-10-10 12:34:40,,
2022-10-05 13:07:18,2022-10-10 13:10:33,2022-10-05 13:10:49,2022-10-05 13:07:47
2022-10-05 13:07:47,2022-10-10 13:10:33,,
2022-10-05 13:40:17,2022-10-10 13:40:23,,
2022-10-05 14:45:33,2022-10-10 14:45:38,2022-10-05 14:47:19,2022-10-05 14:46:08
2022-10-05 15:59:28,2022-10-10 15:59:29,,
2022-10-05 15:59:29,2022-10-10 15:59:29,2022-10-05 15:59:37,2022-10-05 15:59:55
2022-10-05 15:59:37,2022-10-10 15:59:40,,
2022-10-06 09:57:07,2022-10-11 09:57:38,2022-10-06 09:59:46,2022-10-06 09:58:09
2022-10-06 10:18:19,2022-10-11 10:19:44,2022-10-06 10:18:27,2022-10-06 10:18:39
2022-10-06 10:18:27,2022-10-11 10:19:44,,
2022-10-06 12:10:22,2022-10-11 12:10:44,2022-10-06 12:11:37,2022-10-06 12:15:46
2022-10-06 12:11:37,2022-10-11 12:13:25,,
2022-10-06 12:38:14,2022-10-11 12:40:36,,
2022-10-06 13:11:39,2022-10-11 13:11:45,,
2022-10-06 14:15:47,2022-10-11 14:15:54,2022-10-06 14:16:16,2022-10-06 14:16:20
2022-10-06 14:16:16,2022-10-11 14:18:49,,
2022-10-06 14:18:58,2022-10-11 14:19:05,,
2022-10-06 15:49:55,2022-10-11 15:50:00,,
2022-10-06 15:50:42,2022-10-11 15:50:43,2022-10-06 15:51:18,2022-10-06 15:51:33
2022-10-06 15:58:00,2022-10-11 15:58:04,2022-10-06 15:58:01,2022-10-06 15:58:07
2022-10-07 09:30:53,2022-10-12 09:30:56,2022-10-07 09:34:18,2022-10-07 09:31:12
2022-10-07 10:11:55,2022-10-12 10:14:44,2022-10-07 10:13:24,2022-10-07 10:16:20
2022-10-07 10:13:24,2022-10-12 10:14:44,,
2022-10-07 11:12:04,2022-10-12 11:12:08,2022-10-07 11:12:47,2022-10-07 11:17:03
2022-10-07 11:42:32,2022-10-12 11:42:33,2022-10-07 11:43:52,2022-10-07 11:46:24
2022-10-07 13:22:35,2022-10-12 13:23:42,2022-10-07 13:24:01,2022-10-07 13:29:27
2022-10-07 14:28:50,2022-10-12 14:29:15,,
2022-10-07 15:59:45,2022-10-12 15:59:45,2022-10-07 15:59:47,2022-10-07 15:59:50
2022-10-10 09:30:00,2022-10-17 09:30:00,2022-10-10 09:32:09,2022-10-10 09:30:47
2022-10-10 09:30:47,2022-10-17 09:30:00,,
2022-10-10 10:50:17,2022-10-17 09:30:00,2022-10-10 10:52:34,2022-10-10 10:51:15
2022-10-10 14:40:12,2022-10-17 09:30:00,,
2022-10-10 15:39:38,2022-10-17 09:30:00,2022-10-10 15:41:21,2022-10-10 15:40:59
2022-10-10 15:40:59,2022-10-17 09:30:00,,
2022-10-11 12:00:20,2022-10-17 09:30:00,,
2022-10-11 12:49:03,2022-10-17 09:30:00,2022-10-11 12:49:26,2022-10-11 12:49:25
2022-10-11 12:49:25,2022-10-17 09:30:00,,
2022-10-11 15:14:59,2022-10-17 09:30:00,2022-10-11 15:15:22,2022-10-11 15:15:32
2022-10-11 15:15:22,2022-10-17 09:30:00,,
2022-10-11 15:17:21,2022-10-17 09:30:00,,
2022-10-11 15:38:45,2022-10-17 09:30:00,2022-10-11 15:39:19,2022-10-11 15:40:13
2022-10-12 09:30:56,2022-10-17 09:30:58,,
2022-10-12 09:55:20,2022-10-17 09:56:20,,
2022-10-12 11:51:32,2022-10-17 11:52:54,2022-10-12 11:55:37,2022-10-12 11:56:18
2022-10-12 14:01:07,2022-10-17 14:01:18,2022-10-12 14:01:11,2022-10-12 14:02:18
2022-10-12 14:01:11,2022-10-17 14:01:18,,
2022-10-12 14:56:09,2022-10-17 14:56:10,2022-10-12 14:58:02,2022-10-12 14:56:36
2022-10-12 14:56:36,2022-10-17 14:57:20,,
2022-10-12 15:10:39,2022-10-17 15:11:08,2022-10-12 15:11:23,2022-10-12 15:13:43
2022-10-12 15:11:23,2022-10-17 15:11:53,,
2022-10-12 15:36:12,2022-10-17 15:36:37,2022-10-12 15:37:45,2022-10-12 15:39:14
2022-10-12 15:37:45,2022-10-17 15:38:13,,
2022-10-13 10:00:15,2022-10-18 10:00:47,2022-10-13 10:01:36,2022-10-13 10:01:23
2022-10-13 10:01:23,2022-10-18 10:01:42,,
2022-10-13 10:02:12,2022-10-18 10:02:24,2022-10-13 10:02:56,2022-10-13 10:03:33
2022-10-13 10:50:47,2022-10-18 10:53:06,,
2022-10-13 11:33:35,2022-10-18 11:34:20,2022-10-13 11:34:03,2022-10-13 11:38:35
2022-10-13 11:34:03,2022-10-18 11:34:20,,
2022-10-13 11:47:33,2022-10-18 11:48:53,2022-10-13 11:48:50,2022-10-13 11:49:20
2022-10-13 11:58:18,2022-10-18 11:59:12,,
2022-10-13 13:14:00,2022-10-18 13:14:17,2022-10-13 13:14:50,2022-10-13 13:16:45
2022-10-13 15:18:27,2022-10-18 15:19:14,,
2022-10-13 15:25:52,2022-10-18 15:27:20,,
2022-10-13 15:54:35,2022-10-18 15:54:40,2022-10-13 15:54:56,2022-10-13 15:54:40
2022-10-13 15:54:40,2022-10-18 15:54:40,,
2022-10-14 10:26:26,2022-10-19 10:27:18,,
2022-10-14 12:30:11,2022-10-19 12:31:15,,
2022-10-14 13:37:04,2022-10-19 13:42:33,,
2022-10-14 14:05:40,2022-10-19 14:07:50,,
2022-10-14 15:47:08,2022-10-19 15:47:19,2022-10-14 15:47:11,2022-10-14 15:47:17
2022-10-14 15:47:11,2022-10-19 15:47:19,,
2022-10-17 12:02:34,2022-10-24 09:30:00,,
2022-10-17 14:22:06,2022-10-24 09:30:00,2022-10-17 14:24:13,2022-10-17 14:29:46
2022-10-17 15:24:57,2022-10-24 09:30:00,2022-10-17 15:27:13,2022-10-17 15:26:07
2022-10-17 15:26:07,2022-10-24 09:30:00,,
2022-10-17 15:43:13,2022-10-24 09:30:00,2022-10-17 15:44:49,2022-10-17 15:43:54
2022-10-17 15:43:54,2022-10-24 09:30:00,,
2022-10-18 14:54:29,2022-10-24 09:30:00,,
2022-10-18 15:39:16,2022-10-24 09:30:00,2022-10-18 15:41:15,2022-10-18 15:42:28
2022-10-18 15:59:15,2022-10-24 09:30:00,,
2022-10-19 09:41:25,2022-10-24 09:41:41,2022-10-19 09:43:10,2022-10-19 09:42:33
2022-10-19 10:24:05,2022-10-24 10:25:03,2022-10-19 10:25:58,2022-10-19 10:24:55
2022-10-19 10:24:55,2022-10-24 10:25:03,,
2022-10-19 15:40:54,2022-10-24 15:41:14,2022-10-19 15:42:23,2022-10-19 15:41:04
2022-10-19 15:41:04,2022-10-24 15:41:14,,
2022-10-19 15:56:31,2022-10-24 15:56:35,,
2022-10-19 15:56:34,2022-10-24 15:56:35,2022-10-19 15:57:10,2022-10-19 15:56:41
2022-10-19 15:56:41,2022-10-24 15:57:01,,
2022-10-19 15:56:42,2022-10-24 15:57:01,2022-10-19 15:57:10,2022-10-19 15:56:56
2022-10-19 15:56:56,2022-10-24 15:57:01,,
2022-10-19 15:57:31,2022-10-24 15:57:39,,
2022-10-19 15:57:47,2022-10-24 15:57:49,2022-10-19 15:57:50,2022-10-19 15:58:03
2022-10-19 15:58:21,2022-10-24 15:58:55,2022-10-19 15:58:54,2022-10-19 15:58:26
2022-10-19 15:58:26,2022-10-24 15:58:55,,
2022-10-19 15:58:33,2022-10-24 15:58:55,2022-10-19 15:58:54,2022-10-19 15:58:47
2022-10-19 15:58:47,2022-10-24 15:58:55,,
2022-10-19 15:59:00,2022-10-24 15:59:00,,
2022-10-19 15:59:36,2022-10-24 15:59:37,2022-10-19 15:59:37,2022-10-19 15:59:39
2022-10-20 09:34:16,2022-10-25 09:34:51,,
2022-10-20 09:42:52,2022-10-25 09:44:04,2022-10-20 09:44:15,2022-10-20 09:43:10
2022-10-20 14:08:50,2022-10-25 14:08:54,2022-10-20 14:10:34,2022-10-20 14:10:12
2022-10-21 15:37:01,2022-10-26 15:37:19,2022-10-21 15:37:18,2022-10-21 15:37:13
2022-10-21 15:37:13,2022-10-26 15:37:19,,
2022-10-21 15:39:08,2022-10-26 15:39:11,2022-10-21 15:41:02,2022-10-21 15:39:23
2022-10-21 15:39:23,2022-10-26 15:39:26,,
2022-10-21 15:58:58,2022-10-26 15:59:00,2022-10-21 15:59:00,2022-10-21 15:59:36
2022-10-21 15:59:00,2022-10-26 15:59:00,,
2022-10-21 15:59:23,2022-10-26 15:59:31,2022-10-21 15:59:34,2022-10-21 15:59:36
2022-10-21 15:59:34,2022-10-26 15:59:38,,
2022-10-24 10:26:59,2022-10-31 09:30:00,,
2022-10-24 12:13:17,2022-10-31 09:30:00,,
2022-10-24 12:24:13,2022-10-31 09:30:00,2022-10-24 12:25:05,2022-10-24 12:24:25
2022-10-24 12:24:25,2022-10-31 09:30:00,,
2022-10-24 14:42:35,2022-10-31 09:30:00,2022-10-24 14:43:04,2022-10-24 14:43:06
2022-10-24 14:47:29,2022-10-31 09:30:00,2022-10-24 14:51:28,2022-10-24 14:48:48
2022-10-24 14:48:48,2022-10-31 09:30:00,,
2022-10-24 14:55:28,2022-10-31 09:30:00,2022-10-24 14:56:32,2022-10-24 14:57:54
2022-10-24 15:14:34,2022-10-31 09:30:00,2022-10-24 15:18:39,2022-10-24 15:15:02
2022-10-24 15:15:02,2022-10-31 09:30:00,,
2022-10-24 16:07:20,2022-10-31 09:30:00,2022-10-25 09:31:01,2022-10-25 09:30:00
2022-10-25 09:32:22,2022-10-31 09:30:00,2022-10-25 09:32:35,2022-10-25 09:36:23
2022-10-25 09:32:35,2022-10-31 09:30:00,,
2022-10-25 10:05:07,2022-10-31 09:30:00,,
2022-10-25 10:25:58,2022-10-31 09:30:00,,
2022-10-25 10:29:01,2022-10-31 09:30:00,2022-10-25 10:29:21,2022-10-25 10:29:12
2022-10-25 10:29:12,2022-10-31 09:30:00,,
2022-10-25 11:13:00,2022-10-31 09:30:00,,
2022-10-25 11:16:54,2022-10-31 09:30:00,2022-10-25 11:21:57,2022-10-25 11:18:42
2022-10-25 11:36:36,2022-10-31 09:30:00,,
2022-10-25 11:49:38,2022-10-31 09:30:00,,
2022-10-25 14:20:21,2022-10-31 09:30:00,2022-10-25 14:21:58,2022-10-25 14:24:24
2022-10-25 15:15:05,2022-10-31 09:30:00,2022-10-25 15:15:23,2022-10-25 15:15:06
2022-10-25 15:15:06,2022-10-31 09:30:00,,
2022-10-25 15:18:13,2022-10-31 09:30:00,2022-10-25 15:18:50,2022-10-25 15:18:14
2022-10-25 15:18:14,2022-10-31 09:30:00,,
2022-10-25 15:18:15,2022-10-31 09:30:00,2022-10-25 15:18:50,2022-10-25 15:18:35
2022-10-25 15:18:35,2022-10-31 09:30:00,,
2022-10-25 15:19:37,2022-10-31 09:30:00,2022-10-25 15:20:12,2022-10-25 15:20:19
2022-10-25 15:22:34,2022-10-31 09:30:00,2022-10-25 15:22:56,2022-10-25 15:22:44
2022-10-25 15:28:00,2022-10-31 09:30:00,2022-10-25 15:28:08,2022-10-25 15:28:41
2022-10-25 15:29:55,2022-10-31 09:30:00,,
2022-10-25 15:30:42,2022-10-31 09:30:00,2022-10-25 15:30:43,2022-10-25 15:30:50
2022-10-25 15:32:33,2022-10-31 09:30:00,2022-10-25 15:33:36,2022-10-25 15:32:58
2022-10-25 15:32:58,2022-10-31 09:30:00,,
2022-10-25 15:33:29,2022-10-31 09:30:00,2022-10-25 15:34:18,2022-10-25 15:33:36
2022-10-25 15:35:26,2022-10-31 09:30:00,,
2022-10-25 15:38:20,2022-10-31 09:30:00,2022-10-25 15:38:37,2022-10-25 15:38:22
2022-10-25 15:39:41,2022-10-31 09:30:00,2022-10-25 15:39:54,2022-10-25 15:40:12
2022-10-25 15:39:54,2022-10-31 09:30:00,,
2022-10-25 15:41:26,2022-10-31 09:30:00,,
2022-10-25 15:42:30,2022-10-31 09:30:00,2022-10-25 15:42:44,2022-10-25 15:43:00
2022-10-25 15:42:44,2022-10-31 09:30:00,,
2022-10-25 15:56:09,2022-10-31 09:30:00,2022-10-25 15:56:35,2022-10-25 15:57:04
2022-10-25 15:56:35,2022-10-31 09:30:00,,
2022-10-26 07:00:14,2022-10-31 09:30:00,,
2022-10-26 09:30:00,2022-10-31 09:30:00,2022-10-26 09:31:30,2022-10-26 09:30:13
2022-10-26 09:30:13,2022-10-31 09:30:31,,
2022-10-26 09:55:01,2022-10-31 09:56:44,2022-10-26 09:55:56,2022-10-26 09:59:15
2022-10-26 10:49:02,2022-10-31 10:50:09,2022-10-26 10:50:03,2022-10-26 10:51:08
2022-10-26 11:11:48,2022-10-31 11:12:05,2022-10-26 11:15:06,2022-10-26 11:13:23
2022-10-26 11:13:23,2022-10-31 11:13:25,,
2022-10-26 11:15:35,2022-10-31 11:15:51,2022-10-26 11:15:55,2022-10-26 11:16:16
2022-10-26 12:01:44,2022-10-31 12:02:27,2022-10-26 12:02:57,2022-10-26 12:06:32
2022-10-26 12:02:57,2022-10-31 12:04:35,,
2022-10-26 12:05:00,2022-10-31 12:06:47,2022-10-26 12:05:22,2022-10-26 12:06:32
2022-10-26 12:05:22,2022-10-31 12:06:47,,
2022-10-26 12:21:48,2022-10-31 12:22:09,2022-10-26 12:22:37,2022-10-26 12:22:59
2022-10-26 12:22:37,2022-10-31 12:23:03,,
2022-10-26 12:25:33,2022-10-31 12:26:15,,
2022-10-26 14:04:21,2022-10-31 14:05:04,2022-10-26 14:05:43,2022-10-26 14:07:00
2022-10-26 14:53:19,2022-10-31 14:53:51,2022-10-26 14:57:45,2022-10-26 14:56:08
2022-10-26 15:55:37,2022-10-31 15:55:44,,
2022-10-26 15:55:56,2022-10-31 15:56:22,2022-10-26 15:56:04,2022-10-26 15:56:40
2022-10-26 15:58:01,2022-10-31 15:58:01,2022-10-26 15:58:03,2022-10-26 15:58:04
2022-10-26 15:58:03,2022-10-31 15:58:31,,
2022-10-26 15:58:49,2022-10-31 15:59:00,2022-10-26 15:59:46,2022-10-26 15:59:11
2022-10-27 09:53:13,2022-11-01 09:53:55,2022-10-27 09:57:08,2022-10-27 09:53:27
2022-10-27 09:53:27,2022-11-01 09:53:55,,
2022-10-27 09:59:08,2022-11-01 09:59:50,,
2022-10-27 13:21:13,2022-11-01 13:21:37,2022-10-27 13:26:39,2022-10-27 13:24:04
2022-10-27 13:24:04,2022-11-01 13:24:05,,
2022-10-27 14:02:57,2022-11-01 14:03:51,2022-10-27 14:03:16,2022-10-27 14:12:45
2022-10-27 14:48:08,2022-11-01 14:50:26,2022-10-27 14:48:11,2022-10-27 14:49:05
2022-10-27 14:48:11,2022-11-01 14:50:26,,
2022-10-27 14:48:36,2022-11-01 14:50:26,2022-10-27 14:51:38,2022-10-27 14:49:05
2022-10-27 15:12:37,2022-11-01 15:12:40,2022-10-27 15:13:35,2022-10-27 15:18:30
2022-10-27 15:13:35,2022-11-01 15:14:40,,
2022-10-28 09:30:00,2022-11-02 09:30:00,2022-10-28 09:30:39,2022-10-28 09:30:21
2022-10-28 09:30:21,2022-11-02 09:30:30,,
2022-10-28 09:33:05,2022-11-02 09:34:22,,
2022-10-28 11:26:08,2022-11-02 11:31:05,2022-10-28 11:31:55,2022-10-28 11:30:14
2022-10-28 12:39:37,2022-11-02 12:41:46,,
2022-10-28 12:48:25,2022-11-02 12:54:30,2022-10-28 12:58:04,2022-10-28 12:50:35
2022-10-28 12:50:35,2022-11-02 12:54:30,,
2022-10-28 13:25:21,2022-11-02 13:25:24,2022-10-28 13:26:44,2022-10-28 13:33:47
2022-10-28 14:13:14,2022-11-02 14:13:39,,
2022-10-28 14:41:37,2022-11-02 14:41:38,2022-10-28 14:42:35,2022-10-28 14:41:38
2022-10-28 14:51:50,2022-11-02 14:51:52,2022-10-28 14:55:56,2022-10-28 14:54:29
2022-10-28 14:55:56,2022-11-02 14:56:11,,
2022-10-28 15:42:13,2022-11-02 15:42:21,2022-10-28 15:43:29,2022-10-28 15:44:05
2022-10-28 15:43:29,2022-11-02 15:44:18,,
2022-10-28 15:58:46,2022-11-02 15:58:49,,
2022-10-28 15:59:24,2022-11-02 15:59:27,2022-10-28 15:59:25,2022-10-28 15:59:27
2022-10-28 15:59:25,2022-11-02 15:59:27,,
2022-10-31 09:31:49,2022-11-07 08:45:29,,
2022-10-31 11:50:02,2022-11-07 08:45:29,2022-10-31 11:50:10,2022-10-31 11:50:46
2022-10-31 12:19:47,2022-11-07 08:45:29,2022-10-31 12:23:03,2022-10-31 12:22:09
2022-10-31 13:25:32,2022-11-07 08:45:29,2022-10-31 13:25:59,2022-10-31 13:26:52
2022-10-31 14:21:19,2022-11-07 08:45:29,,
2022-10-31 14:25:38,2022-11-07 08:45:29,2022-10-31 14:26:01,2022-10-31 14:26:28
2022-10-31 14:26:01,2022-11-07 08:45:29,,
2022-10-31 14:33:03,2022-11-07 08:45:29,2022-10-31 14:33:57,2022-10-31 14:33:04
2022-10-31 14:33:04,2022-11-07 08:45:29,,
2022-10-31 14:42:14,2022-11-07 08:45:29,2022-10-31 14:45:05,2022-10-31 14:42:20
2022-10-31 14:42:20,2022-11-07 08:45:29,,
2022-10-31 14:43:49,2022-11-07 08:45:29,2022-10-31 14:45:05,2022-10-31 14:45:58
2022-10-31 14:51:03,2022-11-07 08:45:29,2022-10-31 14:52:10,2022-10-31 14:52:28
2022-10-31 14:55:41,2022-11-07 08:45:29,2022-10-31 14:57:31,2022-10-31 14:56:18
2022-10-31 14:56:18,2022-11-07 08:45:29,,
2022-10-31 15:16:50,2022-11-07 08:45:29,2022-10-31 15:18:14,2022-10-31 15:17:31
2022-10-31 15:42:50,2022-11-07 08:45:29,2022-10-31 15:43:32,2022-10-31 15:44:02
2022-10-31 15:46:06,2022-11-07 08:45:29,2022-10-31 15:47:18,2022-10-31 15:48:14
2022-10-31 15:52:35,2022-11-07 08:45:29,,
2022-10-31 15:59:45,2022-11-07 08:45:29,,
2022-11-01 09:30:03,2022-11-07 08:45:29,,
2022-11-01 10:12:50,2022-11-07 08:45:29,,
2022-11-01 11:34:51,2022-11-07 08:45:29,,
2022-11-01 11:35:54,2022-11-07 08:45:29,2022-11-01 11:38:58,2022-11-01 11:36:17
2022-11-01 11:36:17,2022-11-07 08:45:29,,
2022-11-01 12:41:19,2022-11-07 08:45:29,2022-11-01 12:42:08,2022-11-01 12:41:33
2022-11-01 12:41:33,2022-11-07 08:45:29,,
2022-11-01 12:50:16,2022-11-07 08:45:29,,
2022-11-01 13:13:33,2022-11-07 08:45:29,2022-11-01 13:14:48,2022-11-01 13:14:01
2022-11-01 13:14:01,2022-11-07 08:45:29,,
2022-11-01 13:21:37,2022-11-07 08:45:29,2022-11-01 13:22:46,2022-11-01 13:22:14
2022-11-01 13:22:14,2022-11-07 08:45:29,,
2022-11-01 13:30:58,2022-11-07 08:45:29,2022-11-01 13:31:11,2022-11-01 13:42:20
2022-11-01 13:51:49,2022-11-07 08:45:29,,
2022-11-01 14:35:00,2022-11-07 08:45:29,,
2022-11-01 15:55:00,2022-11-07 08:45:29,2022-11-01 15:55:04,2022-11-01 15:55:02
2022-11-01 15:57:43,2022-11-07 08:45:29,,
2022-11-01 15:58:05,2022-11-07 08:45:29,,
2022-11-01 15:58:09,2022-11-07 08:45:29,2022-11-01 15:58:29,2022-11-01 15:58:15
2022-11-02 09:44:37,2022-11-07 09:45:25,,
2022-11-02 10:01:15,2022-11-07 10:01:20,2022-11-02 10:04:20,2022-11-02 10:11:30
2022-11-02 10:04:20,2022-11-07 10:04:25,,
2022-11-02 13:36:18,2022-11-07 13:36:27,2022-11-02 13:40:29,2022-11-02 13:42:24
2022-11-02 13:40:29,2022-11-07 13:40:34,,
2022-11-02 13:50:27,2022-11-07 13:50:43,2022-11-02 13:50:46,2022-11-02 13:50:50
2022-11-02 14:07:25,2022-11-07 14:07:28,,
2022-11-02 15:58:23,2022-11-07 15:58:28,2022-11-02 15:58:49,2022-11-02 15:58:37
2022-11-02 15:58:37,2022-11-07 15:58:41,,
2022-11-03 09:34:48,2022-11-08 09:35:17,2022-11-03 09:35:15,2022-11-03 09:35:19
2022-11-03 09:35:15,2022-11-08 09:35:17,,
2022-11-03 09:35:37,2022-11-08 09:35:43,,
2022-11-03 10:29:04,2022-11-08 10:29:55,,
2022-11-03 10:29:56,2022-11-08 10:32:09,2022-11-03 10:30:46,2022-11-03 10:39:14
2022-11-03 12:20:11,2022-11-08 12:20:13,,
2022-11-03 12:34:15,2022-11-08 12:34:38,2022-11-03 12:35:03,2022-11-03 12:34:59
2022-11-03 12:34:59,2022-11-08 12:35:25,,
2022-11-03 15:00:55,2022-11-08 15:01:00,2022-11-03 15:02:35,2022-11-03 15:07:43
2022-11-03 15:02:35,2022-11-08 15:02:40,,
2022-11-03 15:59:25,2022-11-08 15:59:27,,
2022-11-03 15:59:35,2022-11-08 15:59:36,2022-11-03 16:00:00,2022-11-03 15:59:45
2022-11-04 09:45:19,2022-11-09 09:46:15,2022-11-04 09:47:56,2022-11-04 09:45:49
2022-11-04 09:45:49,2022-11-09 09:46:15,,
2022-11-04 10:25:52,2022-11-09 10:27:08,2022-11-04 10:26:30,2022-11-04 10:26:36
2022-11-04 11:23:44,2022-11-09 11:24:50,2022-11-04 11:24:11,2022-11-04 11:24:44
2022-11-04 11:24:11,2022-11-09 11:24:50,,
2022-11-04 12:22:56,2022-11-09 12:22:57,2022-11-04 12:27:29,2022-11-04 12:24:29
2022-11-04 15:29:23,2022-11-09 15:29:53,,
2022-11-04 15:39:15,2022-11-09 15:40:05,2022-11-04 15:39:44,2022-11-04 15:40:27
2022-11-04 15:39:44,2022-11-09 15:40:05,,
2022-11-04 15:43:13,2022-11-09 15:43:18,2022-11-04 15:43:54,2022-11-04 15:43:14
2022-11-04 15:43:14,2022-11-09 15:43:18,,
2022-11-04 15:43:49,2022-11-09 15:44:48,2022-11-04 15:43:54,2022-11-04 15:43:59
2022-11-07 09:55:33,2022-11-14 09:30:00,2022-11-07 09:56:11,2022-11-07 09:55:47
2022-11-07 09:56:11,2022-11-14 09:30:00,,
2022-11-07 10:00:00,2022-11-14 09:30:00,2022-11-07 10:00:34,2022-11-07 10:00:42
2022-11-07 10:00:34,2022-11-14 09:30:00,,
2022-11-07 10:23:09,2022-11-14 09:30:00,2022-11-07 10:23:30,2022-11-07 10:24:02
2022-11-07 12:30:55,2022-11-14 09:30:00,2022-11-07 12:35:52,2022-11-07 12:32:36
2022-11-07 13:07:50,2022-11-14 09:30:00,2022-11-07 13:09:59,2022-11-07 13:10:10
2022-11-07 13:31:41,2022-11-14 09:30:00,2022-11-07 13:34:01,2022-11-07 13:38:34
2022-11-07 13:44:33,2022-11-14 09:30:00,2022-11-07 13:46:05,2022-11-07 13:45:12
2022-11-07 13:45:12,2022-11-14 09:30:00,,
2022-11-07 14:46:58,2022-11-14 09:30:00,,
2022-11-07 14:58:59,2022-11-14 09:30:00,,
2022-11-07 15:33:19,2022-11-14 09:30:00,,
2022-11-07 15:54:58,2022-11-14 09:30:00,2022-11-07 15:55:44,2022-11-07 15:55:24
2022-11-08 09:34:07,2022-11-14 09:30:00,2022-11-08 09:34:26,2022-11-08 09:35:43
2022-11-08 09:48:54,2022-11-14 09:30:00,2022-11-08 09:50:29,2022-11-08 09:49:43
2022-11-08 09:49:43,2022-11-14 09:30:00,,
2022-11-08 10:36:32,2022-11-14 09:30:00,,
2022-11-08 10:39:54,2022-11-14 09:30:00,,
2022-11-08 11:04:07,2022-11-14 09:30:00,2022-11-08 11:07:02,2022-11-08 11:11:30
2022-11-08 11:34:35,2022-11-14 09:30:00,2022-11-08 11:35:55,2022-11-08 11:36:08
2022-11-08 12:33:44,2022-11-14 09:30:00,2022-11-08 12:34:40,2022-11-08 12:34:38
2022-11-08 13:01:48,2022-11-14 09:30:00,,
2022-11-08 14:31:48,2022-11-14 09:30:00,2022-11-08 14:32:07,2022-11-08 14:33:09
2022-11-08 14:32:07,2022-11-14 09:30:00,,
2022-11-08 15:19:04,2022-11-14 09:30:00,2022-11-08 15:20:02,2022-11-08 15:20:37
2022-11-08 15:45:30,2022-11-14 09:30:00,,
2022-11-08 15:59:10,2022-11-14 09:30:00,,
2022-11-09 09:35:08,2022-11-14 09:35:33,2022-11-09 09:35:51,2022-11-09 09:42:19
2022-11-09 09:35:51,2022-11-14 09:36:19,,
2022-11-09 09:44:37,2022-11-14 09:45:28,,
2022-11-09 10:07:48,2022-11-14 10:09:07,2022-11-09 10:09:33,2022-11-09 10:09:13
2022-11-09 11:44:32,2022-11-14 11:48:44,2022-11-09 11:53:02,2022-11-09 11:44:34
2022-11-09 11:44:34,2022-11-14 11:48:44,,
2022-11-09 12:21:32,2022-11-14 12:23:41,2022-11-09 12:22:02,2022-11-09 12:22:25
2022-11-09 13:15:47,2022-11-14 13:16:47,2022-11-09 13:18:21,2022-11-09 13:16:50
2022-11-09 14:31:37,2022-11-14 14:33:12,2022-11-09 14:33:57,2022-11-09 14:33:13
2022-11-09 15:47:16,2022-11-14 15:47:24,,
2022-11-09 15:58:04,2022-11-14 15:58:06,2022-11-09 15:58:10,2022-11-09 15:58:48
2022-11-09 15:58:10,2022-11-14 15:58:16,,
2022-11-09 15:58:42,2022-11-14 15:58:43,2022-11-09 15:58:48,2022-11-09 15:58:51
2022-11-10 14:17:54,2022-11-15 14:18:12,2022-11-10 14:20:11,2022-11-10 14:21:26
2022-11-10 14:59:15,2022-11-15 14:59:27,2022-11-10 15:01:12,2022-11-10 15:01:02
2022-11-10 15:01:02,2022-11-15 15:02:26,,
2022-11-10 15:07:26,2022-11-15 15:08:12,,
2022-11-10 15:51:37,2022-11-15 15:52:14,2022-11-10 15:51:55,2022-11-10 15:51:44
2022-11-10 15:51:44,2022-11-15 15:52:14,,
2022-11-10 15:59:04,2022-11-15 15:59:08,,
2022-11-11 10:21:10,2022-11-16 10:22:22,2022-11-11 10:21:41,2022-11-11 10:21:39
2022-11-11 10:21:39,2022-11-16 10:22:22,,
2022-11-11 10:24:30,2022-11-16 10:25:54,2022-11-11 10:24:49,2022-11-11 10:26:22
2022-11-11 10:47:09,2022-11-16 10:48:58,,
2022-11-11 10:48:04,2022-11-16 10:48:58,2022-11-11 10:48:53,2022-11-11 10:48:18
2022-11-11 11:17:18,2022-11-16 11:18:53,,
2022-11-11 12:00:18,2022-11-16 12:00:32,2022-11-11 12:01:43,2022-11-11 12:04:10
2022-11-11 13:32:20,2022-11-16 13:33:58,,
2022-11-11 13:32:28,2022-11-16 13:33:58,2022-11-11 13:32:39,2022-11-11 13:32:33
2022-11-11 13:32:33,2022-11-16 13:33:58,,
2022-11-14 09:36:29,2022-11-21 09:30:00,2022-11-14 09:38:38,2022-11-14 09:41:44
2022-11-14 09:38:38,2022-11-21 09:30:00,,
2022-11-14 09:40:22,2022-11-21 09:30:00,2022-11-14 09:47:06,2022-11-14 09:41:44
2022-11-14 09:48:18,2022-11-21 09:30:00,2022-11-14 09:48:24,2022-11-14 09:48:20
2022-11-14 09:50:01,2022-11-21 09:30:00,2022-11-14 09:50:02,2022-11-14 09:50:03
2022-11-14 09:50:02,2022-11-21 09:30:00,,
2022-11-14 09:56:36,2022-11-21 09:30:00,2022-11-14 09:57:09,2022-11-14 09:58:18
2022-11-14 09:57:09,2022-11-21 09:30:00,,
2022-11-14 11:25:20,2022-11-21 09:30:00,,
2022-11-14 11:39:28,2022-11-21 09:30:00,2022-11-14 11:42:42,2022-11-14 11:40:43
2022-11-14 15:22:45,2022-11-21 09:30:00,2022-11-14 15:23:29,2022-11-14 15:25:05
2022-11-14 15:23:29,2022-11-21 09:30:00,,
2022-11-14 15:41:34,2022-11-21 09:30:00,2022-11-14 15:41:51,2022-11-14 15:42:17
2022-11-14 15:41:51,2022-11-21 09:30:00,,
2022-11-15 09:39:42,2022-11-21 09:30:00,2022-11-15 09:39:44,2022-11-15 09:42:58
2022-11-15 11:12:32,2022-11-21 09:30:00,,
2022-11-15 13:17:04,2022-11-21 09:30:00,2022-11-15 13:25:11,2022-11-15 13:19:06
2022-11-15 14:40:30,2022-11-21 09:30:00,2022-11-15 14:40:35,2022-11-15 14:40:37
2022-11-15 15:58:00,2022-11-21 09:30:00,2022-11-15 15:58:01,2022-11-15 15:58:47
2022-11-15 15:58:01,2022-11-21 09:30:00,,
2022-11-16 10:03:51,2022-11-21 10:05:24,,
2022-11-17 14:05:41,2022-11-22 14:06:37,2022-11-17 14:05:55,2022-11-17 14:11:47
2022-11-17 14:05:55,2022-11-22 14:06:37,,
2022-11-17 15:22:05,2022-11-22 15:22:15,,
2022-11-17 15:22:33,2022-11-22 15:22:48,2022-11-17 15:26:03,2022-11-17 15:23:34
2022-11-17 15:55:06,2022-11-22 15:55:07,,
2022-11-18 09:46:10,2022-11-23 09:48:37,2022-11-18 09:47:36,2022-11-18 09:46:30
2022-11-18 09:46:30,2022-11-23 09:48:37,,
2022-11-18 15:48:27,2022-11-23 15:48:30,2022-11-18 15:51:02,2022-11-18 15:49:13
2022-11-18 15:49:13,2022-11-23 15:49:27,,
2022-11-21 13:02:10,2022-11-28 09:29:57,2022-11-21 13:03:24,2022-11-21 13:05:01
2022-11-21 15:35:18,2022-11-28 09:29:57,2022-11-21 15:38:00,2022-11-21 15:36:31
2022-11-21 15:56:04,2022-11-28 09:29:57,,
2022-11-21 15:56:06,2022-11-28 09:29:57,2022-11-21 15:56:19,2022-11-21 15:57:09
2022-11-22 09:59:23,2022-11-28 09:29:57,,
2022-11-22 10:01:53,2022-11-28 09:29:57,2022-11-22 10:02:32,2022-11-22 10:02:21
2022-11-22 10:02:21,2022-11-28 09:29:57,,
2022-11-22 10:05:22,2022-11-28 09:29:57,,
2022-11-22 10:06:27,2022-11-28 09:29:57,2022-11-22 10:06:32,2022-11-22 10:06:54
2022-11-22 10:06:32,2022-11-28 09:29:57,,
2022-11-22 10:07:26,2022-11-28 09:29:57,,
2022-11-22 10:08:52,2022-11-28 09:29:57,2022-11-22 10:09:53,2022-11-22 10:10:00
2022-11-22 10:09:53,2022-11-28 09:29:57,,
2022-11-22 10:11:02,2022-11-28 09:29:57,,
2022-11-22 10:11:49,2022-11-28 09:29:57,,
2022-11-22 10:18:33,2022-11-28 09:29:57,2022-11-22 10:19:25,2022-11-22 10:18:43
2022-11-22 10:31:37,2022-11-28 09:29:57,2022-11-22 10:32:11,2022-11-22 10:33:07
2022-11-22 10:32:11,2022-11-28 09:29:57,,
2022-11-22 11:04:12,2022-11-28 09:29:57,,
2022-11-22 13:11:10,2022-11-28 09:29:57,2022-11-22 13:11:45,2022-11-22 13:11:55
2022-11-22 14:29:38,2022-11-28 09:29:57,2022-11-22 14:32:37,2022-11-22 14:30:18
2022-11-22 14:30:18,2022-11-28 09:29:57,,
2022-11-22 15:01:48,2022-11-28 09:29:57,2022-11-22 15:02:21,2022-11-22 15:03:20
2022-11-22 15:11:31,2022-11-28 09:29:57,2022-11-22 15:12:25,2022-11-22 15:14:33
2022-11-22 15:24:26,2022-11-28 09:29:57,2022-11-22 15:25:02,2022-11-22 15:25:23
2022-11-22 15:25:02,2022-11-28 09:29:57,,
2022-11-22 15:26:31,2022-11-28 09:29:57,2022-11-22 15:28:55,2022-11-22 15:27:25
2022-11-22 15:35:11,2022-11-28 09:29:57,2022-11-22 15:35:32,2022-11-22 15:35:28
2022-11-22 15:42:55,2022-11-28 09:29:57,2022-11-22 15:44:40,2022-11-22 15:43:42
2022-11-22 15:45:26,2022-11-28 09:29:57,2022-11-22 15:45:35,2022-11-22 15:45:38
2022-11-22 15:45:35,2022-11-28 09:29:57,,
2022-11-22 15:46:13,2022-11-28 09:29:57,2022-11-22 15:46:25,2022-11-22 15:46:33
2022-11-22 15:47:55,2022-11-28 09:29:57,2022-11-22 15:47:58,2022-11-22 15:48:17
2022-11-22 15:47:58,2022-11-28 09:29:57,,
2022-11-22 15:48:53,2022-11-28 09:29:57,,
2022-11-22 15:51:01,2022-11-28 09:29:57,,
2022-11-22 15:52:02,2022-11-28 09:29:57,,
2022-11-22 15:53:56,2022-11-28 09:29:57,2022-11-22 15:54:04,2022-11-22 15:55:00
2022-11-22 15:54:04,2022-11-28 09:29:57,,
2022-11-22 15:54:52,2022-11-28 09:29:57,2022-11-22 15:55:29,2022-11-22 15:55:00
2022-11-22 15:56:41,2022-11-28 09:29:57,2022-11-22 15:56:56,2022-11-22 15:56:42
2022-11-22 15:57:41,2022-11-28 09:29:57,2022-11-22 15:58:06,2022-11-22 15:57:54
2022-11-22 15:57:54,2022-11-28 09:29:57,,
2022-11-22 15:58:49,2022-11-28 09:29:57,2022-11-22 15:59:00,2022-11-22 15:58:53
2022-11-22 15:59:11,2022-11-28 09:29:57,2022-11-22 15:59:20,2022-11-22 15:59:15
2022-11-22 15:59:42,2022-11-28 09:29:57,2022-11-22 15:59:45,2022-11-22 15:59:47
2022-11-22 15:59:45,2022-11-28 09:29:57,,
2022-11-23 09:34:58,2022-11-28 09:35:30,2022-11-23 09:35:14,2022-11-23 09:39:41
2022-11-23 09:35:14,2022-11-28 09:35:30,,
2022-11-23 10:10:51,2022-11-28 10:12:17,2022-11-23 10:11:58,2022-11-23 10:14:18
2022-11-23 10:26:38,2022-11-28 10:27:03,,
2022-11-23 14:15:40,2022-11-28 14:15:43,2022-11-23 14:15:59,2022-11-23 14:17:12
2022-11-23 14:21:08,2022-11-28 14:21:48,,
2022-11-23 15:59:19,2022-11-28 15:59:22,,
2022-11-23 15:59:45,2022-11-28 15:59:45,2022-11-23 15:59:51,2022-11-23 15:59:47
2022-11-23 15:59:59,2022-11-28 16:00:00,2022-11-23 16:00:00,2022-11-25 09:32:36
2022-11-23 16:00:00,2022-11-28 16:00:00,,
2022-11-25 12:52:11,2022-11-30 12:53:22,2022-11-25 12:52:36,2022-11-25 12:53:59
2022-11-25 12:52:36,2022-11-30 12:53:22,,
2022-11-28 10:20:46,2022-12-05 09:30:00,2022-11-28 10:21:37,2022-11-28 10:20:47
2022-11-28 11:00:20,2022-12-05 09:30:00,2022-11-28 11:01:30,2022-11-28 11:01:33
2022-11-28 11:01:30,2022-12-05 09:30:00,,
2022-11-28 15:57:56,2022-12-05 09:30:00,2022-11-28 15:58:40,2022-11-28 15:58:12
2022-11-28 15:58:12,2022-12-05 09:30:00,,
2022-11-28 15:59:36,2022-12-05 09:30:00,,
2022-11-29 11:39:20,2022-12-05 09:30:00,2022-11-29 11:39:24,2022-11-29 11:40:18
2022-11-29 11:39:24,2022-12-05 09:30:00,,
2022-11-29 11:48:10,2022-12-05 09:30:00,,
2022-11-29 11:49:54,2022-12-05 09:30:00,,
2022-11-29 11:57:10,2022-12-05 09:30:00,,
2022-11-29 12:00:03,2022-12-05 09:30:00,,
2022-11-29 12:06:21,2022-12-05 09:30:00,,
2022-11-29 14:53:56,2022-12-05 09:30:00,2022-11-29 14:57:01,2022-11-29 14:54:53
2022-11-29 15:23:38,2022-12-05 09:30:00,2022-11-29 15:29:24,2022-11-29 15:24:34
2022-11-29 15:40:11,2022-12-05 09:30:00,2022-11-29 15:41:15,2022-11-29 15:42:02
2022-11-29 15:42:57,2022-12-05 09:30:00,2022-11-29 15:46:51,2022-11-29 15:49:09
2022-11-29 15:49:09,2022-12-05 09:30:00,,
2022-11-30 12:42:44,2022-12-05 12:44:26,,
2022-11-30 15:58:00,2022-12-05 15:58:00,2022-11-30 15:58:18,2022-11-30 15:58:17
2022-11-30 15:59:05,2022-12-05 15:59:21,,
2022-11-30 15:59:10,2022-12-05 15:59:21,2022-11-30 15:59:24,2022-11-30 15:59:11
2022-11-30 15:59:24,2022-12-05 15:59:28,,
2022-12-01 09:38:32,2022-12-06 09:39:54,2022-12-01 09:40:22,2022-12-01 09:39:02
2022-12-01 12:20:27,2022-12-06 12:20:29,2022-12-01 12:25:34,2022-12-01 12:23:00
2022-12-01 14:16:07,2022-12-06 14:17:14,2022-12-01 14:17:22,2022-12-01 14:23:39
2022-12-01 14:17:22,2022-12-06 14:21:27,,
2022-12-01 15:07:45,2022-12-06 15:08:01,2022-12-01 15:12:45,2022-12-01 15:11:17
2022-12-01 15:11:17,2022-12-06 15:11:38,,
2022-12-01 15:27:41,2022-12-06 15:27:43,2022-12-01 15:28:14,2022-12-01 15:29:46
2022-12-01 15:28:14,2022-12-06 15:28:40,,
2022-12-02 09:49:34,2022-12-07 09:49:58,,
2022-12-02 10:42:43,2022-12-07 10:43:46,2022-12-02 10:45:53,2022-12-02 10:47:28
2022-12-02 11:32:34,2022-12-07 11:32:54,2022-12-02 11:33:52,2022-12-02 11:33:31
2022-12-02 11:33:31,2022-12-07 11:34:53,,
2022-12-02 13:10:00,2022-12-07 13:10:35,2022-12-02 13:11:08,2022-12-02 13:10:11
2022-12-02 14:14:03,2022-12-07 14:14:39,,
2022-12-02 15:59:16,2022-12-07 15:59:23,2022-12-02 15:59:59,2022-12-02 15:59:21
2022-12-05 12:16:49,2022-12-12 09:30:00,2022-12-05 12:18:53,2022-12-05 12:22:19
2022-12-05 12:18:53,2022-12-12 09:30:00,,
2022-12-05 12:31:15,2022-12-12 09:30:00,,
2022-12-05 15:31:28,2022-12-12 09:30:00,,
2022-12-06 09:30:00,2022-12-12 09:30:00,2022-12-06 09:30:17,2022-12-06 09:34:19
2022-12-06 10:34:01,2022-12-12 09:30:00,2022-12-06 10:38:02,2022-12-06 10:35:19
2022-12-06 12:01:08,2022-12-12 09:30:00,,
2022-12-06 12:06:45,2022-12-12 09:30:00,2022-12-06 12:07:36,2022-12-06 12:07:34
2022-12-06 12:07:34,2022-12-12 09:30:00,,
2022-12-06 12:08:11,2022-12-12 09:30:00,2022-12-06 12:11:15,2022-12-06 12:15:00
2022-12-06 12:35:44,2022-12-12 09:30:00,,
2022-12-06 13:35:32,2022-12-12 09:30:00,,
2022-12-06 14:21:27,2022-12-12 09:30:00,,
2022-12-06 15:13:17,2022-12-12 09:30:00,,
2022-12-06 15:23:57,2022-12-12 09:30:00,2022-12-06 15:24:28,2022-12-06 15:24:01
2022-12-06 15:24:01,2022-12-12 09:30:00,,
2022-12-06 15:24:13,2022-12-12 09:30:00,2022-12-06 15:24:28,2022-12-06 15:25:02
2022-12-06 15:26:14,2022-12-12 09:30:00,,
2022-12-06 15:38:21,2022-12-12 09:30:00,2022-12-06 15:38:42,2022-12-06 15:39:01
2022-12-06 15:41:30,2022-12-12 09:30:00,,
2022-12-06 15:41:52,2022-12-12 09:30:00,2022-12-06 15:42:04,2022-12-06 15:41:57
2022-12-06 15:41:57,2022-12-12 09:30:00,,
2022-12-06 15:45:48,2022-12-12 09:30:00,,
2022-12-06 15:58:29,2022-12-12 09:30:00,,
2022-12-07 10:48:05,2022-12-12 10:50:14,2022-12-07 10:54:45,2022-12-07 10:51:00
2022-12-07 10:51:00,2022-12-12 10:55:57,,
2022-12-07 11:48:30,2022-12-12 11:48:33,2022-12-07 11:53:01,2022-12-07 11:50:43
2022-12-07 12:36:39,2022-12-12 12:39:46,2022-12-07 12:39:00,2022-12-07 12:40:12
2022-12-07 12:39:00,2022-12-12 12:39:46,,
2022-12-07 14:13:51,2022-12-12 14:14:14,2022-12-07 14:14:39,2022-12-07 14:17:16
2022-12-07 14:14:39,2022-12-12 14:15:20,,
2022-12-07 14:48:23,2022-12-12 14:51:04,,
2022-12-07 15:46:33,2022-12-12 15:47:53,,
2022-12-07 15:56:49,2022-12-12 15:58:00,2022-12-07 15:57:09,2022-12-07 15:56:59
2022-12-07 15:56:59,2022-12-12 15:58:00,,
2022-12-08 15:53:52,2022-12-13 15:53:55,2022-12-08 15:57:50,2022-12-08 15:54:18
2022-12-08 15:54:18,2022-12-13 15:54:18,,
2022-12-08 15:59:01,2022-12-13 15:59:04,2022-12-08 15:59:25,2022-12-08 15:59:15
2022-12-08 15:59:15,2022-12-13 15:59:18,,
2022-12-09 10:16:41,2022-12-14 10:19:31,2022-12-09 10:22:48,2022-12-09 10:17:48
2022-12-09 10:46:30,2022-12-14 10:47:01,,
2022-12-09 10:55:28,2022-12-14 10:55:32,2022-12-09 10:56:17,2022-12-09 10:58:41
2022-12-09 10:56:17,2022-12-14 10:56:37,,
2022-12-09 10:58:47,2022-12-14 10:59:44,,
2022-12-09 10:59:06,2022-12-14 10:59:44,2022-12-09 11:02:40,2022-12-09 10:59:20
2022-12-09 10:59:20,2022-12-14 10:59:44,,
2022-12-09 11:22:31,2022-12-14 11:22:32,,
2022-12-09 11:33:09,2022-12-14 11:34:13,2022-12-09 11:34:07,2022-12-09 11:34:35
2022-12-09 12:16:40,2022-12-14 12:20:46,2022-12-09 12:17:32,2022-12-09 12:22:31
2022-12-09 13:01:48,2022-12-14 13:03:12,2022-12-09 13:13:57,2022-12-09 13:03:36
2022-12-09 14:02:22,2022-12-14 14:02:43,2022-12-09 14:10:06,2022-12-09 14:04:55
2022-12-09 14:47:39,2022-12-14 14:48:18,,
2022-12-09 15:29:31,2022-12-14 15:29:42,,
2022-12-09 15:40:10,2022-12-14 15:40:54,2022-12-09 15:42:34,2022-12-09 15:40:54
2022-12-12 09:33:53,2022-12-19 09:30:00,,
2022-12-12 10:07:40,2022-12-19 09:30:00,2022-12-12 10:09:26,2022-12-12 10:08:57
2022-12-12 10:08:57,2022-12-19 09:30:00,,
2022-12-12 11:00:33,2022-12-19 09:30:00,2022-12-12 11:03:25,2022-12-12 11:03:37
2022-12-12 11:57:00,2022-12-19 09:30:00,2022-12-12 11:59:02,2022-12-12 11:57:01
2022-12-12 11:57:01,2022-12-19 09:30:00,,
2022-12-12 12:59:02,2022-12-19 09:30:00,2022-12-12 12:59:57,2022-12-12 12:59:26
2022-12-12 12:59:26,2022-12-19 09:30:00,,
2022-12-12 12:59:44,2022-12-19 09:30:00,2022-12-12 12:59:57,2022-12-12 13:00:50
2022-12-12 13:08:22,2022-12-19 09:30:00,2022-12-12 13:22:54,2022-12-12 13:11:26
2022-12-12 13:41:50,2022-12-19 09:30:00,,
2022-12-12 13:57:38,2022-12-19 09:30:00,2022-12-12 14:12:29,2022-12-12 14:04:09
2022-12-12 14:24:33,2022-12-19 09:30:00,,
2022-12-12 14:29:01,2022-12-19 09:30:00,2022-12-12 14:41:25,2022-12-12 14:32:14
2022-12-12 14:51:17,2022-12-19 09:30:00,,
2022-12-12 14:56:56,2022-12-19 09:30:00,2022-12-12 14:59:27,2022-12-12 14:58:27
2022-12-12 14:58:27,2022-12-19 09:30:00,,
2022-12-12 15:21:59,2022-12-19 09:30:00,,
2022-12-12 15:53:15,2022-12-19 09:30:00,,
2022-12-12 15:59:40,2022-12-19 09:30:00,,
2022-12-13 09:37:28,2022-12-19 09:30:00,,
2022-12-13 11:14:44,2022-12-19 09:30:00,2022-12-13 11:16:35,2022-12-13 11:16:37
2022-12-13 11:16:35,2022-12-19 09:30:00,,
2022-12-13 12:04:47,2022-12-19 09:30:00,2022-12-13 12:06:21,2022-12-13 12:07:40
2022-12-13 12:06:21,2022-12-19 09:30:00,,
2022-12-13 12:12:22,2022-12-19 09:30:00,2022-12-13 12:12:32,2022-12-13 12:12:25
2022-12-13 12:13:14,2022-12-19 09:30:00,2022-12-13 12:13:39,2022-12-13 12:13:24
2022-12-13 12:29:01,2022-12-19 09:30:00,2022-12-13 12:31:43,2022-12-13 12:33:06
2022-12-13 13:17:39,2022-12-19 09:30:00,2022-12-13 13:20:25,2022-12-13 13:18:05
2022-12-13 13:18:05,2022-12-19 09:30:00,,
2022-12-13 14:44:17,2022-12-19 09:30:00,2022-12-13 14:44:31,2022-12-13 14:45:47
2022-12-13 15:09:53,2022-12-19 09:30:00,2022-12-13 15:09:57,2022-12-13 15:10:00
2022-12-13 15:09:57,2022-12-19 09:30:00,,
2022-12-13 15:24:51,2022-12-19 09:30:00,2022-12-13 15:25:02,2022-12-13 15:24:57
2022-12-13 15:24:57,2022-12-19 09:30:00,,
2022-12-13 15:31:42,2022-12-19 09:30:00,2022-12-13 15:32:03,2022-12-13 15:32:11
2022-12-13 15:41:52,2022-12-19 09:30:00,2022-12-13 15:41:57,2022-12-13 15:43:05
2022-12-13 15:41:57,2022-12-19 09:30:00,,
2022-12-13 15:48:38,2022-12-19 09:30:00,2022-12-13 15:49:04,2022-12-13 15:49:14
2022-12-13 15:52:42,2022-12-19 09:30:00,2022-12-13 15:52:48,2022-12-13 15:53:10
2022-12-13 15:54:20,2022-12-19 09:30:00,2022-12-13 15:54:52,2022-12-13 15:54:28
2022-12-13 15:57:54,2022-12-19 09:30:00,2022-12-13 15:58:18,2022-12-13 15:57:58
2022-12-13 15:58:51,2022-12-19 09:30:00,,
2022-12-14 09:54:33,2022-12-19 09:56:47,,
2022-12-14 10:36:55,2022-12-19 10:37:19,2022-12-14 10:37:33,2022-12-14 10:38:18
2022-12-14 10:55:32,2022-12-19 10:56:25,2022-12-14 10:56:37,2022-12-14 10:57:13
2022-12-14 11:41:17,2022-12-19 11:41:31,,
2022-12-14 15:11:22,2022-12-19 15:12:08,2022-12-14 15:12:02,2022-12-14 15:11:32
2022-12-14 15:11:32,2022-12-19 15:12:08,,
2022-12-14 15:43:19,2022-12-19 15:44:28,,
2022-12-14 15:50:00,2022-12-19 15:50:05,2022-12-14 15:50:08,2022-12-14 15:51:12
2022-12-14 15:50:08,2022-12-19 15:50:34,,
2022-12-15 09:35:27,2022-12-20 09:35:30,,
2022-12-15 09:50:23,2022-12-20 09:50:26,2022-12-15 09:51:12,2022-12-15 09:50:45
2022-12-15 10:55:57,2022-12-20 10:56:19,2022-12-15 10:56:01,2022-12-15 10:56:05
2022-12-15 13:14:27,2022-12-20 13:14:50,2022-12-15 13:15:50,2022-12-15 13:15:31
2022-12-15 13:43:32,2022-12-20 13:44:57,2022-12-15 13:45:38,2022-12-15 13:44:51
2022-12-15 13:57:25,2022-12-20 13:57:34,2022-12-15 13:57:40,2022-12-15 13:57:53
2022-12-15 14:13:34,2022-12-20 14:14:56,,
2022-12-15 14:17:48,2022-12-20 14:20:20,2022-12-15 14:21:19,2022-12-15 14:17:49
2022-12-15 14:17:49,2022-12-20 14:20:20,,
2022-12-15 14:18:02,2022-12-20 14:20:20,2022-12-15 14:21:19,2022-12-15 14:18:15
2022-12-15 14:18:15,2022-12-20 14:20:20,,
2022-12-15 14:45:01,2022-12-20 14:47:06,2022-12-15 14:45:57,2022-12-15 14:45:33
2022-12-15 14:45:33,2022-12-20 14:47:06,,
2022-12-15 14:58:50,2022-12-20 14:59:53,2022-12-15 14:59:00,2022-12-15 15:00:14
2022-12-15 15:27:42,2022-12-20 15:29:09,,
2022-12-15 15:29:08,2022-12-20 15:29:09,2022-12-15 15:31:01,2022-12-15 15:36:17
2022-12-15 15:31:01,2022-12-20 15:31:36,,
2022-12-15 15:58:44,2022-12-20 15:58:54,,
2022-12-16 11:31:09,2022-12-21 11:31:22,2022-12-16 11:32:06,2022-12-16 11:31:12
2022-12-16 11:31:12,2022-12-21 11:31:22,,
2022-12-16 13:27:24,2022-12-21 13:27:24,,
2022-12-16 13:30:19,2022-12-21 13:30:53,,
2022-12-16 14:42:54,2022-12-21 14:43:23,2022-12-16 14:43:00,2022-12-16 14:43:27
2022-12-16 14:44:09,2022-12-21 14:44:14,2022-12-16 14:44:35,2022-12-16 14:44:14
2022-12-16 14:44:14,2022-12-21 14:44:14,,
2022-12-16 14:44:24,2022-12-21 14:44:37,2022-12-16 14:45:13,2022-12-16 14:44:35
2022-12-16 14:45:13,2022-12-21 14:47:05,,
2022-12-16 14:46:07,2022-12-21 14:47:05,,
2022-12-16 14:46:23,2022-12-21 14:47:05,,
2022-12-16 15:35:47,2022-12-21 15:36:00,,
2022-12-16 15:55:58,2022-12-21 15:55:59,2022-12-16 15:56:19,2022-12-16 15:56:51
2022-12-16 15:56:19,2022-12-21 15:56:23,,
2022-12-16 15:56:34,2022-12-21 15:56:47,2022-12-16 15:57:03,2022-12-16 15:56:51
2022-12-19 10:20:59,2022-12-27 09:30:00,,
2022-12-19 10:56:25,2022-12-27 09:30:00,,
2022-12-19 11:45:21,2022-12-27 09:30:00,2022-12-19 11:45:29,2022-12-19 11:47:29
2022-12-19 11:45:29,2022-12-27 09:30:00,,
2022-12-19 11:45:58,2022-12-27 09:30:00,2022-12-19 11:46:26,2022-12-19 11:47:29
2022-12-19 11:46:26,2022-12-27 09:30:00,,
2022-12-19 11:48:37,2022-12-27 09:30:00,,
2022-12-19 13:15:38,2022-12-27 09:30:00,2022-12-19 13:16:23,2022-12-19 13:20:20
2022-12-19 13:36:36,2022-12-27 09:30:00,2022-12-19 13:39:18,2022-12-19 13:38:00
2022-12-19 13:41:11,2022-12-27 09:30:00,2022-12-19 13:49:50,2022-12-19 13:43:15
2022-12-19 13:53:36,2022-12-27 09:30:00,2022-12-19 13:55:16,2022-12-19 13:55:43
2022-12-19 13:55:16,2022-12-27 09:30:00,,
2022-12-19 14:26:05,2022-12-27 09:30:00,,
2022-12-19 14:33:05,2022-12-27 09:30:00,2022-12-19 14:33:47,2022-12-19 14:35:24
2022-12-19 14:33:47,2022-12-27 09:30:00,,
2022-12-19 15:14:22,2022-12-27 09:30:00,2022-12-19 15:14:35,2022-12-19 15:15:01
2022-12-19 15:19:52,2022-12-27 09:30:00,,
2022-12-19 15:46:01,2022-12-27 09:30:00,2022-12-19 15:48:05,2022-12-19 15:46:30
2022-12-19 15:46:30,2022-12-27 09:30:00,,
2022-12-20 10:12:07,2022-12-27 09:30:00,2022-12-20 10:13:50,2022-12-20 10:12:24
2022-12-20 10:12:24,2022-12-27 09:30:00,,
2022-12-20 10:18:32,2022-12-27 09:30:00,2022-12-20 10:20:07,2022-12-20 10:18:35
2022-12-20 10:18:35,2022-12-27 09:30:00,,
2022-12-20 10:56:52,2022-12-27 09:30:00,2022-12-20 10:58:07,2022-12-20 10:58:06
2022-12-20 13:00:14,2022-12-27 09:30:00,2022-12-20 13:04:31,2022-12-20 13:02:16
2022-12-20 13:02:16,2022-12-27 09:30:00,,
2022-12-20 14:04:13,2022-12-27 09:30:00,2022-12-20 14:06:10,2022-12-20 14:05:13
2022-12-20 14:05:13,2022-12-27 09:30:00,,
2022-12-20 14:10:25,2022-12-27 09:30:00,2022-12-20 14:16:37,2022-12-20 14:11:43
2022-12-20 14:11:43,2022-12-27 09:30:00,,
2022-12-20 14:24:04,2022-12-27 09:30:00,,
2022-12-20 15:49:40,2022-12-27 09:30:00,2022-12-20 15:50:12,2022-12-20 15:49:57
2022-12-20 15:49:57,2022-12-27 09:30:00,,
2022-12-20 15:58:54,2022-12-27 09:30:00,,
2022-12-20 15:59:39,2022-12-27 09:30:00,,
2022-12-21 09:36:24,2022-12-27 09:30:00,2022-12-21 09:36:49,2022-12-21 09:36:28
2022-12-21 09:36:28,2022-12-27 09:30:00,,
2022-12-21 09:39:29,2022-12-27 09:30:00,2022-12-21 09:40:36,2022-12-21 09:42:03
2022-12-21 09:54:00,2022-12-27 09:30:00,2022-12-21 09:55:59,2022-12-21 09:55:35
2022-12-21 09:55:35,2022-12-27 09:30:00,,
2022-12-21 09:56:36,2022-12-27 09:30:00,2022-12-21 09:56:53,2022-12-21 09:56:58
2022-12-21 09:56:53,2022-12-27 09:30:00,,
2022-12-21 09:58:39,2022-12-27 09:30:00,,
2022-12-21 10:09:11,2022-12-27 09:30:00,,
2022-12-21 10:13:07,2022-12-27 09:30:00,,
2022-12-21 10:19:20,2022-12-27 09:30:00,2022-12-21 10:21:30,2022-12-21 10:20:26
2022-12-21 10:35:38,2022-12-27 09:30:00,,
2022-12-21 10:39:04,2022-12-27 09:30:00,2022-12-21 10:39:25,2022-12-21 10:41:14
2022-12-21 10:39:25,2022-12-27 09:30:00,,
2022-12-21 10:51:43,2022-12-27 09:30:00,2022-12-21 10:52:17,2022-12-21 10:52:53
2022-12-21 10:52:17,2022-12-27 09:30:00,,
2022-12-21 10:52:43,2022-12-27 09:30:00,2022-12-21 10:53:36,2022-12-21 10:52:53
2022-12-21 10:54:17,2022-12-27 09:30:00,,
2022-12-21 10:55:04,2022-12-27 09:30:00,,
2022-12-21 11:11:53,2022-12-27 09:30:00,2022-12-21 11:11:55,2022-12-21 11:12:09
2022-12-21 11:29:36,2022-12-27 09:30:00,,
2022-12-21 11:31:34,2022-12-27 09:30:00,2022-12-21 11:32:43,2022-12-21 11:32:11
2022-12-21 11:38:26,2022-12-27 09:30:00,2022-12-21 11:39:27,2022-12-21 11:40:07
2022-12-21 11:39:27,2022-12-27 09:30:00,,
2022-12-21 11:42:59,2022-12-27 09:30:00,,
2022-12-21 12:11:13,2022-12-27 09:30:00,2022-12-21 12:12:34,2022-12-21 12:12:13
2022-12-21 12:17:35,2022-12-27 09:30:00,2022-12-21 12:17:48,2022-12-21 12:20:27
2022-12-21 12:20:27,2022-12-27 09:30:00,,
2022-12-21 12:38:15,2022-12-27 09:30:00,2022-12-21 12:38:39,2022-12-21 12:38:51
2022-12-21 12:43:38,2022-12-27 09:30:00,2022-12-21 12:43:59,2022-12-21 12:44:52
2022-12-21 12:49:06,2022-12-27 09:30:00,,
2022-12-21 12:56:13,2022-12-27 09:30:00,,
2022-12-21 13:08:04,2022-12-27 09:30:00,2022-12-21 13:08:22,2022-12-21 13:09:54
2022-12-21 13:09:54,2022-12-27 09:30:00,,
2022-12-21 13:22:20,2022-12-27 09:30:00,,
2022-12-21 13:24:44,2022-12-27 09:30:00,2022-12-21 13:26:14,2022-12-21 13:25:28
2022-12-21 13:37:39,2022-12-27 09:30:00,2022-12-21 13:37:56,2022-12-21 13:39:13
2022-12-21 13:37:56,2022-12-27 09:30:00,,
2022-12-21 13:38:12,2022-12-27 09:30:00,2022-12-21 13:38:17,2022-12-21 13:39:13
2022-12-21 13:38:17,2022-12-27 09:30:00,,
2022-12-21 13:38:27,2022-12-27 09:30:00,2022-12-21 13:38:57,2022-12-21 13:39:13
2022-12-21 13:38:57,2022-12-27 09:30:00,,
2022-12-21 13:40:30,2022-12-27 09:30:00,2022-12-21 13:41:14,2022-12-21 13:40:57
2022-12-21 13:40:57,2022-12-27 09:30:00,,
2022-12-21 13:42:08,2022-12-27 09:30:00,,
2022-12-21 13:42:31,2022-12-27 09:30:00,2022-12-21 13:43:52,2022-12-21 13:44:22
2022-12-21 13:49:00,2022-12-27 09:30:00,,
2022-12-21 13:49:21,2022-12-27 09:30:00,2022-12-21 13:49:49,2022-12-21 13:50:32
2022-12-21 13:50:39,2022-12-27 09:30:00,2022-12-21 13:52:14,2022-12-21 13:51:04
2022-12-21 13:51:04,2022-12-27 09:30:00,,
2022-12-21 13:55:09,2022-12-27 09:30:00,2022-12-21 13:57:11,2022-12-21 13:55:44
2022-12-21 13:55:44,2022-12-27 09:30:00,,
2022-12-21 13:56:27,2022-12-27 09:30:00,2022-12-21 13:57:11,2022-12-21 13:57:27
2022-12-21 14:02:49,2022-12-27 09:30:00,2022-12-21 14:08:32,2022-12-21 14:03:36
2022-12-21 14:03:36,2022-12-27 09:30:00,,
2022-12-21 14:54:37,2022-12-27 09:30:00,2022-12-21 14:55:13,2022-12-21 14:56:04
2022-12-21 14:55:13,2022-12-27 09:30:00,,
2022-12-21 14:55:40,2022-12-27 09:30:00,2022-12-21 14:56:56,2022-12-21 14:56:04
2022-12-21 14:56:56,2022-12-27 09:30:00,,
2022-12-21 15:11:16,2022-12-27 09:30:00,,
2022-12-21 15:11:52,2022-12-27 09:30:00,2022-12-21 15:12:06,2022-12-21 15:12:58
2022-12-21 15:12:06,2022-12-27 09:30:00,,
2022-12-21 15:15:14,2022-12-27 09:30:00,2022-12-21 15:16:58,2022-12-21 15:15:18
2022-12-21 15:19:32,2022-12-27 09:30:00,,
2022-12-21 15:27:15,2022-12-27 09:30:00,2022-12-21 15:27:31,2022-12-21 15:27:52
2022-12-21 15:34:30,2022-12-27 09:30:00,2022-12-21 15:34:49,2022-12-21 15:34:34
2022-12-21 15:34:34,2022-12-27 09:30:00,,
2022-12-21 15:41:30,2022-12-27 09:30:00,2022-12-21 15:41:48,2022-12-21 15:42:30
2022-12-21 15:55:54,2022-12-27 09:30:00,2022-12-21 15:56:23,2022-12-21 15:56:17
2022-12-21 15:56:26,2022-12-27 09:30:00,2022-12-21 15:56:50,2022-12-21 15:56:30
2022-12-21 15:56:50,2022-12-27 09:30:00,,
2022-12-21 15:59:03,2022-12-27 09:30:00,,
2022-12-22 11:19:13,2022-12-27 11:19:51,2022-12-22 11:19:42,2022-12-22 11:21:58
2022-12-22 13:08:39,2022-12-27 13:08:42,2022-12-22 13:09:33,2022-12-22 13:08:50
2022-12-22 13:09:33,2022-12-27 13:10:02,,
2022-12-22 13:17:04,2022-12-27 13:21:30,2022-12-22 13:18:14,2022-12-22 13:18:05
2022-12-22 13:18:05,2022-12-27 13:21:30,,
2022-12-22 13:41:54,2022-12-27 13:44:43,2022-12-22 13:45:01,2022-12-22 13:42:23
2022-12-22 13:42:23,2022-12-27 13:44:43,,
2022-12-22 13:42:25,2022-12-27 13:44:43,2022-12-22 13:45:01,2022-12-22 13:47:56
2022-12-22 13:54:57,2022-12-27 13:55:40,2022-12-22 13:55:17,2022-12-22 13:58:06
2022-12-22 14:32:04,2022-12-27 14:32:23,,
2022-12-22 15:03:41,2022-12-27 15:04:05,2022-12-22 15:04:23,2022-12-22 15:04:40
2022-12-22 15:11:09,2022-12-27 15:11:28,2022-12-22 15:12:37,2022-12-22 15:13:05
2022-12-22 15:59:00,2022-12-27 15:59:00,2022-12-22 15:59:01,2022-12-22 15:59:24
2022-12-22 15:59:01,2022-12-27 15:59:07,,
2022-12-23 10:08:27,2022-12-28 10:08:40,2022-12-23 10:10:07,2022-12-23 10:08:47
2022-12-23 10:54:38,2022-12-28 10:54:42,,
2022-12-23 11:12:32,2022-12-28 11:12:36,,
2022-12-23 11:14:12,2022-12-28 11:14:35,2022-12-23 11:14:55,2022-12-23 11:15:57
2022-12-23 11:14:55,2022-12-28 11:15:37,,
2022-12-23 11:42:43,2022-12-28 11:43:58,2022-12-23 11:45:39,2022-12-23 11:42:47
2022-12-23 11:42:47,2022-12-28 11:43:58,,
2022-12-23 11:45:18,2022-12-28 11:48:12,2022-12-23 11:45:39,2022-12-23 11:50:12
2022-12-23 13:22:46,2022-12-28 13:25:42,,
2022-12-23 13:31:41,2022-12-28 13:33:18,2022-12-23 13:34:32,2022-12-23 13:32:22
2022-12-23 13:32:22,2022-12-28 13:33:18,,
2022-12-23 14:33:28,2022-12-28 14:33:48,2022-12-23 14:36:58,2022-12-23 14:34:35
2022-12-23 14:34:35,2022-12-28 14:34:38,,
2022-12-23 14:58:38,2022-12-28 15:00:31,,
2022-12-23 15:26:06,2022-12-28 15:27:01,2022-12-23 15:26:17,2022-12-23 15:27:16
2022-12-23 15:31:37,2022-12-28 15:31:41,2022-12-23 15:33:14,2022-12-23 15:32:06
2022-12-23 15:32:06,2022-12-28 15:32:13,,
2022-12-23 15:58:05,2022-12-28 15:58:24,2022-12-23 15:58:21,2022-12-23 15:59:00
2022-12-23 15:59:54,2022-12-28 16:00:00,2022-12-27 09:30:00,2022-12-23 16:00:00
2022-12-23 16:00:00,2022-12-28 16:00:00,,
2022-12-27 10:39:12,2023-01-03 09:30:00,,
2022-12-27 10:49:21,2023-01-03 09:30:00,,
2022-12-27 13:26:36,2023-01-03 09:30:00,,
2022-12-27 14:39:47,2023-01-03 09:30:00,2022-12-27 14:40:37,2022-12-27 14:40:06
2022-12-27 14:55:00,2023-01-03 09:30:00,2022-12-27 14:55:53,2022-12-27 14:56:26
2022-12-27 15:12:56,2023-01-03 09:30:00,,
2022-12-27 15:24:56,2023-01-03 09:30:00,2022-12-27 15:25:59,2022-12-27 15:30:59
2022-12-27 15:58:03,2023-01-03 09:30:00,,
2022-12-28 10:55:50,2023-01-03 09:30:00,2022-12-28 10:58:07,2022-12-28 10:55:53
2022-12-28 11:26:55,2023-01-03 09:30:00,,
2022-12-28 11:28:59,2023-01-03 09:30:00,2022-12-28 11:32:08,2022-12-28 11:30:52
2022-12-28 12:47:34,2023-01-03 09:30:00,2022-12-28 12:50:07,2022-12-28 12:55:37
2022-12-28 12:50:07,2023-01-03 09:30:00,,
2022-12-28 13:36:56,2023-01-03 09:30:00,,
2022-12-28 13:44:20,2023-01-03 09:30:00,2022-12-28 13:45:27,2022-12-28 13:45:23
2022-12-28 13:45:23,2023-01-03 09:30:00,,
2022-12-28 14:27:35,2023-01-03 09:30:00,2022-12-28 14:28:45,2022-12-28 14:29:22
2022-12-28 14:28:45,2023-01-03 09:30:00,,
2022-12-28 15:14:54,2023-01-03 09:30:00,2022-12-28 15:17:34,2022-12-28 15:15:44
2022-12-28 15:17:34,2023-01-03 09:30:00,,
2022-12-28 15:43:58,2023-01-03 09:30:00,,
2022-12-28 15:57:36,2023-01-03 09:30:00,2022-12-28 15:57:57,2022-12-28 15:59:07
2022-12-29 09:32:51,2023-01-03 09:33:54,,
2022-12-29 10:35:10,2023-01-03 10:35:35,2022-12-29 10:38:58,2022-12-29 10:37:07
2022-12-29 10:37:07,2023-01-03 10:37:25,,
2022-12-29 11:10:04,2023-01-03 11:10:59,,
2022-12-29 11:13:17,2023-01-03 11:14:05,2022-12-29 11:18:32,2022-12-29 11:15:24
2022-12-29 11:23:20,2023-01-03 11:23:23,2022-12-29 11:27:17,2022-12-29 11:24:54
2022-12-29 11:58:09,2023-01-03 11:58:21,,
2022-12-29 11:58:29,2023-01-03 12:00:13,2022-12-29 12:04:34,2022-12-29 12:01:09
2022-12-29 13:16:45,2023-01-03 13:18:10,2022-12-29 13:16:55,2022-12-29 13:16:49
2022-12-29 13:17:36,2023-01-03 13:18:10,2022-12-29 13:18:07,2022-12-29 13:18:20
2022-12-29 13:18:07,2023-01-03 13:18:10,,
2022-12-29 13:45:22,2023-01-03 13:47:05,,
2022-12-29 14:00:08,2023-01-03 14:00:44,2022-12-29 14:00:23,2022-12-29 14:11:44
2022-12-29 14:00:23,2023-01-03 14:00:44,,
2022-12-29 14:32:54,2023-01-03 14:33:36,,
2022-12-29 14:35:19,2023-01-03 14:35:38,2022-12-29 14:35:44,2022-12-29 14:37:15
2022-12-29 14:35:44,2023-01-03 14:37:09,,
2022-12-29 14:37:36,2023-01-03 14:37:52,2022-12-29 14:38:01,2022-12-29 14:38:02
2022-12-29 14:38:01,2023-01-03 14:38:50,,
2022-12-29 14:40:18,2023-01-03 14:41:32,,
2022-12-30 10:04:04,2023-01-04 10:04:45,,
2022-12-30 10:26:07,2023-01-04 10:26:17,,
2022-12-30 11:11:51,2023-01-04 11:12:36,2022-12-30 11:12:36,2022-12-30 11:12:25
2022-12-30 11:12:36,2023-01-04 11:12:36,,
2022-12-30 11:15:50,2023-01-04 11:16:11,2022-12-30 11:16:14,2022-12-30 11:16:34
2022-12-30 11:19:35,2023-01-04 11:19:46,2022-12-30 11:20:32,2022-12-30 11:19:55
2022-12-30 11:19:55,2023-01-04 11:20:04,,
2022-12-30 11:32:28,2023-01-04 11:32:46,,
2022-12-30 12:49:34,2023-01-04 12:50:12,,
2022-12-30 13:36:48,2023-01-04 13:36:51,2022-12-30 13:38:03,2022-12-30 13:41:01
2022-12-30 13:38:03,2023-01-04 13:38:46,,
2022-12-30 15:48:06,2023-01-04 15:49:01,2022-12-30 15:49:09,2022-12-30 15:48:49
2022-12-30 15:48:49,2023-01-04 15:49:01,,
2023-01-03 09:34:02,2023-01-09 09:30:00,2023-01-03 09:35:34,2023-01-03 09:34:04
2023-01-03 09:34:04,2023-01-09 09:30:00,,
2023-01-03 10:03:11,2023-01-09 09:30:00,,
2023-01-03 10:04:12,2023-01-09 09:30:00,2023-01-03 10:04:46,2023-01-03 10:05:13
2023-01-03 10:04:46,2023-01-09 09:30:00,,
2023-01-03 10:05:26,2023-01-09 09:30:00,2023-01-03 10:05:29,2023-01-03 10:05:38
2023-01-03 10:05:29,2023-01-09 09:30:00,,
2023-01-03 10:05:54,2023-01-09 09:30:00,2023-01-03 10:05:59,2023-01-03 10:06:00
2023-01-03 10:05:59,2023-01-09 09:30:00,,
2023-01-03 11:19:20,2023-01-09 09:30:00,2023-01-03 11:20:21,2023-01-03 11:19:37
2023-01-03 11:19:37,2023-01-09 09:30:00,,
2023-01-03 13:11:26,2023-01-09 09:30:00,2023-01-03 13:11:45,2023-01-03 13:11:35
2023-01-03 13:13:41,2023-01-09 09:30:00,,
2023-01-03 13:14:44,2023-01-09 09:30:00,2023-01-03 13:15:07,2023-01-03 13:14:54
2023-01-03 13:32:21,2023-01-09 09:30:00,,
2023-01-03 14:04:29,2023-01-09 09:30:00,2023-01-03 14:05:02,2023-01-03 14:04:30
2023-01-03 14:04:30,2023-01-09 09:30:00,,
2023-01-03 14:09:36,2023-01-09 09:30:00,,
2023-01-03 14:35:38,2023-01-09 09:30:00,,
2023-01-03 15:00:50,2023-01-09 09:30:00,,
2023-01-03 15:14:47,2023-01-09 09:30:00,2023-01-03 15:16:22,2023-01-03 15:15:07
2023-01-03 15:15:07,2023-01-09 09:30:00,,
2023-01-03 15:16:48,2023-01-09 09:30:00,,
2023-01-03 15:37:07,2023-01-09 09:30:00,2023-01-03 15:38:33,2023-01-03 15:37:43
2023-01-03 15:53:01,2023-01-09 09:30:00,,
2023-01-04 11:10:20,2023-01-09 11:10:54,2023-01-04 11:12:36,2023-01-04 11:10:54
2023-01-04 11:10:54,2023-01-09 11:10:54,,
2023-01-04 11:11:35,2023-01-09 11:11:43,2023-01-04 11:12:36,2023-01-04 11:12:45
2023-01-04 11:26:31,2023-01-09 11:27:35,2023-01-04 11:27:51,2023-01-04 11:28:28
2023-01-04 11:41:48,2023-01-09 11:43:15,2023-01-04 11:45:20,2023-01-04 11:45:12
2023-01-04 11:45:12,2023-01-09 11:47:06,,
2023-01-04 12:59:31,2023-01-09 13:01:40,,
2023-01-04 15:50:41,2023-01-09 15:51:04,2023-01-04 15:52:44,2023-01-04 15:51:49
2023-01-04 15:59:02,2023-01-09 15:59:16,2023-01-04 15:59:37,2023-01-04 15:59:20
2023-01-04 15:59:20,2023-01-09 15:59:26,,
2023-01-05 09:38:25,2023-01-10 09:38:38,,
2023-01-05 09:42:19,2023-01-10 09:43:27,,
2023-01-05 09:49:00,2023-01-10 09:50:23,,
2023-01-05 10:08:19,2023-01-10 10:08:50,2023-01-05 10:09:01,2023-01-05 10:08:21
2023-01-05 10:08:21,2023-01-10 10:08:50,,
2023-01-05 10:13:15,2023-01-10 10:13:37,,
2023-01-05 11:33:18,2023-01-10 11:33:59,2023-01-05 11:33:20,2023-01-05 11:37:17
2023-01-05 11:37:17,2023-01-10 11:38:22,,
2023-01-05 12:19:05,2023-01-10 12:22:21,2023-01-05 12:21:19,2023-01-05 12:23:28
2023-01-05 12:24:11,2023-01-10 12:24:59,2023-01-05 12:28:34,2023-01-05 12:24:19
2023-01-05 12:24:19,2023-01-10 12:24:59,,
2023-01-05 13:08:23,2023-01-10 13:09:26,,
2023-01-05 13:28:22,2023-01-10 13:28:59,2023-01-05 13:28:47,2023-01-05 13:30:08
2023-01-05 14:22:25,2023-01-10 14:23:45,,
2023-01-05 15:29:16,2023-01-10 15:30:31,,
2023-01-05 15:33:57,2023-01-10 15:35:05,2023-01-05 15:34:10,2023-01-05 15:34:31
2023-01-05 15:34:10,2023-01-10 15:35:05,,
2023-01-05 15:40:45,2023-01-10 15:40:51,2023-01-05 15:42:10,2023-01-05 15:40:55
2023-01-05 15:46:53,2023-01-10 15:47:38,2023-01-05 15:46:59,2023-01-05 15:47:33
2023-01-05 15:48:46,2023-01-10 15:49:06,,
2023-01-05 15:49:07,2023-01-10 15:50:01,,
2023-01-05 15:51:02,2023-01-10 15:51:02,2023-01-05 15:51:16,2023-01-05 15:51:05
2023-01-05 15:51:44,2023-01-10 15:51:58,2023-01-05 15:51:54,2023-01-05 15:52:10
2023-01-05 15:51:54,2023-01-10 15:51:58,,
2023-01-05 15:54:21,2023-01-10 15:55:38,,
2023-01-06 09:29:59,2023-01-11 09:30:00,2023-01-06 09:30:11,2023-01-06 09:30:00
2023-01-06 09:30:00,2023-01-11 09:30:00,,
2023-01-06 09:32:15,2023-01-11 09:36:10,2023-01-06 09:32:29,2023-01-06 09:32:32
2023-01-06 10:00:00,2023-01-11 10:00:30,2023-01-06 10:00:38,2023-01-06 10:00:05
2023-01-06 10:00:05,2023-01-11 10:00:30,,
2023-01-06 10:08:07,2023-01-11 10:08:18,2023-01-06 10:08:09,2023-01-06 10:12:36
2023-01-06 10:08:09,2023-01-11 10:08:18,,
2023-01-06 10:45:20,2023-01-11 10:46:43,2023-01-06 10:47:56,2023-01-06 10:46:09
2023-01-06 10:46:09,2023-01-11 10:46:43,,
2023-01-06 11:53:46,2023-01-11 11:53:53,2023-01-06 11:53:53,2023-01-06 11:55:48
2023-01-06 11:53:53,2023-01-11 11:53:53,,
2023-01-06 12:22:10,2023-01-11 12:27:18,2023-01-06 12:25:08,2023-01-06 12:23:44
2023-01-06 13:08:09,2023-01-11 13:09:21,2023-01-06 13:12:12,2023-01-06 13:12:45
2023-01-06 13:12:12,2023-01-11 13:12:35,,
2023-01-06 13:31:54,2023-01-11 13:36:46,,
2023-01-06 13:38:03,2023-01-11 13:40:31,,
2023-01-06 14:13:15,2023-01-11 14:15:20,2023-01-06 14:19:02,2023-01-06 14:14:19
2023-01-06 14:14:19,2023-01-11 14:15:20,,
2023-01-06 15:01:32,2023-01-11 15:02:37,,
2023-01-06 15:10:31,2023-01-11 15:12:05,2023-01-06 15:12:02,2023-01-06 15:11:27
2023-01-06 15:11:27,2023-01-11 15:12:05,,
2023-01-06 15:42:29,2023-01-11 15:43:04,2023-01-06 15:42:41,2023-01-06 15:42:55
2023-01-06 15:42:41,2023-01-11 15:43:04,,
2023-01-06 15:44:11,2023-01-11 15:45:15,2023-01-06 15:45:53,2023-01-06 15:44:48
2023-01-06 15:56:11,2023-01-11 15:56:16,2023-01-06 15:56:32,2023-01-06 15:56:19
2023-01-06 15:58:49,2023-01-11 15:58:56,2023-01-06 15:58:54,2023-01-06 15:58:59
2023-01-06 15:58:54,2023-01-11 15:58:56,,
2023-01-09 09:53:06,2023-01-17 09:30:00,2023-01-09 09:54:31,2023-01-09 09:54:07
2023-01-09 09:54:07,2023-01-17 09:30:00,,
2023-01-09 12:00:35,2023-01-17 09:30:00,,
2023-01-09 13:52:47,2023-01-17 09:30:00,2023-01-09 13:54:55,2023-01-09 14:00:15
2023-01-09 13:54:55,2023-01-17 09:30:00,,
2023-01-09 13:56:10,2023-01-17 09:30:00,2023-01-09 14:03:15,2023-01-09 14:00:15
2023-01-09 14:20:44,2023-01-17 09:30:00,2023-01-09 14:21:32,2023-01-09 14:24:01
2023-01-09 14:21:32,2023-01-17 09:30:00,,
2023-01-09 14:21:59,2023-01-17 09:30:00,2023-01-09 14:26:29,2023-01-09 14:24:01
2023-01-09 15:46:06,2023-01-17 09:30:00,2023-01-09 15:46:15,2023-01-09 15:47:05
2023-01-10 11:30:30,2023-01-17 09:30:00,,
2023-01-10 14:18:04,2023-01-17 09:30:00,2023-01-10 14:24:48,2023-01-10 14:23:45
2023-01-10 14:23:45,2023-01-17 09:30:00,,
2023-01-10 15:58:10,2023-01-17 09:30:00,2023-01-10 15:58:20,2023-01-10 15:58:37
2023-01-11 10:08:50,2023-01-17 09:30:00,2023-01-11 10:11:11,2023-01-11 10:13:54
2023-01-11 10:41:12,2023-01-17 09:30:00,,
2023-01-11 10:54:44,2023-01-17 09:30:00,2023-01-11 10:54:54,2023-01-11 10:58:49
2023-01-11 10:54:54,2023-01-17 09:30:00,,
2023-01-11 13:06:45,2023-01-17 09:30:00,2023-01-11 13:14:29,2023-01-11 13:09:21
2023-01-11 13:09:21,2023-01-17 09:30:00,,
2023-01-11 14:01:42,2023-01-17 09:30:00,2023-01-11 14:02:00,2023-01-11 14:02:25
2023-01-11 14:02:00,2023-01-17 09:30:00,,
2023-01-11 14:44:34,2023-01-17 09:30:00,2023-01-11 14:46:39,2023-01-11 14:49:01
2023-01-11 14:46:39,2023-01-17 09:30:00,,
2023-01-11 15:38:36,2023-01-17 09:30:00,,
2023-01-11 15:43:04,2023-01-17 09:30:00,2023-01-11 15:45:15,2023-01-11 15:50:39
2023-01-11 15:45:15,2023-01-17 09:30:00,,
2023-01-11 15:59:46,2023-01-17 09:30:00,2023-01-11 15:59:54,2023-01-11 15:59:49
2023-01-11 15:59:49,2023-01-17 09:30:00,,
2023-01-12 09:51:29,2023-01-17 09:53:04,,
2023-01-12 09:56:23,2023-01-17 09:56:37,2023-01-12 09:57:43,2023-01-12 10:00:05
2023-01-12 09:57:43,2023-01-17 10:00:12,,
2023-01-12 15:26:19,2023-01-17 15:26:23,2023-01-12 15:28:31,2023-01-12 15:26:55
2023-01-12 15:55:36,2023-01-17 15:55:36,2023-01-12 15:55:48,2023-01-12 15:55:42
2023-01-12 15:59:38,2023-01-17 15:59:39,2023-01-12 15:59:48,2023-01-12 15:59:51
2023-01-13 09:49:25,2023-01-18 09:49:55,2023-01-13 09:51:33,2023-01-13 09:51:05
2023-01-13 14:54:09,2023-01-18 14:56:19,,
2023-01-13 15:23:40,2023-01-18 15:24:14,,
2023-01-13 15:48:16,2023-01-18 15:48:30,2023-01-13 15:48:42,2023-01-13 15:49:12
2023-01-13 15:48:42,2023-01-18 15:49:04,,
2023-01-17 10:17:58,2023-01-23 09:30:00,,
2023-01-17 11:24:42,2023-01-23 09:30:00,2023-01-17 11:27:07,2023-01-17 11:26:03
2023-01-17 11:31:00,2023-01-23 09:30:00,2023-01-17 11:31:04,2023-01-17 11:35:18
2023-01-17 11:31:04,2023-01-23 09:30:00,,
2023-01-17 12:13:31,2023-01-23 09:30:00,2023-01-17 12:15:23,2023-01-17 12:15:16
2023-01-17 12:19:57,2023-01-23 09:30:00,,
2023-01-17 12:24:32,2023-01-23 09:30:00,,
2023-01-17 12:27:26,2023-01-23 09:30:00,2023-01-17 12:28:00,2023-01-17 12:28:17
2023-01-17 12:28:00,2023-01-23 09:30:00,,
2023-01-17 12:28:13,2023-01-23 09:30:00,2023-01-17 12:28:18,2023-01-17 12:28:17
2023-01-17 12:31:00,2023-01-23 09:30:00,,
2023-01-17 12:55:19,2023-01-23 09:30:00,,
2023-01-17 14:02:51,2023-01-23 09:30:00,,
2023-01-17 14:12:32,2023-01-23 09:30:00,,
2023-01-17 14:18:08,2023-01-23 09:30:00,,
2023-01-17 14:47:42,2023-01-23 09:30:00,,
2023-01-17 14:50:27,2023-01-23 09:30:00,2023-01-17 14:51:52,2023-01-17 14:53:39
2023-01-17 14:51:52,2023-01-23 09:30:00,,
2023-01-17 15:08:01,2023-01-23 09:30:00,,
2023-01-17 15:16:51,2023-01-23 09:30:00,,
2023-01-17 15:16:52,2023-01-23 09:30:00,2023-01-17 15:17:38,2023-01-17 15:19:18
2023-01-17 15:17:38,2023-01-23 09:30:00,,
2023-01-17 15:18:19,2023-01-23 09:30:00,2023-01-17 15:18:41,2023-01-17 15:19:18
2023-01-17 15:18:41,2023-01-23 09:30:00,,
2023-01-17 15:30:44,2023-01-23 09:30:00,2023-01-17 15:31:53,2023-01-17 15:30:53
2023-01-17 15:42:32,2023-01-23 09:30:00,,
2023-01-17 15:43:24,2023-01-23 09:30:00,2023-01-17 15:43:28,2023-01-17 15:43:29
2023-01-17 15:43:31,2023-01-23 09:30:00,2023-01-17 15:44:30,2023-01-17 15:46:09
2023-01-17 15:55:36,2023-01-23 09:30:00,2023-01-17 15:56:06,2023-01-17 15:55:37
2023-01-17 15:57:02,2023-01-23 09:30:00,,
2023-01-17 15:57:51,2023-01-23 09:30:00,,
2023-01-17 15:58:23,2023-01-23 09:30:00,2023-01-17 15:58:34,2023-01-17 15:58:27
2023-01-17 15:58:27,2023-01-23 09:30:00,,
2023-01-17 16:00:00,2023-01-23 09:30:00,,
2023-01-18 10:43:09,2023-01-23 10:45:04,,
2023-01-18 11:04:30,2023-01-23 11:04:32,2023-01-18 11:07:43,2023-01-18 11:06:26
2023-01-18 11:46:53,2023-01-23 11:47:31,2023-01-18 11:47:23,2023-01-18 11:47:09
2023-01-18 11:48:39,2023-01-23 11:49:08,2023-01-18 11:48:51,2023-01-18 11:49:00
2023-01-18 11:48:51,2023-01-23 11:49:08,,
2023-01-18 12:40:11,2023-01-23 12:41:16,2023-01-18 12:43:16,2023-01-18 12:42:03
2023-01-18 12:42:03,2023-01-23 12:43:02,,
2023-01-18 13:51:41,2023-01-23 13:52:40,2023-01-18 13:57:12,2023-01-18 13:54:02
2023-01-18 13:54:02,2023-01-23 13:55:26,,
2023-01-18 15:50:28,2023-01-23 15:51:18,2023-01-18 15:51:02,2023-01-18 15:52:04
2023-01-18 15:51:02,2023-01-23 15:51:18,,
2023-01-18 15:51:27,2023-01-23 15:51:40,2023-01-18 15:52:20,2023-01-18 15:52:04
2023-01-18 15:52:36,2023-01-23 15:52:42,2023-01-18 15:52:42,2023-01-18 15:53:16
2023-01-18 15:52:42,2023-01-23 15:52:42,,
2023-01-18 15:54:20,2023-01-23 15:54:21,,
2023-01-18 15:58:03,2023-01-23 15:58:03,2023-01-18 15:58:34,2023-01-18 15:58:42
2023-01-18 15:58:42,2023-01-23 15:58:43,,
2023-01-19 10:59:14,2023-01-24 11:00:00,,
2023-01-19 11:24:14,2023-01-24 11:24:45,,
2023-01-19 11:25:34,2023-01-24 11:26:02,2023-01-19 11:29:02,2023-01-19 11:28:22
2023-01-19 11:28:22,2023-01-24 11:28:40,,
2023-01-19 12:14:45,2023-01-24 12:15:03,,
2023-01-19 15:27:04,2023-01-24 15:27:18,,
2023-01-19 15:33:07,2023-01-24 15:33:18,2023-01-19 15:34:03,2023-01-19 15:37:20
2023-01-19 15:34:03,2023-01-24 15:35:03,,
2023-01-19 15:46:51,2023-01-24 15:47:07,,
2023-01-19 15:47:56,2023-01-24 15:48:24,2023-01-19 15:48:10,2023-01-19 15:48:03
2023-01-19 15:50:27,2023-01-24 15:50:30,,
2023-01-19 15:56:41,2023-01-24 15:56:59,,
2023-01-20 09:30:00,2023-01-25 09:30:00,2023-01-20 09:32:23,2023-01-20 09:32:54
2023-01-20 09:32:23,2023-01-25 09:33:51,,
2023-01-20 13:03:24,2023-01-25 13:04:36,2023-01-20 13:08:43,2023-01-20 13:07:44
2023-01-20 13:07:44,2023-01-25 13:08:03,,
2023-01-20 13:13:33,2023-01-25 13:14:25,,
2023-01-20 13:37:18,2023-01-25 13:39:05,,
2023-01-20 15:00:01,2023-01-25 15:01:15,,
2023-01-20 15:18:49,2023-01-25 15:19:01,2023-01-20 15:19:36,2023-01-20 15:19:33
2023-01-20 15:19:33,2023-01-25 15:20:09,,
2023-01-20 15:46:19,2023-01-25 15:46:19,,
2023-01-20 15:47:47,2023-01-25 15:47:47,2023-01-20 15:49:08,2023-01-20 15:48:38
2023-01-20 15:49:53,2023-01-25 15:50:00,2023-01-20 15:50:01,2023-01-20 15:50:03
2023-01-20 15:50:01,2023-01-25 15:50:03,,
2023-01-20 15:52:24,2023-01-25 15:52:26,2023-01-20 15:52:29,2023-01-20 15:53:14
2023-01-20 15:52:29,2023-01-25 15:52:30,,
2023-01-20 15:53:16,2023-01-25 15:53:18,2023-01-20 15:53:17,2023-01-20 15:53:18
2023-01-20 15:53:17,2023-01-25 15:53:18,,
2023-01-20 15:53:48,2023-01-25 15:53:53,2023-01-20 15:54:09,2023-01-20 15:54:01
2023-01-23 10:37:20,2023-01-30 09:30:00,2023-01-23 10:39:04,2023-01-23 10:37:26
2023-01-23 10:37:26,2023-01-30 09:30:00,,
2023-01-23 10:38:23,2023-01-30 09:30:00,2023-01-23 10:39:04,2023-01-23 10:40:01
2023-01-23 11:12:17,2023-01-30 09:30:00,,
2023-01-23 12:11:40,2023-01-30 09:30:00,,
2023-01-23 12:32:11,2023-01-30 09:30:00,2023-01-23 12:33:50,2023-01-23 12:35:36
2023-01-23 12:33:50,2023-01-30 09:30:00,,
2023-01-23 13:19:38,2023-01-30 09:30:00,2023-01-23 13:20:08,2023-01-23 13:20:21
2023-01-23 13:20:08,2023-01-30 09:30:00,,
2023-01-23 13:26:15,2023-01-30 09:30:00,,
2023-01-23 15:59:32,2023-01-30 09:30:00,,
2023-01-23 15:59:49,2023-01-30 09:30:00,2023-01-23 15:59:52,2023-01-23 15:59:54
2023-01-24 10:03:05,2023-01-30 09:30:00,,
2023-01-24 10:14:17,2023-01-30 09:30:00,2023-01-24 10:14:27,2023-01-24 10:14:38
2023-01-24 10:21:21,2023-01-30 09:30:00,,
2023-01-24 10:31:37,2023-01-30 09:30:00,2023-01-24 10:39:09,2023-01-24 10:34:06
2023-01-24 10:34:06,2023-01-30 09:30:00,,
2023-01-24 11:24:45,2023-01-30 09:30:00,,
2023-01-24 13:33:21,2023-01-30 09:30:00,2023-01-24 13:36:17,2023-01-24 13:33:29
2023-01-24 13:33:29,2023-01-30 09:30:00,,
2023-01-24 14:42:53,2023-01-30 09:30:00,,
2023-01-24 15:49:13,2023-01-30 09:30:00,2023-01-24 15:49:16,2023-01-24 15:49:43
2023-01-24 15:49:16,2023-01-30 09:30:00,,
2023-01-24 15:50:00,2023-01-30 09:30:00,2023-01-24 15:50:06,2023-01-24 15:51:14
2023-01-24 15:50:06,2023-01-30 09:30:00,,
2023-01-24 15:54:36,2023-01-30 09:30:00,,
2023-01-24 15:55:10,2023-01-30 09:30:00,2023-01-24 15:55:17,2023-01-24 15:55:30
2023-01-24 15:55:17,2023-01-30 09:30:00,,
2023-01-24 15:58:29,2023-01-30 09:30:00,2023-01-24 15:59:05,2023-01-24 15:58:32
2023-01-24 15:58:32,2023-01-30 09:30:00,,
2023-01-24 15:59:22,2023-01-30 09:30:00,,
2023-01-25 09:31:53,2023-01-30 09:32:01,2023-01-25 09:34:19,2023-01-25 09:33:51
2023-01-25 10:03:45,2023-01-30 10:05:05,2023-01-25 10:08:04,2023-01-25 10:04:44
2023-01-25 10:04:44,2023-01-30 10:05:05,,
2023-01-25 10:05:33,2023-01-30 10:06:31,2023-01-25 10:08:04,2023-01-25 10:06:11
2023-01-25 10:06:11,2023-01-30 10:06:31,,
2023-01-25 10:15:04,2023-01-30 10:17:03,,
2023-01-25 12:08:14,2023-01-30 12:09:03,,
2023-01-25 13:10:20,2023-01-30 13:13:27,2023-01-25 13:13:08,2023-01-25 13:11:18
2023-01-25 13:11:18,2023-01-30 13:13:27,,
2023-01-25 13:32:18,2023-01-30 13:32:37,2023-01-25 13:34:02,2023-01-25 13:39:05
2023-01-25 14:11:49,2023-01-30 14:13:02,2023-01-25 14:12:49,2023-01-25 14:12:16
2023-01-25 14:12:16,2023-01-30 14:13:02,,
2023-01-25 14:18:05,2023-01-30 14:18:21,,
2023-01-25 15:09:42,2023-01-30 15:09:51,2023-01-25 15:10:08,2023-01-25 15:10:10
2023-01-25 15:10:26,2023-01-30 15:10:34,2023-01-25 15:10:40,2023-01-25 15:11:09
2023-01-25 15:49:43,2023-01-30 15:50:00,2023-01-25 15:50:00,2023-01-25 15:50:03
2023-01-25 15:50:00,2023-01-30 15:50:00,,
2023-01-25 15:50:55,2023-01-30 15:51:00,,
2023-01-25 15:54:10,2023-01-30 15:54:29,2023-01-25 15:54:30,2023-01-25 15:54:35
2023-01-25 15:55:44,2023-01-30 15:55:47,2023-01-25 15:56:20,2023-01-25 15:56:12
2023-01-25 15:56:12,2023-01-30 15:56:23,,
2023-01-25 15:57:48,2023-01-30 15:57:52,2023-01-25 15:58:01,2023-01-25 15:57:50
2023-01-25 15:57:50,2023-01-30 15:57:52,,
2023-01-26 14:55:21,2023-01-31 14:56:10,2023-01-26 14:56:19,2023-01-26 15:03:54
2023-01-26 14:56:19,2023-01-31 14:57:19,,
2023-01-26 15:02:43,2023-01-31 15:02:46,2023-01-26 15:04:02,2023-01-26 15:03:54
2023-01-26 15:27:59,2023-01-31 15:28:41,2023-01-26 15:30:30,2023-01-26 15:28:36
2023-01-26 15:28:36,2023-01-31 15:28:41,,
2023-01-26 15:40:03,2023-01-31 15:42:01,,
2023-01-26 15:51:56,2023-01-31 15:52:07,2023-01-26 15:52:21,2023-01-26 15:53:35
2023-01-26 15:52:21,2023-01-31 15:52:32,,
2023-01-26 15:52:57,2023-01-31 15:53:14,2023-01-26 15:53:35,2023-01-26 15:55:27
2023-01-26 15:58:59,2023-01-31 15:59:09,,
2023-01-26 15:59:34,2023-01-31 15:59:36,2023-01-26 15:59:40,2023-01-26 15:59:41
2023-01-27 12:38:24,2023-02-01 12:39:14,2023-01-27 12:40:43,2023-01-27 12:39:41
2023-01-27 12:39:41,2023-02-01 12:40:01,,
2023-01-27 13:01:42,2023-02-01 13:02:15,2023-01-27 13:02:35,2023-01-27 13:13:41
2023-01-27 14:20:18,2023-02-01 14:21:59,2023-01-27 14:23:37,2023-01-27 14:21:05
2023-01-27 14:21:05,2023-02-01 14:21:59,,
2023-01-27 15:03:40,2023-02-01 15:04:46,2023-01-27 15:04:59,2023-01-27 15:05:32
2023-01-27 15:25:16,2023-02-01 15:26:01,2023-01-27 15:30:28,2023-01-27 15:26:06
2023-01-27 15:33:47,2023-02-01 15:34:05,2023-01-27 15:33:53,2023-01-27 15:33:56
2023-01-27 15:33:53,2023-02-01 15:34:05,,
2023-01-27 15:36:51,2023-02-01 15:36:55,,
2023-01-27 15:58:08,2023-02-01 15:58:10,2023-01-27 15:58:10,2023-01-27 15:58:47
2023-01-27 15:58:10,2023-02-01 15:58:10,,
2023-01-27 15:58:13,2023-02-01 15:58:24,2023-01-27 15:58:14,2023-01-27 15:58:47
2023-01-27 15:58:14,2023-02-01 15:58:24,,
2023-01-27 15:58:15,2023-02-01 15:58:24,2023-01-27 15:58:19,2023-01-27 15:58:47
2023-01-27 15:58:19,2023-02-01 15:58:24,,
2023-01-30 09:47:29,2023-02-06 09:30:00,2023-01-30 09:48:01,2023-01-30 09:47:41
2023-01-30 12:20:50,2023-02-06 09:30:00,,
2023-01-30 15:00:43,2023-02-06 09:30:00,2023-01-30 15:03:03,2023-01-30 15:01:05
2023-01-30 15:25:34,2023-02-06 09:30:00,2023-01-30 15:26:05,2023-01-30 15:26:06
2023-01-30 15:26:05,2023-02-06 09:30:00,,
2023-01-30 15:36:11,2023-02-06 09:30:00,,
2023-01-30 15:58:55,2023-02-06 09:30:00,2023-01-30 15:59:11,2023-01-30 15:59:05
2023-01-31 11:28:44,2023-02-06 09:30:00,2023-01-31 11:33:49,2023-01-31 11:28:51
2023-01-31 11:28:51,2023-02-06 09:30:00,,
2023-01-31 14:04:39,2023-02-06 09:30:00,2023-01-31 14:06:46,2023-01-31 14:05:06
2023-01-31 14:05:06,2023-02-06 09:30:00,,
2023-01-31 15:17:16,2023-02-06 09:30:00,,
2023-01-31 15:28:41,2023-02-06 09:30:00,2023-01-31 15:29:31,2023-01-31 15:29:57
2023-01-31 15:29:31,2023-02-06 09:30:00,,
2023-01-31 15:48:08,2023-02-06 09:30:00,2023-01-31 15:48:26,2023-01-31 15:48:40
2023-01-31 15:48:26,2023-02-06 09:30:00,,
2023-01-31 15:48:34,2023-02-06 09:30:00,2023-01-31 15:48:44,2023-01-31 15:48:40
2023-01-31 15:50:02,2023-02-06 09:30:00,,
2023-02-01 11:13:24,2023-02-06 11:13:47,2023-02-01 11:14:51,2023-02-01 11:14:18
2023-02-01 12:39:14,2023-02-06 12:39:35,2023-02-01 12:39:20,2023-02-01 12:39:17
2023-02-01 12:39:17,2023-02-06 12:39:35,,
2023-02-01 12:43:45,2023-02-06 12:44:46,,
2023-02-02 10:08:20,2023-02-07 10:09:59,,
2023-02-02 10:23:19,2023-02-07 10:23:57,,
2023-02-02 11:31:35,2023-02-07 11:32:33,2023-02-02 11:33:09,2023-02-02 11:31:37
2023-02-02 11:38:29,2023-02-07 11:38:59,,
2023-02-02 13:37:00,2023-02-07 13:37:03,2023-02-02 13:38:45,2023-02-02 13:40:06
2023-02-02 13:38:45,2023-02-07 13:40:53,,
2023-02-02 13:47:01,2023-02-07 13:47:20,2023-02-02 13:47:41,2023-02-02 13:49:27
2023-02-02 13:47:41,2023-02-07 13:48:48,,
2023-02-02 14:18:43,2023-02-07 14:18:57,,
2023-02-02 15:03:00,2023-02-07 15:04:10,2023-02-02 15:04:12,2023-02-02 15:03:29
2023-02-02 15:10:11,2023-02-07 15:10:45,,
2023-02-02 15:19:33,2023-02-07 15:21:12,2023-02-02 15:19:54,2023-02-02 15:19:40
2023-02-02 15:19:40,2023-02-07 15:21:12,,
2023-02-02 15:22:19,2023-02-07 15:22:37,2023-02-02 15:25:15,2023-02-02 15:23:22
2023-02-02 15:23:22,2023-02-07 15:23:49,,
2023-02-02 15:42:19,2023-02-07 15:42:47,,
2023-02-02 15:54:38,2023-02-07 15:54:40,2023-02-02 15:58:14,2023-02-02 15:56:00
2023-02-02 15:56:00,2023-02-07 15:56:02,,
2023-02-02 15:59:45,2023-02-07 15:59:53,2023-02-02 15:59:59,2023-02-02 15:59:47
2023-02-02 15:59:47,2023-02-07 15:59:53,,
2023-02-03 09:52:32,2023-02-08 09:52:34,2023-02-03 09:52:52,2023-02-03 09:52:38
2023-02-03 13:36:48,2023-02-08 13:37:16,2023-02-03 13:37:47,2023-02-03 13:41:19
2023-02-03 13:37:47,2023-02-08 13:39:12,,
2023-02-03 14:30:34,2023-02-08 14:31:55,2023-02-03 14:30:49,2023-02-03 14:31:47
2023-02-03 14:48:38,2023-02-08 14:49:13,2023-02-03 14:52:09,2023-02-03 14:49:58
2023-02-03 14:49:58,2023-02-08 14:53:15,,
2023-02-03 15:42:54,2023-02-08 15:43:04,2023-02-03 15:44:54,2023-02-03 15:43:33
2023-02-03 15:45:22,2023-02-08 15:45:31,,
2023-02-03 15:55:58,2023-02-08 15:56:18,2023-02-03 15:56:08,2023-02-03 15:56:20
2023-02-06 09:57:20,2023-02-13 09:30:00,2023-02-06 09:58:14,2023-02-06 09:57:59
2023-02-06 10:30:09,2023-02-13 09:30:00,2023-02-06 10:30:59,2023-02-06 10:30:33
2023-02-06 10:47:11,2023-02-13 09:30:00,,
2023-02-06 10:49:09,2023-02-13 09:30:00,2023-02-06 10:49:30,2023-02-06 10:51:19
2023-02-06 10:52:46,2023-02-13 09:30:00,2023-02-06 10:54:39,2023-02-06 10:52:57
2023-02-06 10:52:57,2023-02-13 09:30:00,,
2023-02-06 11:25:10,2023-02-13 09:30:00,2023-02-06 11:37:44,2023-02-06 11:28:37
2023-02-06 11:28:37,2023-02-13 09:30:00,,
2023-02-06 12:37:43,2023-02-13 09:30:00,2023-02-06 12:41:15,2023-02-06 12:38:12
2023-02-06 12:38:12,2023-02-13 09:30:00,,
2023-02-06 12:56:40,2023-02-13 09:30:00,,
2023-02-06 13:46:44,2023-02-13 09:30:00,2023-02-06 13:47:53,2023-02-06 13:48:59
2023-02-06 14:51:53,2023-02-13 09:30:00,,
2023-02-06 15:05:48,2023-02-13 09:30:00,2023-02-06 15:08:25,2023-02-06 15:06:11
2023-02-07 09:56:48,2023-02-13 09:30:00,,
2023-02-07 10:29:52,2023-02-13 09:30:00,2023-02-07 10:30:16,2023-02-07 10:30:45
2023-02-07 10:30:16,2023-02-13 09:30:00,,
2023-02-07 10:33:56,2023-02-13 09:30:00,2023-02-07 10:35:06,2023-02-07 10:35:38
2023-02-07 11:26:00,2023-02-13 09:30:00,2023-02-07 11:36:10,2023-02-07 11:32:33
2023-02-07 11:32:33,2023-02-13 09:30:00,,
2023-02-07 11:54:04,2023-02-13 09:30:00,2023-02-07 11:54:21,2023-02-07 11:55:06
2023-02-07 13:41:50,2023-02-13 09:30:00,2023-02-07 13:42:48,2023-02-07 13:44:22
2023-02-07 13:42:48,2023-02-13 09:30:00,,
2023-02-07 15:25:00,2023-02-13 09:30:00,,
2023-02-07 15:45:06,2023-02-13 09:30:00,2023-02-07 15:45:09,2023-02-07 15:45:32
2023-02-08 09:59:16,2023-02-13 10:00:52,2023-02-08 09:59:36,2023-02-08 10:00:09
2023-02-08 09:59:36,2023-02-13 10:00:52,,
2023-02-08 10:08:41,2023-02-13 10:09:04,2023-02-08 10:08:46,2023-02-08 10:09:32
2023-02-08 12:17:30,2023-02-13 12:18:49,,
2023-02-08 13:06:54,2023-02-13 13:08:54,2023-02-08 13:17:24,2023-02-08 13:07:22
2023-02-08 13:07:22,2023-02-13 13:08:54,,
2023-02-08 15:25:23,2023-02-13 15:26:53,2023-02-08 15:29:25,2023-02-08 15:28:02
2023-02-08 15:36:44,2023-02-13 15:36:48,,
2023-02-08 15:59:21,2023-02-13 15:59:21,,
2023-02-09 10:06:36,2023-02-14 10:07:52,2023-02-09 10:06:51,2023-02-09 10:07:12
2023-02-09 10:12:06,2023-02-14 10:12:39,2023-02-09 10:13:10,2023-02-09 10:12:29
2023-02-09 10:12:29,2023-02-14 10:12:39,,
2023-02-09 12:12:53,2023-02-14 12:13:56,2023-02-09 12:13:05,2023-02-09 12:16:31
2023-02-09 12:13:05,2023-02-14 12:13:56,,
2023-02-09 15:29:40,2023-02-14 15:30:01,,
2023-02-09 15:59:01,2023-02-14 15:59:21,2023-02-09 15:59:23,2023-02-09 15:59:10
2023-02-09 15:59:10,2023-02-14 15:59:21,,
2023-02-10 15:51:50,2023-02-15 15:52:49,2023-02-10 15:52:44,2023-02-10 15:52:01
2023-02-10 15:52:01,2023-02-15 15:52:49,,
2023-02-10 15:53:56,2023-02-15 15:54:00,2023-02-10 15:54:14,2023-02-10 15:54:01
2023-02-10 15:54:01,2023-02-15 15:55:06,,
2023-02-10 15:57:41,2023-02-15 15:58:03,2023-02-10 15:57:46,2023-02-10 15:57:57
2023-02-10 15:57:46,2023-02-15 15:58:03,,
2023-02-10 15:58:00,2023-02-15 15:58:03,2023-02-10 15:58:26,2023-02-10 15:58:05
2023-02-10 15:58:05,2023-02-15 15:58:27,,
2023-02-10 15:58:10,2023-02-15 15:58:27,2023-02-10 15:58:20,2023-02-10 15:58:26
2023-02-10 15:58:20,2023-02-15 15:58:27,,
2023-02-10 15:59:00,2023-02-15 15:59:00,2023-02-10 15:59:06,2023-02-10 15:59:08
2023-02-10 15:59:06,2023-02-15 15:59:10,,
2023-02-10 15:59:34,2023-02-15 15:59:38,,
2023-02-13 10:03:20,2023-02-21 09:30:00,2023-02-13 10:03:59,2023-02-13 10:05:34
2023-02-13 11:01:12,2023-02-21 09:30:00,2023-02-13 11:01:31,2023-02-13 11:02:45
2023-02-13 11:14:39,2023-02-21 09:30:00,,
2023-02-13 13:31:20,2023-02-21 09:30:00,2023-02-13 13:31:36,2023-02-13 13:31:46
2023-02-13 13:31:36,2023-02-21 09:30:00,,
2023-02-13 13:31:45,2023-02-21 09:30:00,2023-02-13 13:33:48,2023-02-13 13:31:46
2023-02-13 13:47:40,2023-02-21 09:30:00,2023-02-13 13:47:54,2023-02-13 13:47:49
2023-02-13 13:47:49,2023-02-21 09:30:00,,
2023-02-13 13:49:07,2023-02-21 09:30:00,,
2023-02-13 13:58:06,2023-02-21 09:30:00,2023-02-13 13:58:58,2023-02-13 13:59:59
2023-02-13 13:58:58,2023-02-21 09:30:00,,
2023-02-13 14:01:48,2023-02-21 09:30:00,2023-02-13 14:02:50,2023-02-13 14:07:50
2023-02-13 14:16:50,2023-02-21 09:30:00,2023-02-13 14:17:30,2023-02-13 14:17:04
2023-02-13 14:20:08,2023-02-21 09:30:00,2023-02-13 14:21:59,2023-02-13 14:20:53
2023-02-13 14:32:34,2023-02-21 09:30:00,2023-02-13 14:34:59,2023-02-13 14:33:41
2023-02-13 15:10:00,2023-02-21 09:30:00,,
2023-02-13 15:11:26,2023-02-21 09:30:00,2023-02-13 15:12:12,2023-02-13 15:12:20
2023-02-13 15:40:35,2023-02-21 09:30:00,,
2023-02-13 15:42:00,2023-02-21 09:30:00,2023-02-13 15:42:39,2023-02-13 15:42:54
2023-02-13 15:47:58,2023-02-21 09:30:00,2023-02-13 15:48:10,2023-02-13 15:48:12
2023-02-13 15:48:10,2023-02-21 09:30:00,,
2023-02-13 15:52:37,2023-02-21 09:30:00,,
2023-02-13 15:57:09,2023-02-21 09:30:00,,
2023-02-13 15:58:22,2023-02-21 09:30:00,2023-02-13 15:58:31,2023-02-13 15:58:46
2023-02-13 15:58:46,2023-02-21 09:30:00,,
2023-02-14 10:30:25,2023-02-21 09:30:00,,
2023-02-14 13:39:02,2023-02-21 09:30:00,2023-02-14 13:41:53,2023-02-14 13:39:03
2023-02-14 13:39:03,2023-02-21 09:30:00,,
2023-02-14 14:15:39,2023-02-21 09:30:00,2023-02-14 14:21:08,2023-02-14 14:15:42
2023-02-14 14:15:42,2023-02-21 09:30:00,,
2023-02-14 15:51:50,2023-02-21 09:30:00,,
2023-02-15 09:30:00,2023-02-21 09:30:00,,
2023-02-15 10:17:23,2023-02-21 09:30:00,2023-02-15 10:17:48,2023-02-15 10:18:50
2023-02-15 10:17:48,2023-02-21 09:30:00,,
2023-02-15 10:32:26,2023-02-21 09:30:00,,
2023-02-15 11:14:17,2023-02-21 09:30:00,,
2023-02-15 15:31:56,2023-02-21 09:30:00,2023-02-15 15:33:08,2023-02-15 15:34:14
2023-02-15 15:33:08,2023-02-21 09:30:00,,
2023-02-15 15:37:13,2023-02-21 09:30:00,2023-02-15 15:41:20,2023-02-15 15:38:26
2023-02-15 15:59:45,2023-02-21 09:30:00,2023-02-15 15:59:52,2023-02-15 15:59:51
2023-02-15 15:59:51,2023-02-21 09:30:00,,
2023-02-16 10:04:13,2023-02-21 10:04:28,2023-02-16 10:06:34,2023-02-16 10:09:41
2023-02-16 10:06:34,2023-02-21 10:07:04,,
2023-02-16 10:21:10,2023-02-21 10:22:18,2023-02-16 10:23:24,2023-02-16 10:28:41
2023-02-16 10:23:24,2023-02-21 10:24:25,,
2023-02-16 12:24:28,2023-02-21 12:28:51,2023-02-16 12:29:34,2023-02-16 12:24:32
2023-02-16 12:24:32,2023-02-21 12:28:51,,
2023-02-16 14:43:15,2023-02-21 14:44:17,,
2023-02-16 14:55:55,2023-02-21 14:56:50,2023-02-16 14:57:30,2023-02-16 14:58:04
2023-02-16 14:57:30,2023-02-21 14:57:58,,
2023-02-16 15:00:20,2023-02-21 15:00:36,,
2023-02-16 15:18:41,2023-02-21 15:18:45,2023-02-16 15:19:55,2023-02-16 15:18:49
2023-02-16 15:53:21,2023-02-21 15:54:05,2023-02-16 15:53:32,2023-02-16 15:53:47
2023-02-17 10:49:24,2023-02-22 10:49:38,,
2023-02-17 11:46:29,2023-02-22 11:47:32,2023-02-17 11:47:00,2023-02-17 11:49:22
2023-02-17 11:47:00,2023-02-22 11:47:32,,
2023-02-17 12:56:09,2023-02-22 12:56:30,,
2023-02-17 13:00:14,2023-02-22 13:01:39,2023-02-17 13:01:29,2023-02-17 13:01:21
2023-02-17 13:04:27,2023-02-22 13:05:58,,
2023-02-17 14:00:27,2023-02-22 14:00:34,2023-02-17 14:00:36,2023-02-17 14:00:55
2023-02-17 15:04:04,2023-02-22 15:04:35,2023-02-17 15:04:32,2023-02-17 15:04:27
2023-02-17 15:04:27,2023-02-22 15:04:35,,
2023-02-17 15:05:34,2023-02-22 15:06:07,2023-02-17 15:05:58,2023-02-17 15:08:02
2023-02-21 11:21:27,2023-02-27 09:30:00,,
2023-02-21 13:41:00,2023-02-27 09:30:00,2023-02-21 13:43:58,2023-02-21 13:49:48
2023-02-21 14:00:07,2023-02-27 09:30:00,2023-02-21 14:03:03,2023-02-21 14:07:47
2023-02-21 15:22:50,2023-02-27 09:30:00,2023-02-21 15:26:08,2023-02-21 15:24:54
2023-02-21 15:24:54,2023-02-27 09:30:00,,
2023-02-21 15:43:43,2023-02-27 09:30:00,,
2023-02-22 09:54:32,2023-02-27 09:55:00,,
2023-02-22 10:06:01,2023-02-27 10:06:19,2023-02-22 10:08:21,2023-02-22 10:06:52
2023-02-22 10:06:52,2023-02-27 10:08:56,,
2023-02-22 10:15:12,2023-02-27 10:17:57,,
2023-02-22 10:22:59,2023-02-27 10:23:16,2023-02-22 10:23:55,2023-02-22 10:24:20
2023-02-22 10:23:55,2023-02-27 10:24:53,,
2023-02-22 10:25:45,2023-02-27 10:28:26,2023-02-22 10:26:04,2023-02-22 10:27:03
2023-02-22 10:26:04,2023-02-27 10:28:26,,
2023-02-22 10:45:06,2023-02-27 10:45:13,,
2023-02-22 10:56:42,2023-02-27 10:58:01,,
2023-02-22 10:57:08,2023-02-27 10:58:01,2023-02-22 10:57:47,2023-02-22 10:57:33
2023-02-22 10:57:33,2023-02-27 10:58:01,,
2023-02-22 11:04:08,2023-02-27 11:07:31,2023-02-22 11:05:10,2023-02-22 11:04:54
2023-02-22 11:04:54,2023-02-27 11:07:31,,
2023-02-22 11:28:57,2023-02-27 11:30:56,,
2023-02-22 11:42:25,2023-02-27 11:43:00,,
2023-02-22 11:58:05,2023-02-27 12:03:35,2023-02-22 12:00:01,2023-02-22 12:01:26
2023-02-22 12:35:16,2023-02-27 12:35:55,,
2023-02-22 12:42:29,2023-02-27 12:44:45,,
2023-02-22 13:26:11,2023-02-27 13:26:39,,
2023-02-22 15:52:03,2023-02-27 15:52:12,2023-02-22 15:52:18,2023-02-22 15:52:14
2023-02-22 15:52:14,2023-02-27 15:53:16,,
2023-02-23 10:54:17,2023-02-28 10:54:48,,
2023-02-23 14:54:43,2023-02-28 14:55:29,2023-02-23 14:55:20,2023-02-23 14:55:39
2023-02-23 15:02:04,2023-02-28 15:02:57,2023-02-23 15:03:09,2023-02-23 15:02:23
2023-02-23 15:02:23,2023-02-28 15:02:57,,
2023-02-23 15:14:23,2023-02-28 15:17:23,,
2023-02-23 15:28:17,2023-02-28 15:28:33,2023-02-23 15:28:33,2023-02-23 15:29:12
2023-02-23 15:28:33,2023-02-28 15:28:33,,
2023-02-23 16:08:28,2023-03-01 09:30:00,2023-02-24 09:30:29,2023-02-24 09:30:00
2023-02-24 10:05:11,2023-03-01 10:05:25,,
2023-02-24 11:00:57,2023-03-01 11:06:54,2023-02-24 11:02:11,2023-02-24 11:01:26
2023-02-24 11:01:26,2023-03-01 11:06:54,,
2023-02-24 14:17:20,2023-03-01 14:17:55,2023-02-24 14:21:57,2023-02-24 14:20:34
2023-02-24 14:20:34,2023-03-01 14:21:46,,
2023-02-24 14:28:56,2023-03-01 14:29:37,2023-02-24 14:29:10,2023-02-24 14:33:37
2023-02-24 14:50:52,2023-03-01 14:51:02,2023-02-24 14:52:37,2023-02-24 14:50:55
2023-02-24 14:50:55,2023-03-01 14:51:02,,
2023-02-24 15:50:11,2023-03-01 15:52:20,2023-02-24 15:51:09,2023-02-24 15:50:24
2023-02-27 12:21:31,2023-03-06 09:30:00,2023-02-27 12:31:29,2023-02-27 12:24:02
2023-02-27 15:53:16,2023-03-06 09:30:00,2023-02-27 15:54:30,2023-02-27 15:55:29
2023-02-27 15:59:01,2023-03-06 09:30:00,,
2023-02-27 15:59:54,2023-03-06 09:30:00,2023-02-27 15:59:59,2023-02-27 16:00:00
2023-02-28 14:25:57,2023-03-06 09:30:00,2023-02-28 14:39:16,2023-02-28 14:27:12
2023-02-28 15:38:53,2023-03-06 09:30:00,,
2023-02-28 15:41:20,2023-03-06 09:30:00,2023-02-28 15:42:13,2023-02-28 15:46:27
2023-02-28 15:42:13,2023-03-06 09:30:00,,
2023-02-28 15:49:01,2023-03-06 09:30:00,,
2023-03-01 10:53:47,2023-03-06 10:54:18,2023-03-01 10:57:17,2023-03-01 11:00:16
2023-03-01 11:41:38,2023-03-06 11:44:20,,
2023-03-01 12:29:52,2023-03-06 12:30:53,,
2023-03-02 10:28:51,2023-03-07 10:29:47,2023-03-02 10:30:00,2023-03-02 10:32:00
2023-03-02 10:30:00,2023-03-07 10:33:18,,
2023-03-02 10:55:40,2023-03-07 10:56:30,2023-03-02 10:56:29,2023-03-02 10:56:11
2023-03-02 10:56:11,2023-03-07 10:56:30,,
2023-03-02 12:47:36,2023-03-07 12:54:12,2023-03-02 12:48:08,2023-03-02 12:49:59
2023-03-02 12:48:08,2023-03-07 12:54:12,,
2023-03-02 13:04:40,2023-03-07 13:08:24,2023-03-02 13:06:06,2023-03-02 13:05:49
2023-03-02 13:05:49,2023-03-07 13:08:24,,
2023-03-02 15:30:58,2023-03-07 15:32:31,2023-03-02 15:40:00,2023-03-02 15:31:35
2023-03-02 15:31:35,2023-03-07 15:32:31,,
2023-03-02 15:36:08,2023-03-07 15:36:22,2023-03-02 15:40:00,2023-03-02 15:37:27
2023-03-02 15:37:27,2023-03-07 15:37:41,,
2023-03-02 15:50:00,2023-03-07 15:50:01,2023-03-02 15:50:15,2023-03-02 15:53:29
2023-03-02 15:53:29,2023-03-07 15:53:50,,
2023-03-03 09:51:57,2023-03-08 09:54:14,,
2023-03-03 11:58:20,2023-03-08 11:58:45,2023-03-03 11:58:27,2023-03-03 12:03:00
2023-03-03 11:58:27,2023-03-08 11:58:45,,
2023-03-03 12:24:30,2023-03-08 12:24:54,2023-03-03 12:26:42,2023-03-03 12:25:04
2023-03-03 12:31:23,2023-03-08 12:33:18,2023-03-03 12:32:47,2023-03-03 12:31:25
2023-03-03 12:49:09,2023-03-08 12:50:34,,
2023-03-03 13:05:53,2023-03-08 13:09:53,2023-03-03 13:07:43,2023-03-03 13:05:57
2023-03-03 13:30:03,2023-03-08 13:31:20,2023-03-03 13:31:58,2023-03-03 13:35:15
2023-03-03 13:31:58,2023-03-08 13:33:14,,
2023-03-03 13:53:29,2023-03-08 13:55:00,2023-03-03 13:58:23,2023-03-03 13:56:23
2023-03-03 15:03:17,2023-03-08 15:03:42,2023-03-03 15:08:01,2023-03-03 15:06:00
2023-03-03 15:06:00,2023-03-08 15:06:28,,
2023-03-03 15:29:06,2023-03-08 15:30:05,2023-03-03 15:31:08,2023-03-03 15:32:16
2023-03-03 15:31:08,2023-03-08 15:31:28,,
2023-03-03 15:40:08,2023-03-08 15:41:03,2023-03-03 15:41:49,2023-03-03 15:41:05
2023-03-03 15:58:47,2023-03-08 15:59:00,,
2023-03-03 15:59:05,2023-03-08 15:59:23,2023-03-03 15:59:09,2023-03-03 15:59:14
2023-03-03 15:59:09,2023-03-08 15:59:23,,
2023-03-03 15:59:51,2023-03-08 15:59:51,2023-03-03 15:59:53,2023-03-03 16:00:00
2023-03-03 15:59:53,2023-03-08 15:59:53,,
2023-03-06 11:25:27,2023-03-13 09:30:00,2023-03-06 11:27:57,2023-03-06 11:25:28
2023-03-06 12:10:41,2023-03-13 09:30:00,2023-03-06 12:16:29,2023-03-06 12:25:05
2023-03-06 12:16:29,2023-03-13 09:30:00,,
2023-03-06 13:09:35,2023-03-13 09:30:00,,
2023-03-06 13:25:39,2023-03-13 09:30:00,,
2023-03-06 15:23:23,2023-03-13 09:30:00,,
2023-03-06 15:58:35,2023-03-13 09:30:00,,
2023-03-07 10:25:43,2023-03-13 09:30:00,2023-03-07 10:35:28,2023-03-07 10:26:38
2023-03-07 14:11:54,2023-03-13 09:30:00,,
2023-03-07 15:39:32,2023-03-13 09:30:00,2023-03-07 15:39:42,2023-03-07 15:45:40
2023-03-07 15:56:02,2023-03-13 09:30:00,,
2023-03-08 12:27:58,2023-03-13 12:28:04,2023-03-08 12:36:27,2023-03-08 12:30:34
2023-03-08 14:52:01,2023-03-13 14:52:03,2023-03-08 14:53:44,2023-03-08 14:52:35
2023-03-08 15:44:34,2023-03-13 15:44:44,2023-03-08 15:50:19,2023-03-08 15:47:58
2023-03-08 15:47:58,2023-03-13 15:48:01,,
2023-03-09 09:37:02,2023-03-14 09:38:05,2023-03-09 09:47:00,2023-03-09 09:44:56
2023-03-09 09:44:56,2023-03-14 09:48:00,,
2023-03-09 11:25:42,2023-03-14 11:26:24,2023-03-09 11:32:06,2023-03-09 11:27:54
2023-03-09 11:51:35,2023-03-14 11:52:10,2023-03-09 11:53:28,2023-03-09 11:53:46
2023-03-09 11:53:28,2023-03-14 11:54:07,,
2023-03-09 14:41:45,2023-03-14 14:41:50,,
2023-03-09 14:52:17,2023-03-14 14:52:25,2023-03-09 14:54:57,2023-03-09 14:53:35
2023-03-09 15:07:57,2023-03-14 15:08:04,2023-03-09 15:13:05,2023-03-09 15:10:05
2023-03-10 09:32:21,2023-03-15 09:32:30,2023-03-10 09:36:01,2023-03-10 09:34:12
2023-03-10 12:13:19,2023-03-15 12:13:42,,
2023-03-10 15:29:49,2023-03-15 15:29:49,2023-03-10 15:31:12,2023-03-10 15:30:16
2023-03-10 15:30:16,2023-03-15 15:30:26,,
2023-03-10 15:55:29,2023-03-15 15:55:30,,
2023-03-13 12:57:05,2023-03-20 09:29:59,,
2023-03-13 14:22:21,2023-03-20 09:29:59,,
2023-03-14 09:40:44,2023-03-20 09:29:59,2023-03-14 09:41:46,2023-03-14 09:40:54
2023-03-14 09:40:54,2023-03-20 09:29:59,,
2023-03-14 10:39:00,2023-03-20 09:29:59,2023-03-14 10:44:06,2023-03-14 10:41:57
2023-03-14 11:35:37,2023-03-20 09:29:59,2023-03-14 11:36:49,2023-03-14 11:35:48
2023-03-14 11:38:52,2023-03-20 09:29:59,2023-03-14 11:38:53,2023-03-14 11:38:57
2023-03-14 11:38:53,2023-03-20 09:29:59,,
2023-03-14 11:42:07,2023-03-20 09:29:59,2023-03-14 11:42:21,2023-03-14 11:42:18
2023-03-14 11:49:06,2023-03-20 09:29:59,,
2023-03-14 12:12:13,2023-03-20 09:29:59,2023-03-14 12:13:32,2023-03-14 12:14:44
2023-03-14 12:13:32,2023-03-20 09:29:59,,
2023-03-14 12:37:01,2023-03-20 09:29:59,,
2023-03-14 12:47:38,2023-03-20 09:29:59,,
2023-03-14 12:49:02,2023-03-20 09:29:59,2023-03-14 12:49:07,2023-03-14 12:50:03
2023-03-14 14:12:02,2023-03-20 09:29:59,2023-03-14 14:12:07,2023-03-14 14:12:45
2023-03-14 14:27:16,2023-03-20 09:29:59,2023-03-14 14:28:20,2023-03-14 14:27:32
2023-03-14 14:27:32,2023-03-20 09:29:59,,
2023-03-14 14:28:43,2023-03-20 09:29:59,,
2023-03-14 14:31:15,2023-03-20 09:29:59,2023-03-14 14:31:41,2023-03-14 14:31:22
2023-03-14 14:31:22,2023-03-20 09:29:59,,
2023-03-14 14:40:55,2023-03-20 09:29:59,2023-03-14 14:41:50,2023-03-14 14:42:30
2023-03-14 14:46:55,2023-03-20 09:29:59,2023-03-14 14:50:34,2023-03-14 14:47:02
2023-03-14 14:47:02,2023-03-20 09:29:59,,
2023-03-14 14:47:51,2023-03-20 09:29:59,2023-03-14 14:50:34,2023-03-14 14:47:53
2023-03-14 14:47:53,2023-03-20 09:29:59,,
2023-03-14 14:51:20,2023-03-20 09:29:59,2023-03-14 14:52:55,2023-03-14 14:51:34
2023-03-14 14:51:34,2023-03-20 09:29:59,,
2023-03-14 14:52:25,2023-03-20 09:29:59,2023-03-14 14:52:55,2023-03-14 14:54:42
2023-03-14 15:27:51,2023-03-20 09:29:59,2023-03-14 15:28:39,2023-03-14 15:27:53
2023-03-14 15:27:53,2023-03-20 09:29:59,,
2023-03-15 12:14:30,2023-03-20 12:16:40,2023-03-15 12:18:10,2023-03-15 12:15:20
2023-03-15 12:15:20,2023-03-20 12:16:40,,
2023-03-15 12:15:45,2023-03-20 12:16:40,2023-03-15 12:18:10,2023-03-15 12:19:24
2023-03-15 12:22:24,2023-03-20 12:22:58,2023-03-15 12:23:30,2023-03-15 12:30:38
2023-03-15 12:45:43,2023-03-20 12:47:44,2023-03-15 12:45:53,2023-03-15 12:45:55
2023-03-15 12:45:53,2023-03-20 12:47:44,,
2023-03-15 12:58:31,2023-03-20 12:58:48,2023-03-15 12:59:01,2023-03-15 13:03:11
2023-03-15 12:59:01,2023-03-20 13:01:13,,
2023-03-15 13:15:30,2023-03-20 13:16:18,,
2023-03-15 13:54:10,2023-03-20 13:56:00,,
2023-03-15 15:20:57,2023-03-20 15:21:06,2023-03-15 15:21:08,2023-03-15 15:22:08
2023-03-15 15:21:08,2023-03-20 15:21:35,,
2023-03-15 15:58:59,2023-03-20 15:59:09,2023-03-15 15:59:00,2023-03-15 15:59:10
2023-03-15 15:59:24,2023-03-20 15:59:29,2023-03-15 15:59:27,2023-03-15 15:59:33
2023-03-16 10:14:06,2023-03-21 10:15:24,2023-03-16 10:17:24,2023-03-16 10:15:22
2023-03-16 12:24:39,2023-03-21 12:27:49,2023-03-16 12:25:58,2023-03-16 12:26:00
2023-03-16 13:03:05,2023-03-21 13:03:48,,
2023-03-16 13:24:53,2023-03-21 13:27:06,,
2023-03-16 13:47:51,2023-03-21 13:48:31,,
2023-03-16 14:35:32,2023-03-21 14:37:32,,
2023-03-16 14:36:08,2023-03-21 14:37:32,2023-03-16 14:39:10,2023-03-16 14:44:36
2023-03-16 14:39:10,2023-03-21 14:39:43,,
2023-03-16 14:57:16,2023-03-21 14:58:40,2023-03-16 14:59:19,2023-03-16 14:58:21
2023-03-16 16:00:00,2023-03-21 16:00:00,,
2023-03-17 14:44:35,2023-03-22 14:45:00,2023-03-17 14:45:13,2023-03-17 14:46:08
2023-03-17 14:45:13,2023-03-22 14:45:16,,
2023-03-17 14:51:49,2023-03-22 14:52:41,2023-03-17 14:55:00,2023-03-17 14:53:21
2023-03-17 15:17:01,2023-03-22 15:17:01,2023-03-17 15:17:05,2023-03-17 15:17:02
2023-03-17 15:37:49,2023-03-22 15:38:27,,
2023-03-17 15:59:29,2023-03-22 15:59:39,2023-03-17 15:59:53,2023-03-17 15:59:39
2023-03-20 10:57:41,2023-03-27 09:30:00,2023-03-20 11:09:43,2023-03-20 10:58:25
2023-03-20 10:58:25,2023-03-27 09:30:00,,
2023-03-20 13:08:26,2023-03-27 09:30:00,2023-03-20 13:16:18,2023-03-20 13:13:05
2023-03-20 15:18:15,2023-03-27 09:30:00,,
2023-03-20 15:30:57,2023-03-27 09:30:00,2023-03-20 15:32:29,2023-03-20 15:31:47
2023-03-20 15:31:47,2023-03-27 09:30:00,,
2023-03-20 15:42:37,2023-03-27 09:30:00,,
2023-03-20 15:54:20,2023-03-27 09:30:00,2023-03-20 15:54:46,2023-03-20 15:55:00
2023-03-20 15:58:31,2023-03-27 09:30:00,2023-03-20 15:58:34,2023-03-20 15:58:41
2023-03-20 15:58:44,2023-03-27 09:30:00,2023-03-20 15:59:09,2023-03-20 15:58:54
2023-03-20 15:58:54,2023-03-27 09:30:00,,
2023-03-21 12:56:17,2023-03-27 09:30:00,2023-03-21 12:59:23,2023-03-21 12:59:34
2023-03-21 12:59:23,2023-03-27 09:30:00,,
2023-03-21 14:32:24,2023-03-27 09:30:00,2023-03-21 14:37:32,2023-03-21 14:41:32
2023-03-21 14:37:32,2023-03-27 09:30:00,,
2023-03-22 13:20:24,2023-03-27 13:21:02,2023-03-22 13:24:06,2023-03-22 13:29:11
2023-03-22 13:24:06,2023-03-27 13:26:06,,
2023-03-22 13:57:48,2023-03-27 14:00:17,,
2023-03-23 10:06:47,2023-03-28 10:08:06,,
2023-03-23 10:36:42,2023-03-28 10:37:10,,
2023-03-23 10:46:00,2023-03-28 10:49:35,2023-03-23 10:57:06,2023-03-23 10:47:17
2023-03-23 10:47:17,2023-03-28 10:49:35,,
2023-03-23 10:49:16,2023-03-28 10:49:35,2023-03-23 10:57:06,2023-03-23 10:50:07
2023-03-23 10:50:07,2023-03-28 10:50:50,,
2023-03-23 11:14:22,2023-03-28 11:14:56,,
2023-03-23 13:06:14,2023-03-28 13:07:15,,
2023-03-23 13:22:36,2023-03-28 13:22:50,2023-03-23 13:22:47,2023-03-23 13:24:59
2023-03-23 13:22:47,2023-03-28 13:22:50,,
2023-03-23 13:56:11,2023-03-28 13:57:28,2023-03-23 13:57:58,2023-03-23 13:56:51
2023-03-23 14:02:21,2023-03-28 14:07:01,,
2023-03-23 15:54:06,2023-03-28 15:54:19,2023-03-23 15:54:18,2023-03-23 15:54:46
2023-03-23 15:54:46,2023-03-28 15:55:00,,
2023-03-24 15:58:56,2023-03-29 15:58:56,2023-03-24 15:59:03,2023-03-24 15:59:36
2023-03-24 15:59:03,2023-03-29 15:59:06,,
2023-03-27 09:32:47,2023-04-03 09:30:00,2023-03-27 09:34:42,2023-03-27 09:33:46
2023-03-27 09:33:46,2023-04-03 09:30:00,,
2023-03-27 09:56:42,2023-04-03 09:30:00,2023-03-27 09:59:04,2023-03-27 09:56:53
2023-03-27 10:03:00,2023-04-03 09:30:00,2023-03-27 10:03:52,2023-03-27 10:03:31
2023-03-27 10:43:28,2023-04-03 09:30:00,2023-03-27 10:44:07,2023-03-27 10:44:47
2023-03-27 10:44:07,2023-04-03 09:30:00,,
2023-03-27 11:12:40,2023-04-03 09:30:00,2023-03-27 11:16:13,2023-03-27 11:14:27
2023-03-27 11:14:27,2023-04-03 09:30:00,,
2023-03-27 11:38:34,2023-04-03 09:30:00,,
2023-03-27 12:02:54,2023-04-03 09:30:00,2023-03-27 12:04:50,2023-03-27 12:03:30
2023-03-27 12:04:50,2023-04-03 09:30:00,,
2023-03-27 12:12:20,2023-04-03 09:30:00,2023-03-27 12:13:51,2023-03-27 12:13:19
2023-03-27 12:16:13,2023-04-03 09:30:00,2023-03-27 12:18:35,2023-03-27 12:16:21
2023-03-27 12:16:21,2023-04-03 09:30:00,,
2023-03-27 12:21:53,2023-04-03 09:30:00,2023-03-27 12:22:17,2023-03-27 12:22:38
2023-03-27 13:31:14,2023-04-03 09:30:00,,
2023-03-27 14:47:23,2023-04-03 09:30:00,,
2023-03-27 14:58:04,2023-04-03 09:30:00,,
2023-03-27 15:55:08,2023-04-03 09:30:00,2023-03-27 15:57:19,2023-03-27 15:56:02
2023-03-28 09:32:03,2023-04-03 09:30:00,2023-03-28 09:37:47,2023-03-28 09:35:44
2023-03-28 09:44:43,2023-04-03 09:30:00,2023-03-28 09:46:35,2023-03-28 09:50:04
2023-03-28 09:46:35,2023-04-03 09:30:00,,
2023-03-28 12:21:37,2023-04-03 09:30:00,2023-03-28 12:22:49,2023-03-28 12:22:23
2023-03-28 12:22:23,2023-04-03 09:30:00,,
2023-03-28 12:41:35,2023-04-03 09:30:00,2023-03-28 12:45:24,2023-03-28 12:44:06
2023-03-28 12:53:56,2023-04-03 09:30:00,,
2023-03-28 15:44:00,2023-04-03 09:30:00,2023-03-28 15:46:00,2023-03-28 15:49:26
2023-03-28 15:58:16,2023-04-03 09:30:00,2023-03-28 15:58:52,2023-03-28 15:58:59
2023-03-29 13:25:28,2023-04-03 13:25:41,,
2023-03-29 14:45:28,2023-04-03 14:45:38,2023-03-29 14:48:35,2023-03-29 14:46:04
2023-03-29 15:13:48,2023-04-03 15:14:49,2023-03-29 15:14:46,2023-03-29 15:16:13
2023-03-29 15:14:46,2023-04-03 15:14:49,,
2023-03-29 15:55:51,2023-04-03 15:56:15,2023-03-29 15:56:39,2023-03-29 15:57:05
2023-03-29 15:56:39,2023-04-03 15:56:45,,
2023-03-29 15:58:56,2023-04-03 15:58:59,2023-03-29 15:58:59,2023-03-29 15:59:11
2023-03-29 15:58:59,2023-04-03 15:58:59,,
2023-03-29 15:59:08,2023-04-03 15:59:31,2023-03-29 15:59:17,2023-03-29 15:59:11
2023-03-30 09:47:05,2023-04-04 09:47:21,,
2023-03-30 10:00:40,2023-04-04 10:00:48,2023-03-30 10:06:04,2023-03-30 10:07:33
2023-03-30 10:50:01,2023-04-04 10:50:54,2023-03-30 10:50:23,2023-03-30 10:55:07
2023-03-30 11:33:54,2023-04-04 11:36:45,2023-03-30 11:34:26,2023-03-30 11:34:50
2023-03-30 11:34:26,2023-04-04 11:36:45,,
2023-03-30 11:36:06,2023-04-04 11:36:45,,
2023-03-30 11:41:30,2023-04-04 11:42:17,2023-03-30 11:42:25,2023-03-30 11:43:02
2023-03-30 11:42:25,2023-04-04 11:44:12,,
2023-03-30 11:57:05,2023-04-04 11:58:06,2023-03-30 11:58:01,2023-03-30 11:59:39
2023-03-30 11:58:01,2023-04-04 11:58:06,,
2023-03-30 12:14:22,2023-04-04 12:15:26,,
2023-03-31 10:02:07,2023-04-05 10:02:29,2023-03-31 10:04:14,2023-03-31 10:05:57
2023-03-31 13:45:00,2023-04-05 13:48:37,,
2023-03-31 15:28:46,2023-04-05 15:30:44,2023-03-31 15:29:32,2023-03-31 15:29:47
2023-03-31 15:53:00,2023-04-05 15:53:00,2023-03-31 15:53:36,2023-03-31 15:54:03
2023-03-31 15:54:03,2023-04-05 15:54:29,,
2023-03-31 15:55:54,2023-04-05 15:56:06,2023-03-31 15:55:58,2023-03-31 15:55:56
2023-04-03 09:35:42,2023-04-10 09:30:00,2023-04-03 09:36:59,2023-04-03 09:36:22
2023-04-03 10:13:42,2023-04-10 09:30:00,,
2023-04-03 10:14:45,2023-04-10 09:30:00,2023-04-03 10:24:21,2023-04-03 10:18:10
2023-04-03 10:18:10,2023-04-10 09:30:00,,
2023-04-03 11:36:21,2023-04-10 09:30:00,2023-04-03 11:40:31,2023-04-03 11:39:02
2023-04-03 12:04:46,2023-04-10 09:30:00,2023-04-03 12:07:11,2023-04-03 12:12:49
2023-04-03 12:07:11,2023-04-10 09:30:00,,
2023-04-03 14:33:45,2023-04-10 09:30:00,,
2023-04-03 15:34:12,2023-04-10 09:30:00,2023-04-03 15:35:50,2023-04-03 15:35:32
2023-04-03 15:35:32,2023-04-10 09:30:00,,
2023-04-03 15:43:46,2023-04-10 09:30:00,,
2023-04-03 15:58:46,2023-04-10 09:30:00,2023-04-03 15:59:39,2023-04-03 15:58:59
2023-04-04 09:49:42,2023-04-10 09:30:00,2023-04-04 09:50:16,2023-04-04 09:50:10
2023-04-04 10:13:47,2023-04-10 09:30:00,2023-04-04 10:15:53,2023-04-04 10:15:29
2023-04-04 12:19:54,2023-04-10 09:30:00,,
2023-04-04 15:06:04,2023-04-10 09:30:00,2023-04-04 15:08:34,2023-04-04 15:16:06
2023-04-04 15:16:06,2023-04-10 09:30:00,,
2023-04-04 15:58:01,2023-04-10 09:30:00,2023-04-04 15:58:10,2023-04-04 15:58:44
2023-04-04 15:58:51,2023-04-10 09:30:00,2023-04-04 15:59:07,2023-04-04 15:59:26
2023-04-05 11:58:17,2023-04-10 11:59:17,2023-04-05 12:05:03,2023-04-05 12:00:07
2023-04-05 12:00:07,2023-04-10 12:02:24,,
2023-04-05 15:55:42,2023-04-10 15:55:49,2023-04-05 15:56:06,2023-04-05 15:58:04
2023-04-05 15:58:04,2023-04-10 15:58:37,,
2023-04-06 10:31:38,2023-04-11 10:31:38,,
2023-04-06 14:47:14,2023-04-11 14:47:38,2023-04-06 14:53:12,2023-04-06 15:02:01
2023-04-06 15:58:57,2023-04-11 15:58:59,2023-04-06 15:59:45,2023-04-06 15:59:05
2023-04-06 15:59:45,2023-04-11 15:59:46,,
2023-04-10 10:39:03,2023-04-17 09:30:00,,
2023-04-10 13:29:00,2023-04-17 09:30:00,,
2023-04-10 15:30:57,2023-04-17 09:30:00,,
2023-04-10 15:56:44,2023-04-17 09:30:00,2023-04-10 15:57:47,2023-04-10 15:57:09
2023-04-11 13:33:15,2023-04-17 09:30:00,2023-04-11 13:33:52,2023-04-11 13:37:16
2023-04-11 13:33:52,2023-04-17 09:30:00,,
2023-04-11 15:58:36,2023-04-17 09:30:00,,
2023-04-12 09:53:16,2023-04-17 09:57:18,2023-04-12 09:57:57,2023-04-12 09:53:24
2023-04-12 09:53:24,2023-04-17 09:57:18,,
2023-04-12 10:02:38,2023-04-17 10:06:50,,
2023-04-12 10:50:24,2023-04-17 10:51:06,2023-04-12 10:53:25,2023-04-12 10:55:00
2023-04-12 10:53:25,2023-04-17 10:55:10,,
2023-04-12 11:06:54,2023-04-17 11:08:51,2023-04-12 11:10:16,2023-04-12 11:08:32
2023-04-12 11:16:54,2023-04-17 11:17:36,2023-04-12 11:19:10,2023-04-12 11:20:04
2023-04-12 11:19:10,2023-04-17 11:22:06,,
2023-04-12 11:26:31,2023-04-17 11:27:37,2023-04-12 11:27:39,2023-04-12 11:27:58
2023-04-12 11:27:39,2023-04-17 11:27:50,,
2023-04-12 11:44:56,2023-04-17 11:47:03,2023-04-12 11:46:02,2023-04-12 11:48:12
2023-04-12 11:46:02,2023-04-17 11:47:03,,
2023-04-12 12:07:55,2023-04-17 12:08:52,2023-04-12 12:12:06,2023-04-12 12:10:25
2023-04-12 12:10:25,2023-04-17 12:12:08,,
2023-04-12 12:27:37,2023-04-17 12:28:50,2023-04-12 12:30:09,2023-04-12 12:28:36
2023-04-12 12:28:36,2023-04-17 12:28:50,,
2023-04-12 13:18:53,2023-04-17 13:21:32,2023-04-12 13:18:58,2023-04-12 13:20:45
2023-04-12 13:29:24,2023-04-17 13:29:37,2023-04-12 13:30:06,2023-04-12 13:32:29
2023-04-12 14:00:38,2023-04-17 14:01:51,2023-04-12 14:01:57,2023-04-12 14:01:18
2023-04-12 14:01:18,2023-04-17 14:01:51,,
2023-04-12 14:08:07,2023-04-17 14:12:37,2023-04-12 14:09:57,2023-04-12 14:09:50
2023-04-12 14:09:50,2023-04-17 14:12:37,,
2023-04-12 14:43:02,2023-04-17 14:45:33,,
2023-04-12 14:52:03,2023-04-17 14:53:19,,
2023-04-12 14:58:38,2023-04-17 14:59:12,2023-04-12 15:02:58,2023-04-12 14:59:46
2023-04-12 15:18:16,2023-04-17 15:18:23,2023-04-12 15:21:03,2023-04-12 15:22:58
2023-04-12 15:21:03,2023-04-17 15:22:00,,
2023-04-12 15:23:49,2023-04-17 15:23:59,2023-04-12 15:27:04,2023-04-12 15:25:02
2023-04-12 15:30:17,2023-04-17 15:30:19,2023-04-12 15:31:29,2023-04-12 15:33:00
2023-04-12 15:31:29,2023-04-17 15:35:38,,
2023-04-12 15:37:02,2023-04-17 15:38:32,,
2023-04-12 15:39:26,2023-04-17 15:42:16,2023-04-12 15:40:59,2023-04-12 15:41:41
2023-04-12 15:40:59,2023-04-17 15:42:16,,
2023-04-12 15:43:49,2023-04-17 15:44:31,2023-04-12 15:45:08,2023-04-12 15:44:16
2023-04-12 15:51:51,2023-04-17 15:53:24,,
2023-04-12 15:58:30,2023-04-17 15:58:38,,
2023-04-13 09:42:21,2023-04-18 09:44:47,2023-04-13 09:44:00,2023-04-13 09:43:18
2023-04-13 09:43:18,2023-04-18 09:44:47,,
2023-04-13 13:42:05,2023-04-18 13:43:02,2023-04-13 13:58:20,2023-04-13 13:43:11
2023-04-13 13:43:11,2023-04-18 13:45:13,,
2023-04-13 13:55:03,2023-04-18 13:57:11,2023-04-13 13:58:20,2023-04-13 14:06:13
2023-04-13 15:58:47,2023-04-18 15:58:59,,
2023-04-14 10:12:56,2023-04-19 10:14:17,2023-04-14 10:14:47,2023-04-14 10:14:04
2023-04-14 12:22:05,2023-04-19 12:24:51,2023-04-14 12:31:11,2023-04-14 12:36:12
2023-04-14 12:31:11,2023-04-19 12:31:49,,
2023-04-14 14:44:49,2023-04-19 14:47:23,2023-04-14 14:49:09,2023-04-14 14:46:24
2023-04-14 14:46:24,2023-04-19 14:47:23,,
2023-04-14 15:58:02,2023-04-19 15:58:04,2023-04-14 15:58:31,2023-04-14 15:58:53
2023-04-17 11:56:49,2023-04-24 09:30:00,,
2023-04-17 12:06:38,2023-04-24 09:30:00,2023-04-17 12:12:08,2023-04-17 12:08:52
2023-04-17 12:20:51,2023-04-24 09:30:00,2023-04-17 12:26:53,2023-04-17 12:23:55
2023-04-17 12:36:15,2023-04-24 09:30:00,,
2023-04-17 13:15:02,2023-04-24 09:30:00,2023-04-17 13:17:13,2023-04-17 13:25:49
2023-04-17 13:17:13,2023-04-24 09:30:00,,
2023-04-17 15:29:58,2023-04-24 09:30:00,,
2023-04-18 09:45:01,2023-04-24 09:30:00,,
2023-04-18 10:09:06,2023-04-24 09:30:00,2023-04-18 10:10:07,2023-04-18 10:10:42
2023-04-18 10:10:07,2023-04-24 09:30:00,,
2023-04-18 10:18:58,2023-04-24 09:30:00,2023-04-18 10:22:18,2023-04-18 10:20:50
2023-04-18 10:33:52,2023-04-24 09:30:00,2023-04-18 10:34:02,2023-04-18 10:35:37
2023-04-18 10:34:02,2023-04-24 09:30:00,,
2023-04-18 11:03:54,2023-04-24 09:30:00,2023-04-18 11:18:42,2023-04-18 11:08:41
2023-04-18 12:28:57,2023-04-24 09:30:00,2023-04-18 12:36:23,2023-04-18 12:32:13
2023-04-18 12:32:13,2023-04-24 09:30:00,,
2023-04-18 15:18:28,2023-04-24 09:30:00,2023-04-18 15:19:57,2023-04-18 15:20:56
2023-04-18 15:33:39,2023-04-24 09:30:00,2023-04-18 15:36:57,2023-04-18 15:39:17
2023-04-18 15:50:00,2023-04-24 09:30:00,2023-04-18 15:50:11,2023-04-18 15:51:14
2023-04-19 10:39:51,2023-04-24 10:40:07,2023-04-19 10:40:02,2023-04-19 10:42:43
2023-04-19 10:40:02,2023-04-24 10:40:07,,
2023-04-19 10:40:41,2023-04-24 10:42:31,2023-04-19 10:43:50,2023-04-19 10:42:43
2023-04-19 10:43:50,2023-04-24 10:45:34,,
2023-04-19 10:44:37,2023-04-24 10:45:34,2023-04-19 10:44:38,2023-04-19 10:46:16
2023-04-19 10:44:38,2023-04-24 10:45:34,,
2023-04-19 10:46:15,2023-04-24 10:46:40,2023-04-19 10:49:24,2023-04-19 10:46:16
2023-04-19 10:50:28,2023-04-24 10:51:21,,
2023-04-19 10:50:29,2023-04-24 10:51:21,2023-04-19 10:50:47,2023-04-19 10:51:51
2023-04-19 10:50:47,2023-04-24 10:51:21,,
2023-04-19 10:56:53,2023-04-24 11:00:15,2023-04-19 10:57:04,2023-04-19 10:57:17
2023-04-19 10:59:09,2023-04-24 11:00:15,2023-04-19 10:59:26,2023-04-19 10:59:32
2023-04-19 10:59:34,2023-04-24 11:00:15,2023-04-19 11:00:41,2023-04-19 11:00:48
2023-04-19 11:04:12,2023-04-24 11:04:33,,
2023-04-19 11:56:52,2023-04-24 11:58:58,,
2023-04-19 15:17:15,2023-04-24 15:18:49,,
2023-04-19 15:35:15,2023-04-24 15:35:44,,
2023-04-19 15:59:11,2023-04-24 15:59:12,,
2023-04-20 09:47:00,2023-04-25 09:47:04,,
2023-04-20 10:17:44,2023-04-25 10:18:04,2023-04-20 10:21:48,2023-04-20 10:18:38
2023-04-20 15:20:43,2023-04-25 15:20:45,2023-04-20 15:26:23,2023-04-20 15:21:08
2023-04-20 15:52:17,2023-04-25 15:53:50,2023-04-20 15:52:41,2023-04-20 15:56:23
2023-04-20 15:52:41,2023-04-25 15:53:50,,
2023-04-21 12:12:43,2023-04-26 12:16:22,2023-04-21 12:13:15,2023-04-21 12:15:42
2023-04-21 12:55:49,2023-04-26 12:56:41,2023-04-21 13:07:40,2023-04-21 12:58:45
2023-04-21 12:58:45,2023-04-26 12:58:50,,
2023-04-21 14:04:16,2023-04-26 14:05:00,2023-04-21 14:12:12,2023-04-21 14:09:37
2023-04-21 14:09:37,2023-04-26 14:11:01,,
2023-04-21 15:28:37,2023-04-26 15:29:58,2023-04-21 15:29:54,2023-04-21 15:30:17
2023-04-21 15:57:03,2023-04-26 15:57:32,2023-04-21 15:57:25,2023-04-21 15:57:58
2023-04-21 15:57:25,2023-04-26 15:57:32,,
2023-04-24 11:48:57,2023-05-01 09:29:59,2023-04-24 11:52:21,2023-04-24 11:50:24
2023-04-24 14:01:13,2023-05-01 09:29:59,,
2023-04-24 14:04:14,2023-05-01 09:29:59,2023-04-24 14:06:41,2023-04-24 14:05:15
2023-04-24 14:05:15,2023-05-01 09:29:59,,
2023-04-24 14:08:16,2023-05-01 09:29:59,,
2023-04-24 14:08:30,2023-05-01 09:29:59,,
2023-04-24 14:49:15,2023-05-01 09:29:59,,
2023-04-24 14:49:50,2023-05-01 09:29:59,2023-04-24 14:55:02,2023-04-24 14:51:28
2023-04-24 15:45:37,2023-05-01 09:29:59,,
2023-04-24 15:51:47,2023-05-01 09:29:59,2023-04-24 15:52:24,2023-04-24 15:54:40
2023-04-24 15:52:24,2023-05-01 09:29:59,,
2023-04-25 09:45:31,2023-05-01 09:29:59,2023-04-25 09:51:57,2023-04-25 09:45:33
2023-04-25 13:11:34,2023-05-01 09:29:59,,
2023-04-25 14:25:46,2023-05-01 09:29:59,2023-04-25 14:27:51,2023-04-25 14:33:12
2023-04-25 14:27:51,2023-05-01 09:29:59,,
2023-04-25 15:13:46,2023-05-01 09:29:59,,
2023-04-25 15:33:28,2023-05-01 09:29:59,2023-04-25 15:35:37,2023-04-25 15:35:07
2023-04-25 15:35:07,2023-05-01 09:29:59,,
2023-04-26 10:04:55,2023-05-01 10:05:17,2023-04-26 10:11:08,2023-04-26 10:10:36
2023-04-26 10:10:36,2023-05-01 10:11:14,,
2023-04-26 10:36:14,2023-05-01 10:38:08,,
2023-04-26 12:56:41,2023-05-01 12:58:19,2023-04-26 13:01:40,2023-04-26 12:58:50
2023-04-26 15:56:50,2023-05-01 15:57:12,,
2023-04-27 09:50:00,2023-05-02 09:51:05,2023-04-27 09:53:12,2023-04-27 09:51:37
2023-04-27 09:51:37,2023-05-02 09:55:09,,
2023-04-27 15:21:41,2023-05-02 15:21:54,2023-04-27 15:22:58,2023-04-27 15:22:04
2023-04-27 15:56:02,2023-05-02 15:56:14,2023-04-27 15:56:59,2023-04-27 15:58:04
2023-04-27 15:56:59,2023-05-02 15:57:22,,
2023-04-27 15:57:19,2023-05-02 15:57:22,2023-04-27 15:58:38,2023-04-27 15:58:04
2023-04-28 15:00:27,2023-05-03 15:02:14,2023-04-28 15:06:50,2023-04-28 15:09:11
2023-04-28 15:06:50,2023-05-03 15:09:15,,
2023-04-28 15:44:41,2023-05-03 15:44:52,2023-04-28 15:48:27,2023-04-28 15:45:17
2023-04-28 15:45:17,2023-05-03 15:46:26,,
2023-05-01 09:29:59,2023-05-08 09:29:59,2023-05-01 09:30:00,2023-05-01 09:30:30
2023-05-01 10:47:28,2023-05-08 09:29:59,2023-05-01 10:50:48,2023-05-01 10:52:29
2023-05-01 14:40:42,2023-05-08 09:29:59,2023-05-01 14:43:20,2023-05-01 14:41:41
2023-05-01 15:44:09,2023-05-08 09:29:59,2023-05-01 15:44:10,2023-05-01 15:44:23
2023-05-01 15:44:10,2023-05-08 09:29:59,,
2023-05-02 15:50:33,2023-05-08 09:29:59,2023-05-02 15:51:49,2023-05-02 15:55:32
2023-05-02 15:51:49,2023-05-08 09:29:59,,
2023-05-02 15:58:25,2023-05-08 09:29:59,2023-05-02 15:59:00,2023-05-02 15:58:32
2023-05-02 15:59:00,2023-05-08 09:29:59,,
2023-05-03 10:18:00,2023-05-08 10:21:32,2023-05-03 10:20:30,2023-05-03 10:21:00
2023-05-03 10:20:30,2023-05-08 10:21:32,,
2023-05-03 12:10:53,2023-05-08 12:13:18,2023-05-03 12:20:56,2023-05-03 12:15:34
2023-05-03 15:52:27,2023-05-08 15:52:37,,
2023-05-04 09:30:00,2023-05-09 09:30:00,2023-05-04 09:36:40,2023-05-04 09:36:57
2023-05-04 13:32:42,2023-05-09 13:33:52,2023-05-04 13:38:06,2023-05-04 13:34:43
2023-05-04 13:34:43,2023-05-09 13:37:29,,
2023-05-04 15:18:00,2023-05-09 15:18:12,2023-05-04 15:20:14,2023-05-04 15:18:27
2023-05-04 15:56:12,2023-05-09 15:56:35,2023-05-04 15:56:35,2023-05-04 15:56:29
2023-05-05 10:20:06,2023-05-10 10:20:28,2023-05-05 10:23:28,2023-05-05 10:23:08
2023-05-05 10:23:08,2023-05-10 10:23:43,,
2023-05-05 10:35:11,2023-05-10 10:37:54,2023-05-05 10:38:35,2023-05-05 10:41:18
2023-05-05 12:22:14,2023-05-10 12:26:12,2023-05-05 12:27:48,2023-05-05 12:34:08
2023-05-05 12:27:48,2023-05-10 12:28:18,,
2023-05-08 09:58:00,2023-05-15 09:30:00,,
2023-05-08 15:43:07,2023-05-15 09:30:00,2023-05-08 15:46:57,2023-05-08 15:45:54
2023-05-08 15:45:54,2023-05-15 09:30:00,,
2023-05-09 15:55:00,2023-05-15 09:30:00,2023-05-09 15:55:29,2023-05-09 15:55:49
2023-05-09 15:55:29,2023-05-15 09:30:00,,
2023-05-10 14:42:22,2023-05-15 14:45:16,2023-05-10 14:50:19,2023-05-10 14:42:36
2023-05-10 14:42:36,2023-05-15 14:45:16,,
2023-05-10 14:59:22,2023-05-15 15:00:04,2023-05-10 15:01:43,2023-05-10 14:59:27
2023-05-10 14:59:27,2023-05-15 15:00:04,,
2023-05-10 15:07:44,2023-05-15 15:10:43,2023-05-10 15:14:59,2023-05-10 15:08:41
2023-05-10 15:08:41,2023-05-15 15:10:43,,
2023-05-10 15:41:39,2023-05-15 15:42:37,2023-05-10 15:45:06,2023-05-10 15:47:51
2023-05-11 11:00:00,2023-05-16 11:02:39,2023-05-11 11:01:06,2023-05-11 11:02:12
2023-05-11 11:01:06,2023-05-16 11:02:39,,
2023-05-11 15:53:09,2023-05-16 15:53:29,2023-05-11 15:53:31,2023-05-11 15:54:21
2023-05-11 15:57:28,2023-05-16 15:58:01,2023-05-11 15:58:20,2023-05-11 15:57:37
2023-05-11 15:57:37,2023-05-16 15:58:01,,
2023-05-12 12:48:19,2023-05-17 12:49:11,,
2023-05-12 15:56:45,2023-05-17 15:56:55,2023-05-12 15:58:05,2023-05-12 15:57:01
2023-05-12 15:57:01,2023-05-17 15:57:38,,
2023-05-12 15:59:45,2023-05-17 15:59:50,,
2023-05-15 13:02:22,2023-05-22 09:30:00,2023-05-15 13:03:46,2023-05-15 13:06:24
2023-05-15 15:00:44,2023-05-22 09:30:00,2023-05-15 15:03:58,2023-05-15 15:10:43
2023-05-15 15:48:22,2023-05-22 09:30:00,,
2023-05-15 15:59:20,2023-05-22 09:30:00,2023-05-15 15:59:36,2023-05-15 15:59:24
2023-05-16 11:52:35,2023-05-22 09:30:00,2023-05-16 12:03:37,2023-05-16 11:54:23
2023-05-16 11:54:23,2023-05-22 09:30:00,,
2023-05-16 13:18:25,2023-05-22 09:30:00,,
2023-05-16 15:37:48,2023-05-22 09:30:00,2023-05-16 15:41:37,2023-05-16 15:40:42
2023-05-16 15:54:28,2023-05-22 09:30:00,2023-05-16 15:56:49,2023-05-16 15:55:39
2023-05-17 09:52:12,2023-05-22 09:53:47,2023-05-17 09:58:57,2023-05-17 09:55:56
2023-05-17 09:55:56,2023-05-22 09:59:50,,
2023-05-17 10:41:19,2023-05-22 10:45:37,2023-05-17 10:42:02,2023-05-17 10:49:08
2023-05-17 15:33:34,2023-05-22 15:35:02,,
2023-05-17 15:59:59,2023-05-22 16:00:00,2023-05-17 16:00:00,2023-05-18 09:37:41
2023-05-17 16:00:00,2023-05-22 16:00:00,,
2023-05-18 09:30:00,2023-05-23 09:30:00,2023-05-18 09:43:40,2023-05-18 09:37:41
2023-05-18 11:47:51,2023-05-23 11:50:41,,
2023-05-18 14:07:39,2023-05-23 14:07:41,2023-05-18 14:10:56,2023-05-18 14:13:32
2023-05-18 14:10:56,2023-05-23 14:11:03,,
2023-05-18 14:42:11,2023-05-23 14:42:29,2023-05-18 14:46:14,2023-05-18 14:51:12
2023-05-19 10:10:28,2023-05-24 10:12:19,2023-05-19 10:17:31,2023-05-19 10:23:45
2023-05-19 14:25:52,2023-05-24 14:26:00,2023-05-19 14:37:31,2023-05-19 14:28:00
2023-05-19 14:44:57,2023-05-24 14:46:01,2023-05-19 14:49:02,2023-05-19 14:50:26
2023-05-19 15:57:38,2023-05-24 15:57:51,2023-05-19 15:58:43,2023-05-19 15:57:47
2023-05-19 15:57:47,2023-05-24 15:57:51,,
2023-05-22 14:16:01,2023-05-30 09:30:00,,
2023-05-23 14:08:07,2023-05-30 09:30:00,2023-05-23 14:09:15,2023-05-23 14:12:25
2023-05-23 14:21:23,2023-05-30 09:30:00,,
2023-05-23 14:29:01,2023-05-30 09:30:00,2023-05-23 14:29:42,2023-05-23 14:30:58
2023-05-23 14:29:42,2023-05-30 09:30:00,,
2023-05-23 15:01:56,2023-05-30 09:30:00,,
2023-05-23 15:23:03,2023-05-30 09:30:00,2023-05-23 15:24:12,2023-05-23 15:25:01
2023-05-23 15:31:57,2023-05-30 09:30:00,2023-05-23 15:32:17,2023-05-23 15:33:19
2023-05-23 15:58:23,2023-05-30 09:30:00,,
2023-05-24 10:36:23,2023-05-30 09:30:00,,
2023-05-24 12:04:14,2023-05-30 09:30:00,2023-05-24 12:13:10,2023-05-24 12:07:11
2023-05-24 12:07:11,2023-05-30 09:30:00,,
2023-05-24 14:02:25,2023-05-30 09:30:00,2023-05-24 14:09:35,2023-05-24 14:07:09
2023-05-24 14:07:09,2023-05-30 09:30:00,,
2023-05-24 15:01:21,2023-05-30 09:30:00,2023-05-24 15:04:03,2023-05-24 15:05:38
2023-05-24 15:05:38,2023-05-30 09:30:00,,
2023-05-24 15:52:32,2023-05-30 09:30:00,,
2023-05-24 15:59:48,2023-05-30 09:30:00,2023-05-24 15:59:50,2023-05-24 15:59:52
2023-05-24 15:59:50,2023-05-30 09:30:00,,
2023-05-25 14:24:25,2023-05-30 14:28:16,,
2023-05-26 09:30:00,2023-05-31 09:30:00,2023-05-26 09:30:14,2023-05-26 09:35:58
2023-05-26 09:30:14,2023-05-31 09:32:08,,
2023-05-26 11:41:43,2023-05-31 11:43:22,,
2023-05-26 13:06:10,2023-05-31 13:09:36,2023-05-26 13:07:57,2023-05-26 13:08:59
2023-05-26 13:07:57,2023-05-31 13:09:36,,
2023-05-26 15:54:17,2023-05-31 15:54:40,,
2023-05-30 09:30:14,2023-06-05 09:29:59,,
2023-05-30 09:40:29,2023-06-05 09:29:59,,
2023-05-30 12:18:56,2023-06-05 09:29:59,2023-05-30 12:20:11,2023-05-30 12:19:15
2023-05-30 14:57:55,2023-06-05 09:29:59,2023-05-30 14:58:26,2023-05-30 14:59:45
2023-05-30 15:52:40,2023-06-05 09:29:59,2023-05-30 15:54:50,2023-05-30 15:53:57
2023-05-30 15:54:50,2023-06-05 09:29:59,,
2023-05-31 09:32:32,2023-06-05 09:34:21,,
2023-05-31 13:45:54,2023-06-05 13:46:21,2023-05-31 13:46:03,2023-05-31 13:48:45
2023-05-31 15:13:59,2023-06-05 15:14:10,2023-05-31 15:14:40,2023-05-31 15:14:36
2023-05-31 15:14:36,2023-06-05 15:15:01,,
2023-05-31 15:44:29,2023-06-05 15:44:43,2023-05-31 15:46:51,2023-05-31 15:44:35
2023-05-31 15:44:35,2023-06-05 15:44:43,,
2023-05-31 15:57:16,2023-06-05 15:57:22,,
2023-06-01 09:36:01,2023-06-06 09:39:00,2023-06-01 09:41:15,2023-06-01 09:36:37
2023-06-01 15:59:16,2023-06-06 15:59:23,,
2023-06-02 09:30:00,2023-06-07 09:30:00,2023-06-02 09:31:11,2023-06-02 09:36:26
2023-06-02 09:31:11,2023-06-07 09:32:09,,
2023-06-02 09:39:25,2023-06-07 09:39:26,2023-06-02 09:40:20,2023-06-02 09:40:11
2023-06-02 09:40:11,2023-06-07 09:41:39,,
2023-06-02 09:42:10,2023-06-07 09:45:27,2023-06-02 09:46:44,2023-06-02 09:42:46
2023-06-02 09:42:46,2023-06-07 09:45:27,,
2023-06-02 10:06:32,2023-06-07 10:07:16,2023-06-02 10:09:06,2023-06-02 10:06:51
2023-06-02 10:06:51,2023-06-07 10:07:16,,
2023-06-02 10:30:32,2023-06-07 10:34:01,2023-06-02 10:33:58,2023-06-02 10:32:34
2023-06-02 12:38:30,2023-06-07 12:39:38,2023-06-02 12:38:39,2023-06-02 12:46:23
2023-06-02 12:38:39,2023-06-07 12:39:38,,
2023-06-05 09:37:52,2023-06-12 09:30:00,2023-06-05 09:43:35,2023-06-05 09:41:13
2023-06-05 12:34:27,2023-06-12 09:30:00,2023-06-05 12:39:44,2023-06-05 12:37:28
2023-06-05 12:37:28,2023-06-12 09:30:00,,
2023-06-05 14:53:00,2023-06-12 09:30:00,2023-06-05 14:53:17,2023-06-05 15:00:11
2023-06-05 14:53:17,2023-06-12 09:30:00,,
2023-06-05 15:21:43,2023-06-12 09:30:00,2023-06-05 15:22:00,2023-06-05 15:23:06
2023-06-05 15:22:00,2023-06-12 09:30:00,,
2023-06-05 15:31:52,2023-06-12 09:30:00,,
2023-06-05 15:35:37,2023-06-12 09:30:00,,
2023-06-05 15:45:51,2023-06-12 09:30:00,2023-06-05 15:46:16,2023-06-05 15:46:35
2023-06-05 15:52:27,2023-06-12 09:30:00,,
2023-06-05 15:53:25,2023-06-12 09:30:00,,
2023-06-05 15:56:28,2023-06-12 09:30:00,,
2023-06-05 15:56:53,2023-06-12 09:30:00,,
2023-06-05 15:59:42,2023-06-12 09:30:00,2023-06-05 15:59:50,2023-06-05 15:59:43
2023-06-06 09:49:20,2023-06-12 09:30:00,2023-06-06 09:56:07,2023-06-06 09:49:48
2023-06-06 09:49:48,2023-06-12 09:30:00,,
2023-06-06 10:00:45,2023-06-12 09:30:00,2023-06-06 10:06:26,2023-06-06 10:04:05
2023-06-06 10:04:05,2023-06-12 09:30:00,,
2023-06-06 10:04:52,2023-06-12 09:30:00,2023-06-06 10:06:26,2023-06-06 10:07:01
2023-06-06 11:01:18,2023-06-12 09:30:00,,
2023-06-06 11:07:04,2023-06-12 09:30:00,2023-06-06 11:08:58,2023-06-06 11:13:23
2023-06-06 14:39:17,2023-06-12 09:30:00,,
2023-06-06 15:31:45,2023-06-12 09:30:00,2023-06-06 15:37:09,2023-06-06 15:33:10
2023-06-06 15:33:10,2023-06-12 09:30:00,,
2023-06-06 15:33:33,2023-06-12 09:30:00,2023-06-06 15:37:09,2023-06-06 15:43:32
2023-06-06 15:59:00,2023-06-12 09:30:00,2023-06-06 15:59:45,2023-06-06 15:59:57
2023-06-06 15:59:57,2023-06-12 09:30:00,,
2023-06-07 10:48:59,2023-06-12 10:51:36,2023-06-07 10:51:25,2023-06-07 10:53:47
2023-06-07 10:51:25,2023-06-12 10:51:36,,
2023-06-07 10:59:44,2023-06-12 11:01:40,2023-06-07 11:04:03,2023-06-07 11:09:12
2023-06-07 11:04:03,2023-06-12 11:06:13,,
2023-06-07 12:45:45,2023-06-12 12:46:50,2023-06-07 12:50:22,2023-06-07 12:48:25
2023-06-07 12:48:25,2023-06-12 12:51:36,,
2023-06-08 09:30:38,2023-06-13 09:32:42,2023-06-08 09:30:43,2023-06-08 09:31:42
2023-06-08 09:30:43,2023-06-13 09:32:42,,
2023-06-08 09:31:40,2023-06-13 09:32:42,2023-06-08 09:32:12,2023-06-08 09:31:42
2023-06-08 09:32:12,2023-06-13 09:32:42,,
2023-06-08 10:58:02,2023-06-13 10:58:29,2023-06-08 11:07:00,2023-06-08 11:06:12
2023-06-08 11:06:12,2023-06-13 11:08:12,,
2023-06-08 15:57:29,2023-06-13 15:58:28,2023-06-08 15:59:54,2023-06-08 15:57:55
2023-06-09 15:21:16,2023-06-14 15:21:57,2023-06-09 15:24:01,2023-06-09 15:22:21
2023-06-09 15:22:21,2023-06-14 15:22:47,,
2023-06-09 15:34:03,2023-06-14 15:34:26,,
2023-06-12 12:20:23,2023-06-20 09:30:00,2023-06-12 12:35:04,2023-06-12 12:20:34
2023-06-12 15:59:47,2023-06-20 09:30:00,2023-06-12 16:00:00,2023-06-12 15:59:55
2023-06-12 15:59:55,2023-06-20 09:30:00,,
2023-06-13 09:42:47,2023-06-20 09:30:00,2023-06-13 09:43:23,2023-06-13 09:43:11
2023-06-13 09:43:11,2023-06-20 09:30:00,,
2023-06-13 09:53:03,2023-06-20 09:30:00,2023-06-13 09:53:04,2023-06-13 09:56:16
2023-06-13 10:27:54,2023-06-20 09:30:00,2023-06-13 10:30:59,2023-06-13 10:30:51
2023-06-13 11:12:07,2023-06-20 09:30:00,2023-06-13 11:13:20,2023-06-13 11:18:13
2023-06-13 11:13:20,2023-06-20 09:30:00,,
2023-06-13 11:53:37,2023-06-20 09:30:00,2023-06-13 11:57:22,2023-06-13 12:00:08
2023-06-13 11:57:22,2023-06-20 09:30:00,,
2023-06-13 12:23:04,2023-06-20 09:30:00,2023-06-13 12:25:26,2023-06-13 12:26:44
2023-06-13 12:25:26,2023-06-20 09:30:00,,
2023-06-13 13:16:36,2023-06-20 09:30:00,,
2023-06-13 14:52:29,2023-06-20 09:30:00,,
2023-06-13 15:22:33,2023-06-20 09:30:00,2023-06-13 15:23:26,2023-06-13 15:24:37
2023-06-13 15:59:21,2023-06-20 09:30:00,,
2023-06-13 16:00:00,2023-06-20 09:30:00,2023-06-14 09:30:00,2023-06-14 09:30:18
2023-06-14 12:22:37,2023-06-20 09:30:00,2023-06-14 12:35:02,2023-06-14 12:26:41
2023-06-14 12:56:53,2023-06-20 09:30:00,2023-06-14 13:01:04,2023-06-14 12:59:47
2023-06-14 14:05:00,2023-06-20 09:30:00,2023-06-14 14:08:03,2023-06-14 14:05:25
2023-06-14 15:07:16,2023-06-20 09:30:00,2023-06-14 15:10:14,2023-06-14 15:08:04
2023-06-14 15:08:04,2023-06-20 09:30:00,,
2023-06-15 09:30:00,2023-06-20 09:30:00,2023-06-15 09:30:31,2023-06-15 09:31:32
2023-06-15 10:17:37,2023-06-20 10:19:22,2023-06-15 10:20:33,2023-06-15 10:22:16
2023-06-15 11:54:42,2023-06-20 11:54:50,2023-06-15 12:06:45,2023-06-15 11:56:08
2023-06-15 11:56:08,2023-06-20 11:57:18,,
2023-06-15 12:28:30,2023-06-20 12:31:16,2023-06-15 12:30:03,2023-06-15 12:31:30
2023-06-15 13:45:51,2023-06-20 13:48:39,2023-06-15 13:48:59,2023-06-15 13:49:55
2023-06-15 13:48:59,2023-06-20 13:54:37,,
2023-06-15 15:58:01,2023-06-20 15:58:01,2023-06-15 15:58:08,2023-06-15 15:58:17
2023-06-15 15:58:08,2023-06-20 15:58:27,,
2023-06-16 09:30:05,2023-06-21 09:32:49,,
2023-06-16 09:49:36,2023-06-21 09:53:20,2023-06-16 09:52:11,2023-06-16 09:50:30
2023-06-16 12:04:28,2023-06-21 12:07:24,,
2023-06-16 14:52:04,2023-06-21 14:52:49,2023-06-16 14:53:49,2023-06-16 14:53:51
2023-06-16 14:53:49,2023-06-21 14:57:21,,
2023-06-16 15:00:42,2023-06-21 15:02:06,2023-06-16 15:03:27,2023-06-16 15:01:15
2023-06-16 15:30:32,2023-06-21 15:31:14,,
2023-06-16 15:35:48,2023-06-21 15:37:47,2023-06-16 15:37:11,2023-06-16 15:36:22
2023-06-16 15:36:22,2023-06-21 15:37:47,,
2023-06-16 15:50:00,2023-06-21 15:50:00,,
2023-06-16 15:53:08,2023-06-21 15:53:36,2023-06-20 09:30:55,2023-06-20 09:43:20
2023-06-16 15:54:58,2023-06-21 15:55:06,2023-06-16 15:56:00,2023-06-16 15:55:26
2023-06-16 15:57:36,2023-06-21 15:57:54,,
2023-06-20 09:44:32,2023-06-26 09:30:00,2023-06-20 09:45:17,2023-06-20 09:49:24
2023-06-20 09:45:17,2023-06-26 09:30:00,,
2023-06-20 11:04:45,2023-06-26 09:30:00,2023-06-20 11:05:20,2023-06-20 11:07:07
2023-06-20 11:48:32,2023-06-26 09:30:00,2023-06-20 11:57:18,2023-06-20 11:54:50
2023-06-20 11:54:50,2023-06-26 09:30:00,,
2023-06-20 12:41:01,2023-06-26 09:30:00,,
2023-06-20 15:00:01,2023-06-26 09:30:00,2023-06-20 15:06:38,2023-06-20 15:01:14
2023-06-20 15:58:55,2023-06-26 09:30:00,,
2023-06-21 11:56:22,2023-06-26 11:57:40,2023-06-21 11:58:34,2023-06-21 12:00:11
2023-06-21 12:32:00,2023-06-26 12:33:38,,
2023-06-21 12:43:21,2023-06-26 12:48:18,,
2023-06-21 13:52:57,2023-06-26 13:54:53,2023-06-21 13:56:49,2023-06-21 14:06:02
2023-06-21 13:56:49,2023-06-26 14:00:17,,
2023-06-21 14:01:51,2023-06-26 14:01:56,2023-06-21 14:06:02,2023-06-21 14:04:23
2023-06-21 14:04:23,2023-06-26 14:06:13,,
2023-06-21 14:11:46,2023-06-26 14:13:32,2023-06-21 14:17:17,2023-06-21 14:14:20
2023-06-21 14:14:20,2023-06-26 14:14:48,,
2023-06-21 15:59:54,2023-06-26 15:59:54,2023-06-21 15:59:55,2023-06-22 09:33:54
2023-06-21 15:59:55,2023-06-26 15:59:57,,2023-06-23 09:31:41
2023-06-22 09:30:00,2023-06-27 09:30:00,2023-06-22 09:39:45,2023-06-22 09:33:54
2023-06-22 12:09:35,2023-06-27 12:10:29,,
2023-06-22 12:10:17,2023-06-27 12:10:29,2023-06-22 12:17:50,2023-06-22 12:24:22
2023-06-22 12:17:50,2023-06-27 12:18:17,,
2023-06-22 14:30:45,2023-06-27 14:31:02,2023-06-22 14:35:15,2023-06-22 14:35:41
2023-06-22 15:08:20,2023-06-27 15:11:29,2023-06-22 15:09:44,2023-06-22 15:13:36
2023-06-22 15:27:29,2023-06-27 15:28:15,2023-06-22 15:29:36,2023-06-22 15:28:21
2023-06-22 15:28:21,2023-06-27 15:29:52,,
2023-06-22 15:36:52,2023-06-27 15:37:16,,
2023-06-22 15:42:02,2023-06-27 15:42:03,,
2023-06-22 15:47:51,2023-06-27 15:48:02,2023-06-22 15:48:58,2023-06-22 15:48:30
2023-06-22 15:57:05,2023-06-27 15:57:12,,
2023-06-22 15:59:57,2023-06-27 16:00:00,,
2023-06-23 09:35:23,2023-06-28 09:36:21,2023-06-23 09:36:58,2023-06-23 09:47:47
2023-06-23 09:36:58,2023-06-28 09:40:49,,
2023-06-23 11:44:23,2023-06-28 11:45:55,2023-06-23 11:50:27,2023-06-23 11:46:29
2023-06-23 11:46:29,2023-06-28 11:49:47,,
2023-06-23 12:29:51,2023-06-28 12:31:07,2023-06-23 12:30:52,2023-06-23 12:33:07
2023-06-23 13:26:32,2023-06-28 13:29:21,2023-06-23 13:30:08,2023-06-23 13:29:28
2023-06-23 13:29:28,2023-06-28 13:31:06,,
2023-06-23 14:01:18,2023-06-28 14:04:36,2023-06-23 14:03:34,2023-06-23 14:18:04
2023-06-23 14:18:29,2023-06-28 14:20:52,2023-06-23 14:22:38,2023-06-23 14:21:07
2023-06-23 15:17:01,2023-06-28 15:17:52,2023-06-23 15:18:02,2023-06-23 15:18:20
2023-06-23 15:18:02,2023-06-28 15:19:00,,
2023-06-23 15:51:10,2023-06-28 15:51:16,2023-06-23 15:53:33,2023-06-23 15:51:18
2023-06-23 15:51:18,2023-06-28 15:51:18,,
2023-06-23 15:59:42,2023-06-28 15:59:45,2023-06-23 15:59:46,2023-06-23 16:00:00
2023-06-26 09:30:00,2023-07-03 07:53:35,2023-06-26 09:32:36,2023-06-26 09:35:42
2023-06-26 10:43:20,2023-07-03 07:53:35,2023-06-26 10:49:29,2023-06-26 10:43:30
2023-06-26 10:43:30,2023-07-03 07:53:35,,
2023-06-26 13:13:53,2023-07-03 07:53:35,2023-06-26 13:17:17,2023-06-26 13:15:23
2023-06-26 13:25:17,2023-07-03 07:53:35,2023-06-26 13:25:34,2023-06-26 13:34:14
2023-06-26 13:34:14,2023-07-03 07:53:35,,
2023-06-26 15:51:18,2023-07-03 07:53:35,2023-06-26 15:52:09,2023-06-26 15:51:51
2023-06-26 15:55:46,2023-07-03 07:53:35,,
2023-06-26 16:00:00,2023-07-03 07:53:35,2023-06-26 16:05:27,2023-06-27 09:30:05
2023-06-27 09:30:05,2023-07-03 07:53:35,,
2023-06-27 09:51:44,2023-07-03 07:53:35,2023-06-27 09:58:33,2023-06-27 09:52:45
2023-06-27 09:52:45,2023-07-03 07:53:35,,
2023-06-27 10:31:59,2023-07-03 07:53:35,,
2023-06-27 10:41:46,2023-07-03 07:53:35,2023-06-27 10:43:15,2023-06-27 10:42:34
2023-06-27 10:42:34,2023-07-03 07:53:35,,
2023-06-27 10:48:08,2023-07-03 07:53:35,,
2023-06-27 11:10:20,2023-07-03 07:53:35,,
2023-06-27 11:25:23,2023-07-03 07:53:35,2023-06-27 11:26:48,2023-06-27 11:29:35
2023-06-27 11:26:48,2023-07-03 07:53:35,,
2023-06-27 11:33:41,2023-07-03 07:53:35,2023-06-27 11:36:50,2023-06-27 11:34:24
2023-06-27 11:34:24,2023-07-03 07:53:35,,
2023-06-27 11:38:10,2023-07-03 07:53:35,2023-06-27 11:39:58,2023-06-27 11:39:06
2023-06-27 11:39:06,2023-07-03 07:53:35,,
2023-06-27 11:51:21,2023-07-03 07:53:35,,
2023-06-27 11:53:40,2023-07-03 07:53:35,2023-06-27 11:55:18,2023-06-27 11:54:54
2023-06-27 12:23:20,2023-07-03 07:53:35,,
2023-06-27 12:31:39,2023-07-03 07:53:35,,
2023-06-27 12:33:09,2023-07-03 07:53:35,2023-06-27 12:36:59,2023-06-27 12:34:21
2023-06-27 12:50:22,2023-07-03 07:53:35,,
2023-06-27 12:54:45,2023-07-03 07:53:35,,
2023-06-27 13:09:34,2023-07-03 07:53:35,2023-06-27 13:12:36,2023-06-27 13:11:15
2023-06-27 13:32:22,2023-07-03 07:53:35,2023-06-27 13:34:55,2023-06-27 13:33:33
2023-06-27 13:33:33,2023-07-03 07:53:35,,
2023-06-27 13:40:54,2023-07-03 07:53:35,,
2023-06-27 14:00:48,2023-07-03 07:53:35,2023-06-27 14:02:17,2023-06-27 14:01:27
2023-06-27 14:01:27,2023-07-03 07:53:35,,
2023-06-27 14:36:39,2023-07-03 07:53:35,2023-06-27 14:39:37,2023-06-27 14:38:28
2023-06-27 14:38:28,2023-07-03 07:53:35,,
2023-06-27 14:48:19,2023-07-03 07:53:35,,
2023-06-27 15:56:26,2023-07-03 07:53:35,2023-06-30 09:30:00,
2023-06-28 10:44:05,2023-07-03 10:45:26,2023-06-28 10:52:04,2023-06-28 10:44:28
2023-06-28 14:29:04,2023-07-05 09:30:00,2023-06-28 14:33:01,2023-06-28 14:35:04
2023-06-28 14:33:01,2023-07-05 09:30:00,,
2023-06-28 15:42:03,2023-07-05 09:30:00,2023-06-28 15:45:06,2023-06-28 15:43:13
2023-06-28 15:43:13,2023-07-05 09:30:00,,
2023-06-28 15:53:09,2023-07-05 09:30:00,2023-06-28 15:54:57,2023-06-28 15:53:44
2023-06-28 15:53:44,2023-07-05 09:30:00,,
2023-06-29 10:56:50,2023-07-05 09:30:00,,
2023-06-29 12:04:06,2023-07-05 09:30:00,2023-06-29 12:09:59,2023-06-29 12:10:32
2023-06-29 14:24:51,2023-07-05 09:30:00,2023-06-29 14:29:22,2023-06-29 14:26:31
2023-06-30 09:44:30,2023-07-05 09:45:11,2023-06-30 09:47:08,2023-06-30 09:45:30
2023-06-30 09:45:30,2023-07-05 09:47:44,,
2023-06-30 11:13:29,2023-07-05 11:14:31,2023-06-30 11:16:23,2023-06-30 11:13:35
2023-06-30 11:43:32,2023-07-05 11:45:04,,
2023-06-30 13:30:55,2023-07-05 13:31:47,2023-06-30 13:34:12,2023-06-30 13:39:40
2023-06-30 13:34:12,2023-07-05 13:34:26,,
2023-06-30 15:17:09,2023-07-05 15:18:03,,
2023-06-30 15:54:02,2023-07-05 15:54:33,,
2023-07-03 10:10:55,2023-07-10 09:30:00,2023-07-03 10:11:15,2023-07-03 10:13:15
2023-07-03 10:13:15,2023-07-10 09:30:00,,
2023-07-03 10:47:36,2023-07-10 09:30:00,2023-07-03 10:48:47,2023-07-03 10:47:39
2023-07-03 10:47:39,2023-07-10 09:30:00,,
2023-07-03 11:02:20,2023-07-10 09:30:00,2023-07-03 11:05:43,2023-07-03 11:03:54
2023-07-03 11:03:54,2023-07-10 09:30:00,,
2023-07-03 11:12:00,2023-07-10 09:30:00,2023-07-03 11:12:40,2023-07-03 11:13:50
2023-07-03 11:24:00,2023-07-10 09:30:00,,
2023-07-03 11:24:07,2023-07-10 09:30:00,2023-07-03 11:25:00,2023-07-03 11:26:17
2023-07-03 11:28:10,2023-07-10 09:30:00,2023-07-03 11:32:15,2023-07-03 11:28:18
2023-07-03 11:28:18,2023-07-10 09:30:00,,
2023-07-03 11:28:44,2023-07-10 09:30:00,2023-07-03 11:32:15,2023-07-03 11:31:34
2023-07-03 11:31:34,2023-07-10 09:30:00,,
2023-07-03 12:01:37,2023-07-10 09:30:00,,
2023-07-03 12:10:47,2023-07-10 09:30:00,2023-07-03 12:12:42,2023-07-03 12:15:05
2023-07-03 12:24:23,2023-07-10 09:30:00,2023-07-03 12:25:50,2023-07-03 12:24:25
2023-07-03 12:24:25,2023-07-10 09:30:00,,
2023-07-03 12:24:28,2023-07-10 09:30:00,2023-07-03 12:25:50,2023-07-03 12:26:08
2023-07-03 12:53:10,2023-07-10 09:30:00,,
2023-07-05 10:20:20,2023-07-10 10:20:57,2023-07-05 10:23:32,2023-07-05 10:23:30
2023-07-05 10:32:36,2023-07-10 10:35:11,2023-07-05 10:34:11,2023-07-05 10:32:49
2023-07-05 10:32:49,2023-07-10 10:35:11,,
2023-07-05 10:39:31,2023-07-10 10:40:47,2023-07-05 10:42:18,2023-07-05 10:40:41
2023-07-05 10:40:41,2023-07-10 10:40:47,,
2023-07-05 11:19:55,2023-07-10 11:21:31,2023-07-05 11:21:26,2023-07-05 11:20:28
2023-07-05 11:20:28,2023-07-10 11:21:31,,
2023-07-05 11:26:45,2023-07-10 11:28:57,2023-07-05 11:27:07,2023-07-05 11:27:50
2023-07-05 12:00:25,2023-07-10 12:02:23,2023-07-05 12:01:08,2023-07-05 12:03:11
2023-07-05 12:08:48,2023-07-10 12:10:38,,
2023-07-05 12:09:32,2023-07-10 12:10:38,2023-07-05 12:17:18,2023-07-05 12:12:49
2023-07-05 12:26:10,2023-07-10 12:26:14,2023-07-05 12:28:14,2023-07-05 12:27:20
2023-07-05 12:42:17,2023-07-10 12:42:41,2023-07-05 12:45:38,2023-07-05 12:43:27
2023-07-05 14:04:47,2023-07-10 14:07:27,,
2023-07-05 15:49:58,2023-07-10 15:50:02,2023-07-05 15:50:00,2023-07-05 15:50:37
2023-07-05 15:50:00,2023-07-10 15:50:02,,
2023-07-05 15:52:08,2023-07-10 15:52:31,2023-07-05 15:54:40,2023-07-05 15:53:27
2023-07-05 15:56:26,2023-07-10 15:56:31,2023-07-05 15:57:01,2023-07-05 15:56:50
2023-07-05 15:58:55,2023-07-10 15:58:57,2023-07-05 15:59:24,2023-07-05 15:59:00
2023-07-05 15:59:24,2023-07-10 15:59:24,,
2023-07-06 12:08:04,2023-07-11 12:10:17,2023-07-06 12:09:47,2023-07-06 12:08:32
2023-07-06 12:08:32,2023-07-11 12:10:17,,
2023-07-06 12:18:22,2023-07-11 12:19:03,2023-07-06 12:21:50,2023-07-06 12:18:56
2023-07-06 12:18:56,2023-07-11 12:19:03,,
2023-07-06 13:03:37,2023-07-11 13:09:42,2023-07-06 13:06:25,2023-07-06 13:10:07
2023-07-06 13:19:15,2023-07-11 13:20:00,2023-07-06 13:22:07,2023-07-06 13:22:50
2023-07-06 13:41:13,2023-07-11 13:44:08,2023-07-06 13:45:11,2023-07-06 13:43:25
2023-07-06 13:43:25,2023-07-11 13:44:08,,
2023-07-06 15:52:38,2023-07-11 15:53:47,2023-07-06 15:53:00,2023-07-06 15:53:14
2023-07-06 15:53:00,2023-07-11 15:53:47,,
2023-07-06 15:57:07,2023-07-11 15:57:33,2023-07-06 15:58:01,2023-07-06 15:58:44
2023-07-06 15:58:01,2023-07-11 15:58:03,,
2023-07-06 15:58:17,2023-07-11 15:58:29,2023-07-06 15:58:46,2023-07-06 15:58:44
2023-07-07 10:46:03,2023-07-12 10:46:28,,
2023-07-07 11:29:45,2023-07-12 11:34:15,,
2023-07-07 11:35:09,2023-07-12 11:36:33,2023-07-07 11:35:59,2023-07-07 11:35:38
2023-07-07 11:35:38,2023-07-12 11:36:33,,
2023-07-07 12:53:09,2023-07-12 13:00:02,,
2023-07-07 15:55:06,2023-07-12 15:55:08,2023-07-07 15:56:38,2023-07-07 15:57:00
2023-07-07 15:56:38,2023-07-12 15:56:51,,
2023-07-10 15:31:00,2023-07-17 09:29:59,,
2023-07-11 15:18:47,2023-07-17 09:29:59,,
2023-07-11 15:39:23,2023-07-17 09:29:59,,
2023-07-11 15:41:55,2023-07-17 09:29:59,2023-07-11 15:43:33,2023-07-11 15:46:45
2023-07-11 15:43:33,2023-07-17 09:29:59,,
2023-07-12 09:32:51,2023-07-17 09:33:55,2023-07-12 09:34:45,2023-07-12 09:33:26
2023-07-12 09:33:26,2023-07-17 09:33:55,,
2023-07-12 09:55:45,2023-07-17 09:56:00,2023-07-12 09:57:33,2023-07-12 10:00:43
2023-07-12 10:14:07,2023-07-17 10:14:18,2023-07-12 10:15:12,2023-07-12 10:15:25
2023-07-12 10:49:35,2023-07-17 10:54:19,,
2023-07-12 11:38:25,2023-07-17 11:39:00,2023-07-12 11:40:22,2023-07-12 11:39:26
2023-07-12 13:20:47,2023-07-17 13:22:00,2023-07-12 13:27:26,2023-07-12 13:23:42
2023-07-12 14:45:35,2023-07-17 14:45:46,,
2023-07-12 15:02:05,2023-07-17 15:02:57,2023-07-12 15:02:47,2023-07-12 15:03:20
2023-07-12 15:55:08,2023-07-17 15:55:34,,
2023-07-13 10:19:01,2023-07-18 10:21:47,,
2023-07-13 10:20:21,2023-07-18 10:21:47,2023-07-13 10:20:56,2023-07-13 10:21:52
2023-07-13 10:28:20,2023-07-18 10:28:57,,
2023-07-13 12:53:42,2023-07-18 12:56:47,2023-07-13 12:57:16,2023-07-13 12:54:55
2023-07-13 12:54:55,2023-07-18 12:56:47,,
2023-07-13 12:55:06,2023-07-18 12:56:47,2023-07-13 12:57:16,2023-07-13 13:03:46
2023-07-13 15:44:13,2023-07-18 15:45:24,2023-07-13 15:44:56,2023-07-13 15:44:21
2023-07-13 15:44:21,2023-07-18 15:45:24,,
2023-07-13 15:44:29,2023-07-18 15:45:24,2023-07-13 15:44:56,2023-07-13 15:44:37
2023-07-13 15:44:37,2023-07-18 15:45:24,2023-07-17 09:30:00,2023-07-14 09:30:08
2023-07-13 15:44:45,2023-07-18 15:45:24,2023-07-13 15:44:56,2023-07-13 15:45:07
2023-07-13 15:45:18,2023-07-18 15:45:24,2023-07-13 15:45:27,2023-07-13 15:45:20
2023-07-13 15:45:20,2023-07-18 15:45:24,,
2023-07-13 15:59:35,2023-07-18 15:59:35,2023-07-13 15:59:45,2023-07-13 16:00:00
2023-07-13 15:59:45,2023-07-18 15:59:48,,
2023-07-14 10:37:44,2023-07-19 10:41:38,2023-07-14 10:41:29,2023-07-14 10:38:25
2023-07-14 12:46:23,2023-07-19 12:48:53,2023-07-14 12:46:53,2023-07-14 12:52:13
2023-07-14 14:20:01,2023-07-19 14:22:20,2023-07-14 14:21:08,2023-07-14 14:29:07
2023-07-14 14:35:14,2023-07-19 14:35:46,2023-07-14 14:37:38,2023-07-14 14:42:55
2023-07-14 15:52:29,2023-07-19 15:52:46,,
2023-07-14 15:56:00,2023-07-19 15:56:01,,
2023-07-17 10:06:31,2023-07-24 09:30:00,2023-07-17 10:07:42,2023-07-17 10:08:53
2023-07-17 12:02:49,2023-07-24 09:30:00,,
2023-07-17 14:54:15,2023-07-24 09:30:00,2023-07-17 14:55:59,2023-07-17 15:01:09
2023-07-17 14:55:59,2023-07-24 09:30:00,,
2023-07-17 15:21:09,2023-07-24 09:30:00,2023-07-17 15:21:13,2023-07-17 15:24:07
2023-07-17 15:44:59,2023-07-24 09:30:00,,
2023-07-17 15:59:41,2023-07-24 09:30:00,,
2023-07-17 15:59:53,2023-07-24 09:30:00,2023-07-18 09:30:33,2023-07-18 09:30:24
2023-07-18 10:45:21,2023-07-24 09:30:00,2023-07-18 10:49:56,2023-07-18 10:45:52
2023-07-18 10:45:52,2023-07-24 09:30:00,,
2023-07-18 10:56:20,2023-07-24 09:30:00,2023-07-18 11:00:00,2023-07-18 10:58:15
2023-07-18 10:58:15,2023-07-24 09:30:00,,
2023-07-18 13:21:17,2023-07-24 09:30:00,,
2023-07-18 15:18:26,2023-07-24 09:30:00,2023-07-18 15:20:46,2023-07-18 15:24:11
2023-07-18 15:55:56,2023-07-24 09:30:00,,
2023-07-18 15:59:11,2023-07-24 09:30:00,2023-07-18 15:59:17,2023-07-18 15:59:12
2023-07-19 09:30:08,2023-07-24 09:30:35,,
2023-07-19 09:39:06,2023-07-24 09:39:18,,
2023-07-19 10:24:26,2023-07-24 10:28:19,2023-07-19 10:25:10,2023-07-19 10:26:15
2023-07-19 10:48:51,2023-07-24 10:49:07,2023-07-19 10:52:01,2023-07-19 10:49:27
2023-07-19 10:52:01,2023-07-24 10:54:59,,
2023-07-19 11:37:23,2023-07-24 11:38:25,2023-07-19 11:39:36,2023-07-19 11:48:58
2023-07-19 11:39:36,2023-07-24 11:42:15,,
2023-07-19 12:57:19,2023-07-24 13:03:10,2023-07-19 12:58:47,2023-07-19 12:57:31
2023-07-19 13:02:52,2023-07-24 13:03:10,2023-07-19 13:04:55,2023-07-19 13:03:40
2023-07-19 13:52:43,2023-07-24 13:53:14,,
2023-07-19 15:04:05,2023-07-24 15:04:09,,
2023-07-19 15:59:47,2023-07-24 15:59:50,,
2023-07-20 12:31:50,2023-07-25 12:33:15,,
2023-07-20 13:55:43,2023-07-25 13:56:19,2023-07-20 13:56:38,2023-07-20 13:56:57
2023-07-20 14:45:41,2023-07-25 14:46:46,2023-07-20 14:55:13,2023-07-20 14:51:49
2023-07-20 14:51:49,2023-07-25 14:52:14,,
2023-07-20 14:52:58,2023-07-25 14:53:47,2023-07-20 14:55:13,2023-07-20 14:53:03
2023-07-20 14:53:03,2023-07-25 14:53:47,,
2023-07-20 15:58:20,2023-07-25 15:58:37,2023-07-20 15:58:35,2023-07-20 15:58:23
2023-07-20 15:58:23,2023-07-25 15:58:37,,
2023-07-20 15:59:14,2023-07-25 15:59:17,2023-07-20 15:59:17,2023-07-20 15:59:15
2023-07-20 15:59:15,2023-07-25 15:59:17,,
2023-07-20 15:59:51,2023-07-25 15:59:53,2023-07-21 09:30:00,2023-07-20 16:00:00
2023-07-20 16:00:00,2023-07-25 16:00:00,,
2023-07-21 10:38:56,2023-07-26 10:45:55,2023-07-21 10:40:38,2023-07-21 10:40:33
2023-07-21 12:59:31,2023-07-26 13:01:47,2023-07-21 13:01:29,2023-07-21 13:02:37
2023-07-21 13:01:29,2023-07-26 13:01:47,,
2023-07-21 15:59:36,2023-07-26 15:59:36,,
2023-07-24 09:34:43,2023-07-31 09:30:00,,
2023-07-24 10:16:43,2023-07-31 09:30:00,2023-07-24 10:17:56,2023-07-24 10:17:25
2023-07-24 10:17:25,2023-07-31 09:30:00,,
2023-07-24 11:03:10,2023-07-31 09:30:00,2023-07-24 11:06:32,2023-07-24 11:05:30
2023-07-24 11:05:30,2023-07-31 09:30:00,,
2023-07-24 13:42:36,2023-07-31 09:30:00,,
2023-07-24 14:41:53,2023-07-31 09:30:00,,
2023-07-24 14:51:40,2023-07-31 09:30:00,2023-07-24 14:55:14,2023-07-24 14:51:51
2023-07-24 15:02:55,2023-07-31 09:30:00,,
2023-07-24 15:34:12,2023-07-31 09:30:00,,
2023-07-24 15:39:09,2023-07-31 09:30:00,,
2023-07-24 15:53:12,2023-07-31 09:30:00,2023-07-24 15:54:29,2023-07-24 15:56:51
2023-07-24 15:58:35,2023-07-31 09:30:00,2023-07-24 15:58:44,2023-07-24 15:59:00
2023-07-25 10:08:51,2023-07-31 09:30:00,,
2023-07-25 10:14:05,2023-07-31 09:30:00,2023-07-25 10:15:23,2023-07-25 10:17:27
2023-07-25 13:05:33,2023-07-31 09:30:00,2023-07-25 13:06:21,2023-07-25 13:05:44
2023-07-25 13:05:44,2023-07-31 09:30:00,,
2023-07-25 13:20:07,2023-07-31 09:30:00,2023-07-25 13:30:11,2023-07-25 13:23:14
2023-07-25 13:23:14,2023-07-31 09:30:00,,
2023-07-25 15:26:14,2023-07-31 09:30:00,,
2023-07-26 09:36:24,2023-07-31 09:36:42,2023-07-26 09:46:00,2023-07-26 09:36:27
2023-07-26 09:59:09,2023-07-31 10:01:56,,
2023-07-26 12:41:12,2023-07-31 12:46:07,,
2023-07-26 13:05:25,2023-07-31 13:08:12,,
2023-07-26 13:14:02,2023-07-31 13:15:48,2023-07-26 13:16:06,2023-07-26 13:16:57
2023-07-26 14:15:10,2023-07-31 14:18:00,2023-07-26 14:16:18,2023-07-26 14:17:26
2023-07-26 14:20:58,2023-07-31 14:21:42,,
2023-07-27 09:31:07,2023-08-01 09:32:21,2023-07-27 09:31:17,2023-07-27 09:32:52
2023-07-27 11:27:12,2023-08-01 11:30:40,2023-07-27 11:30:55,2023-07-27 11:29:23
2023-07-27 11:32:39,2023-08-01 11:38:03,2023-07-27 11:32:53,2023-07-27 11:32:40
2023-07-27 11:33:26,2023-08-01 11:38:03,2023-07-27 11:33:30,2023-07-27 11:33:39
2023-07-27 11:33:30,2023-08-01 11:38:03,,
2023-07-27 12:15:08,2023-08-01 12:15:42,,
2023-07-27 13:49:30,2023-08-01 13:50:28,2023-07-27 13:49:35,2023-07-27 13:49:51
2023-07-27 13:49:35,2023-08-01 13:50:28,,
2023-07-27 13:50:47,2023-08-01 13:56:51,2023-07-27 13:51:14,2023-07-27 13:51:29
2023-07-27 13:51:14,2023-08-01 13:56:51,,
2023-07-27 13:52:13,2023-08-01 13:56:51,,
2023-07-27 13:56:38,2023-08-01 13:56:51,2023-07-27 13:56:51,2023-07-27 13:57:00
2023-07-27 13:59:53,2023-08-01 14:00:26,2023-07-27 14:02:57,2023-07-27 14:02:33
2023-07-27 14:02:33,2023-08-01 14:05:13,,
2023-07-27 15:43:03,2023-08-01 15:43:28,,
2023-07-28 11:15:52,2023-08-02 11:20:27,,
2023-07-28 11:45:29,2023-08-02 11:46:07,,
2023-07-28 14:21:04,2023-08-02 14:22:05,2023-07-28 14:21:34,2023-07-28 14:26:25
2023-07-28 14:21:34,2023-08-02 14:22:05,,
2023-07-28 14:38:26,2023-08-02 14:38:39,2023-07-28 14:44:16,2023-07-28 14:40:22
2023-07-28 15:53:29,2023-08-02 15:53:46,2023-07-28 15:53:59,2023-07-28 15:54:51
2023-07-28 15:53:59,2023-08-02 15:54:43,,
2023-07-28 15:54:00,2023-08-02 15:54:43,2023-07-28 15:55:07,2023-07-28 15:54:51
2023-07-28 16:00:00,2023-08-02 16:00:00,2023-07-31 09:32:40,2023-07-31 09:30:00
2023-07-31 12:07:18,2023-08-07 09:30:00,,
2023-07-31 12:27:17,2023-08-07 09:30:00,,
2023-07-31 15:01:47,2023-08-07 09:30:00,,
2023-08-01 11:57:10,2023-08-07 09:30:00,,
2023-08-01 12:45:42,2023-08-07 09:30:00,2023-08-01 12:55:24,2023-08-01 12:51:37
2023-08-01 12:51:37,2023-08-07 09:30:00,,
2023-08-01 15:13:39,2023-08-07 09:30:00,2023-08-01 15:14:07,2023-08-01 15:14:11
2023-08-01 15:22:16,2023-08-07 09:30:00,,
2023-08-01 15:33:43,2023-08-07 09:30:00,2023-08-01 15:36:31,2023-08-01 15:41:30
2023-08-01 15:54:30,2023-08-07 09:30:00,2023-08-01 15:55:00,2023-08-01 15:55:14
2023-08-01 15:55:00,2023-08-07 09:30:00,,
2023-08-01 15:59:41,2023-08-07 09:30:00,,
2023-08-02 11:28:50,2023-08-07 11:29:22,2023-08-02 11:31:48,2023-08-02 11:36:35
2023-08-02 11:36:35,2023-08-07 11:40:17,,
2023-08-02 12:08:29,2023-08-07 12:12:26,2023-08-02 12:09:04,2023-08-02 12:08:48
2023-08-02 12:08:48,2023-08-07 12:12:26,,
2023-08-02 12:20:00,2023-08-07 12:21:58,2023-08-02 12:20:16,2023-08-02 12:20:19
2023-08-02 12:38:09,2023-08-07 12:39:54,2023-08-02 12:40:16,2023-08-02 12:42:22
2023-08-02 13:41:00,2023-08-07 13:44:39,,
2023-08-02 14:50:44,2023-08-07 14:50:52,,
2023-08-02 15:03:53,2023-08-07 15:04:11,2023-08-02 15:04:58,2023-08-02 15:06:43
2023-08-02 15:04:58,2023-08-07 15:07:15,,
2023-08-02 15:59:12,2023-08-07 15:59:13,2023-08-02 15:59:36,2023-08-03 09:30:00
2023-08-03 10:00:00,2023-08-08 10:03:09,2023-08-03 10:00:29,2023-08-03 10:00:08
2023-08-03 11:07:01,2023-08-08 11:07:03,,
2023-08-03 13:39:25,2023-08-08 13:39:47,2023-08-03 13:44:29,2023-08-03 13:43:23
2023-08-03 13:43:23,2023-08-08 13:44:17,,
2023-08-04 10:00:38,2023-08-09 10:01:06,2023-08-04 10:01:18,2023-08-04 10:02:23
2023-08-04 10:20:17,2023-08-09 10:20:31,,
2023-08-04 11:29:45,2023-08-09 11:30:17,,
2023-08-04 11:42:29,2023-08-09 11:42:44,,
2023-08-04 11:44:15,2023-08-09 11:44:26,2023-08-04 11:45:32,2023-08-04 11:47:43
2023-08-04 11:45:32,2023-08-09 11:46:19,,
2023-08-04 12:05:01,2023-08-09 12:08:32,2023-08-04 12:05:33,2023-08-04 12:06:22
2023-08-04 12:05:33,2023-08-09 12:08:32,,
2023-08-04 12:16:50,2023-08-09 12:18:15,2023-08-04 12:18:02,2023-08-04 12:16:52
2023-08-04 14:12:31,2023-08-09 14:12:46,,
2023-08-04 15:04:18,2023-08-09 15:07:56,,
2023-08-04 15:16:10,2023-08-09 15:18:04,2023-08-04 15:20:03,2023-08-04 15:17:07
2023-08-04 15:17:07,2023-08-09 15:18:04,,
2023-08-04 15:50:01,2023-08-09 15:50:01,2023-08-04 15:50:14,2023-08-04 15:50:44
2023-08-07 09:37:04,2023-08-14 09:30:00,2023-08-07 09:41:10,2023-08-07 09:38:39
2023-08-07 09:38:39,2023-08-14 09:30:00,,
2023-08-07 10:02:27,2023-08-14 09:30:00,2023-08-07 10:03:30,2023-08-07 10:03:40
2023-08-07 10:41:08,2023-08-14 09:30:00,2023-08-07 10:48:57,2023-08-07 10:43:44
2023-08-07 10:43:44,2023-08-14 09:30:00,,
2023-08-07 11:27:14,2023-08-14 09:30:00,,
2023-08-07 12:52:36,2023-08-14 09:30:00,,
2023-08-07 13:48:18,2023-08-14 09:30:00,2023-08-07 13:51:57,2023-08-07 13:49:23
2023-08-07 14:30:08,2023-08-14 09:30:00,2023-08-07 14:31:45,2023-08-07 14:34:39
2023-08-07 14:31:45,2023-08-14 09:30:00,,
2023-08-07 14:55:07,2023-08-14 09:30:00,,
2023-08-07 14:55:43,2023-08-14 09:30:00,2023-08-07 14:57:38,2023-08-07 15:04:11
2023-08-07 14:57:38,2023-08-14 09:30:00,2023-08-10 09:30:33,2023-08-08 09:30:42
2023-08-07 15:58:52,2023-08-14 09:30:00,2023-08-07 15:59:13,2023-08-07 15:59:23
2023-08-07 15:59:13,2023-08-14 09:30:00,,
2023-08-08 11:09:07,2023-08-14 09:30:00,,
2023-08-08 12:56:43,2023-08-14 09:30:00,,
2023-08-08 13:39:47,2023-08-14 09:30:00,,
2023-08-08 14:35:44,2023-08-14 09:30:00,,
2023-08-08 15:50:43,2023-08-14 09:30:00,,
2023-08-08 15:59:00,2023-08-14 09:30:00,,
2023-08-09 14:47:16,2023-08-14 14:48:59,,
2023-08-10 09:40:36,2023-08-15 09:41:06,,
2023-08-10 12:27:40,2023-08-15 12:28:07,,
2023-08-10 14:34:23,2023-08-15 14:34:42,,
2023-08-10 14:59:17,2023-08-15 14:59:19,2023-08-10 15:01:17,2023-08-10 15:08:39
2023-08-11 10:18:54,2023-08-16 10:21:21,2023-08-11 10:29:32,2023-08-11 10:19:57
2023-08-11 10:19:57,2023-08-16 10:21:21,,
2023-08-11 15:51:39,2023-08-16 15:52:03,,
2023-08-14 09:59:16,2023-08-21 09:30:00,2023-08-14 10:00:40,2023-08-14 10:01:02
2023-08-14 10:00:40,2023-08-21 09:30:00,,
2023-08-14 14:33:26,2023-08-21 09:30:00,2023-08-14 14:38:36,2023-08-14 14:37:16
2023-08-14 15:00:26,2023-08-21 09:30:00,2023-08-14 15:05:19,2023-08-14 15:03:12
2023-08-14 15:21:04,2023-08-21 09:30:00,2023-08-14 15:24:52,2023-08-14 15:22:28
2023-08-14 15:22:28,2023-08-21 09:30:00,,
2023-08-15 11:01:18,2023-08-21 09:30:00,,
2023-08-15 12:06:53,2023-08-21 09:30:00,,
2023-08-15 12:48:03,2023-08-21 09:30:00,,
2023-08-15 13:25:44,2023-08-21 09:30:00,,
2023-08-15 13:40:00,2023-08-21 09:30:00,2023-08-15 13:41:14,2023-08-15 13:45:11
2023-08-15 14:01:53,2023-08-21 09:30:00,2023-08-15 14:07:31,2023-08-15 14:05:31
2023-08-15 14:05:31,2023-08-21 09:30:00,,
2023-08-15 14:40:38,2023-08-21 09:30:00,2023-08-15 14:43:42,2023-08-15 14:46:08
2023-08-16 10:04:51,2023-08-21 10:05:08,,
2023-08-16 13:20:43,2023-08-21 13:20:49,2023-08-16 13:26:03,2023-08-16 13:24:35
2023-08-16 13:33:50,2023-08-21 13:34:30,2023-08-16 13:36:09,2023-08-16 13:41:30
2023-08-16 13:36:09,2023-08-21 13:36:16,,
2023-08-16 14:00:04,2023-08-21 14:00:28,2023-08-16 14:00:15,2023-08-16 14:02:13
2023-08-16 14:56:44,2023-08-21 14:58:22,2023-08-16 15:01:41,2023-08-16 14:58:13
2023-08-16 15:47:40,2023-08-21 15:47:52,2023-08-16 15:48:16,2023-08-16 15:50:02
2023-08-16 15:48:16,2023-08-21 15:49:05,,
2023-08-16 15:50:47,2023-08-21 15:50:47,,
2023-08-16 15:56:47,2023-08-21 15:57:18,,
2023-08-16 15:59:11,2023-08-21 15:59:41,2023-08-16 15:59:35,2023-08-16 15:59:43
2023-08-17 09:30:00,2023-08-22 09:30:00,,
2023-08-17 11:12:03,2023-08-22 11:12:28,2023-08-17 11:13:33,2023-08-17 11:18:23
2023-08-17 11:20:39,2023-08-22 11:21:05,2023-08-17 11:26:53,2023-08-17 11:23:32
2023-08-17 12:13:52,2023-08-22 12:13:57,2023-08-17 12:19:00,2023-08-17 12:17:32
2023-08-18 09:51:55,2023-08-23 09:54:23,2023-08-18 09:52:05,2023-08-18 09:53:30
2023-08-18 09:55:23,2023-08-23 10:00:38,,
2023-08-18 11:20:07,2023-08-23 11:20:15,,
2023-08-18 12:47:10,2023-08-23 12:49:37,2023-08-18 12:56:51,2023-08-18 12:50:09
2023-08-18 12:50:09,2023-08-23 12:52:23,,
2023-08-18 14:08:21,2023-08-23 14:08:40,2023-08-18 14:12:29,2023-08-18 14:14:07
2023-08-18 14:12:29,2023-08-23 14:14:03,,
2023-08-18 15:24:41,2023-08-23 15:25:41,,
2023-08-18 15:53:00,2023-08-23 15:54:46,,
2023-08-21 09:43:15,2023-08-28 09:30:00,2023-08-21 09:43:57,2023-08-21 09:43:55
2023-08-21 09:44:11,2023-08-28 09:30:00,2023-08-21 09:45:23,2023-08-21 09:44:34
2023-08-21 09:45:23,2023-08-28 09:30:00,,
2023-08-21 09:54:49,2023-08-28 09:30:00,2023-08-21 09:55:54,2023-08-21 09:55:32
2023-08-21 10:35:31,2023-08-28 09:30:00,2023-08-21 10:37:19,2023-08-21 10:35:40
2023-08-21 10:58:09,2023-08-28 09:30:00,2023-08-21 10:58:11,2023-08-21 10:59:22
2023-08-21 10:58:11,2023-08-28 09:30:00,,
2023-08-21 11:17:22,2023-08-28 09:30:00,2023-08-21 11:19:15,2023-08-21 11:22:08
2023-08-21 11:19:15,2023-08-28 09:30:00,,
2023-08-21 11:42:08,2023-08-28 09:30:00,2023-08-21 11:51:12,2023-08-21 11:44:16
2023-08-21 12:46:58,2023-08-28 09:30:00,,
2023-08-21 14:23:42,2023-08-28 09:30:00,2023-08-21 14:24:27,2023-08-21 14:26:55
2023-08-21 15:32:31,2023-08-28 09:30:00,2023-08-21 15:33:14,2023-08-21 15:34:19
2023-08-21 15:38:46,2023-08-28 09:30:00,2023-08-21 15:39:41,2023-08-21 15:39:16
2023-08-21 15:39:16,2023-08-28 09:30:00,,
2023-08-22 11:11:54,2023-08-28 09:30:00,2023-08-22 11:12:28,2023-08-22 11:15:43
2023-08-22 11:12:28,2023-08-28 09:30:00,,
2023-08-22 11:21:36,2023-08-28 09:30:00,,
2023-08-22 11:30:54,2023-08-28 09:30:00,,
2023-08-22 11:44:34,2023-08-28 09:30:00,2023-08-22 11:44:54,2023-08-22 11:45:25
2023-08-22 11:50:54,2023-08-28 09:30:00,2023-08-22 11:52:05,2023-08-22 11:52:39
2023-08-22 12:05:40,2023-08-28 09:30:00,,
2023-08-22 12:11:17,2023-08-28 09:30:00,,
2023-08-22 12:22:50,2023-08-28 09:30:00,2023-08-22 12:25:27,2023-08-22 12:23:42
2023-08-22 12:27:10,2023-08-28 09:30:00,,
2023-08-22 12:47:32,2023-08-28 09:30:00,2023-08-22 12:50:00,2023-08-22 12:51:19
2023-08-22 13:06:49,2023-08-28 09:30:00,,
2023-08-22 13:50:00,2023-08-28 09:30:00,,
2023-08-22 13:50:40,2023-08-28 09:30:00,2023-08-22 13:51:07,2023-08-22 13:52:06
2023-08-22 13:58:09,2023-08-28 09:30:00,,
2023-08-22 14:09:55,2023-08-28 09:30:00,,
2023-08-22 14:17:30,2023-08-28 09:30:00,,
2023-08-22 14:18:01,2023-08-28 09:30:00,2023-08-22 14:18:33,2023-08-22 14:19:24
2023-08-22 14:23:32,2023-08-28 09:30:00,,
2023-08-22 14:57:07,2023-08-28 09:30:00,2023-08-22 14:58:02,2023-08-22 14:57:13
2023-08-22 14:57:13,2023-08-28 09:30:00,,
2023-08-22 15:02:10,2023-08-28 09:30:00,2023-08-22 15:04:00,2023-08-22 15:04:33
2023-08-22 15:27:25,2023-08-28 09:30:00,2023-08-22 15:28:49,2023-08-22 15:30:40
2023-08-22 15:31:57,2023-08-28 09:30:00,,
2023-08-22 15:38:05,2023-08-28 09:30:00,,
2023-08-22 15:40:33,2023-08-28 09:30:00,2023-08-22 15:40:34,2023-08-22 15:41:07
2023-08-22 15:40:34,2023-08-28 09:30:00,,
2023-08-22 15:43:07,2023-08-28 09:30:00,2023-08-22 15:43:29,2023-08-22 15:44:46
2023-08-22 15:43:29,2023-08-28 09:30:00,,
2023-08-22 15:49:54,2023-08-28 09:30:00,2023-08-22 15:50:00,2023-08-22 15:50:05
2023-08-22 15:50:00,2023-08-28 09:30:00,,
2023-08-22 15:52:34,2023-08-28 09:30:00,2023-08-22 15:52:35,2023-08-22 15:52:50
2023-08-23 09:32:16,2023-08-28 09:35:01,2023-08-23 09:34:55,2023-08-23 09:32:50
2023-08-23 09:32:50,2023-08-28 09:35:01,,
2023-08-23 09:32:53,2023-08-28 09:35:01,2023-08-23 09:34:55,2023-08-23 09:33:55
2023-08-23 09:33:55,2023-08-28 09:35:01,,
2023-08-23 10:16:02,2023-08-28 10:16:36,2023-08-23 10:17:36,2023-08-23 10:17:12
2023-08-23 10:17:12,2023-08-28 10:21:19,,
2023-08-23 11:03:57,2023-08-28 11:05:32,2023-08-23 11:07:21,2023-08-23 11:07:54
2023-08-23 11:55:18,2023-08-28 11:55:46,2023-08-23 11:57:30,2023-08-23 11:55:52
2023-08-23 11:55:52,2023-08-28 11:57:09,,
2023-08-23 12:54:38,2023-08-28 12:55:23,2023-08-23 13:09:00,2023-08-23 12:57:58
2023-08-23 13:14:06,2023-08-28 13:19:49,2023-08-23 13:16:36,2023-08-23 13:18:33
2023-08-23 13:16:36,2023-08-28 13:19:49,,
2023-08-23 14:26:11,2023-08-28 14:27:04,,
2023-08-24 10:00:01,2023-08-29 10:00:01,2023-08-24 10:04:44,2023-08-24 10:01:25
2023-08-24 10:01:25,2023-08-29 10:01:44,,
2023-08-24 12:21:18,2023-08-29 12:23:37,,
2023-08-24 15:52:27,2023-08-29 15:52:45,,
2023-08-24 15:59:05,2023-08-29 15:59:24,2023-08-24 15:59:23,2023-08-25 09:30:14
2023-08-25 11:58:56,2023-08-30 12:03:27,2023-08-25 11:59:00,2023-08-25 11:58:59
2023-08-25 11:58:59,2023-08-30 12:03:27,,
2023-08-25 12:48:11,2023-08-30 12:50:56,,
2023-08-25 13:00:56,2023-08-30 13:00:56,,
2023-08-25 13:30:08,2023-08-30 13:32:32,2023-08-25 13:32:44,2023-08-25 13:33:31
2023-08-25 13:32:44,2023-08-30 13:34:43,,
2023-08-25 14:02:25,2023-08-30 14:05:01,,
2023-08-25 14:20:45,2023-08-30 14:23:22,2023-08-25 14:24:41,2023-08-25 14:20:47
2023-08-25 14:20:47,2023-08-30 14:23:22,,
2023-08-25 15:50:48,2023-08-30 15:51:28,,
2023-08-28 15:45:04,2023-09-05 09:30:00,,
2023-08-29 11:33:55,2023-09-05 09:30:00,2023-08-29 11:50:57,2023-08-29 11:34:07
2023-08-29 11:34:07,2023-09-05 09:30:00,,
2023-08-29 12:08:24,2023-09-05 09:30:00,2023-08-29 12:31:00,2023-08-29 12:09:52
2023-08-29 12:09:52,2023-09-05 09:30:00,,
2023-08-29 12:27:08,2023-09-05 09:30:00,2023-08-29 12:31:00,2023-08-29 12:28:19
2023-08-29 12:28:19,2023-09-05 09:30:00,,
2023-08-29 14:48:07,2023-09-05 09:30:00,,
2023-08-29 15:42:05,2023-09-05 09:30:00,2023-08-29 15:44:16,2023-08-29 15:45:09
2023-08-29 15:44:16,2023-09-05 09:30:00,,
2023-08-30 11:45:12,2023-09-05 09:30:00,2023-08-30 12:03:27,2023-08-30 11:48:41
2023-08-31 09:38:12,2023-09-05 09:39:32,2023-08-31 09:39:13,2023-08-31 09:41:03
2023-08-31 11:44:04,2023-09-05 11:47:01,2023-08-31 11:45:14,2023-08-31 11:45:40
2023-08-31 11:45:14,2023-09-05 11:47:01,,
2023-08-31 14:08:22,2023-09-05 14:09:08,,
2023-08-31 14:18:04,2023-09-05 14:22:21,2023-08-31 14:20:31,2023-08-31 14:26:06
2023-09-01 14:47:50,2023-09-06 14:49:38,2023-09-01 14:48:32,2023-09-01 14:48:15
2023-09-01 14:48:15,2023-09-06 14:49:38,,
2023-09-05 09:30:00,2023-09-11 09:30:00,,
2023-09-05 11:17:07,2023-09-11 09:30:00,2023-09-05 11:19:47,2023-09-05 11:20:32
2023-09-05 11:19:47,2023-09-11 09:30:00,,
2023-09-05 14:55:11,2023-09-11 09:30:00,2023-09-05 14:59:26,2023-09-05 14:59:29
2023-09-06 11:40:46,2023-09-11 11:43:16,2023-09-06 11:50:07,2023-09-06 11:45:25
2023-09-06 14:44:22,2023-09-11 14:44:46,,
2023-09-06 15:12:11,2023-09-11 15:15:17,2023-09-06 15:23:06,2023-09-06 15:14:05
2023-09-06 15:14:05,2023-09-11 15:15:17,,
2023-09-06 15:36:03,2023-09-11 15:36:23,,
2023-09-07 09:43:29,2023-09-12 09:46:14,2023-09-07 09:46:52,2023-09-07 09:49:11
2023-09-07 09:46:52,2023-09-12 09:48:51,,
2023-09-07 10:06:38,2023-09-12 10:07:02,2023-09-07 10:07:01,2023-09-07 10:07:30
2023-09-07 10:07:01,2023-09-12 10:07:02,,
2023-09-07 10:09:55,2023-09-12 10:11:42,2023-09-07 10:13:31,2023-09-07 10:11:27
2023-09-07 10:11:27,2023-09-12 10:11:42,,
2023-09-07 10:37:55,2023-09-12 10:39:02,,
2023-09-07 11:29:26,2023-09-12 11:32:20,,
2023-09-07 12:57:33,2023-09-12 12:59:32,2023-09-07 13:06:59,2023-09-07 13:01:34
2023-09-07 15:46:43,2023-09-12 15:48:04,2023-09-07 15:48:12,2023-09-07 15:47:34
2023-09-07 15:47:34,2023-09-12 15:48:04,,
2023-09-07 15:52:00,2023-09-12 15:53:27,,
2023-09-08 10:00:59,2023-09-13 10:01:02,2023-09-08 10:02:53,2023-09-08 10:01:53
2023-09-08 10:01:53,2023-09-13 10:03:50,,
2023-09-08 10:17:54,2023-09-13 10:18:05,,
2023-09-08 10:40:45,2023-09-13 10:43:29,2023-09-08 10:41:24,2023-09-08 10:42:40
2023-09-08 11:06:35,2023-09-13 11:09:33,,
2023-09-08 11:17:48,2023-09-13 11:22:48,,
2023-09-08 11:33:05,2023-09-13 11:36:52,,
2023-09-08 15:59:26,2023-09-13 15:59:30,2023-09-08 15:59:36,2023-09-08 15:59:56
2023-09-08 15:59:36,2023-09-13 15:59:39,,
2023-09-11 15:59:30,2023-09-18 09:30:00,2023-09-11 16:00:00,2023-09-11 15:59:51
2023-09-12 10:33:40,2023-09-18 09:30:00,,
2023-09-12 14:36:46,2023-09-18 09:30:00,,
2023-09-12 15:00:42,2023-09-18 09:30:00,,
2023-09-12 16:54:49,2023-09-18 09:30:00,2023-09-13 09:30:03,2023-09-12 16:55:08
2023-09-13 10:12:58,2023-09-18 10:14:03,2023-09-13 10:13:35,2023-09-13 10:20:55
2023-09-13 15:49:56,2023-09-18 15:52:34,2023-09-13 15:51:39,2023-09-13 15:50:15
2023-09-14 09:30:30,2023-09-19 09:32:30,2023-09-14 09:30:37,2023-09-14 09:30:36
2023-09-14 09:30:36,2023-09-19 09:32:30,,
2023-09-14 09:51:24,2023-09-19 09:51:51,2023-09-14 09:53:20,2023-09-14 09:53:33
2023-09-14 14:08:26,2023-09-19 14:09:23,2023-09-14 14:12:13,2023-09-14 14:16:15
2023-09-14 14:12:13,2023-09-19 14:13:02,,
2023-09-14 15:38:35,2023-09-19 15:39:15,2023-09-14 15:40:30,2023-09-14 15:42:34
2023-09-14 15:40:30,2023-09-19 15:41:16,,
2023-09-14 15:59:24,2023-09-19 15:59:34,2023-09-14 15:59:27,2023-09-14 15:59:37
2023-09-14 15:59:27,2023-09-19 15:59:34,,
2023-09-15 11:22:36,2023-09-20 11:23:14,2023-09-15 11:22:37,2023-09-15 11:23:32
2023-09-15 11:22:37,2023-09-20 11:23:14,2023-09-20 09:30:00,2023-09-19 09:32:30
2023-09-15 11:59:17,2023-09-20 11:59:21,,
2023-09-15 14:22:56,2023-09-20 14:24:46,2023-09-15 14:24:18,2023-09-15 14:26:11
2023-09-15 14:24:18,2023-09-20 14:24:46,,
2023-09-15 14:50:56,2023-09-20 14:51:54,2023-09-15 14:54:57,2023-09-15 14:52:51
2023-09-15 14:52:51,2023-09-20 14:54:13,,
2023-09-15 15:15:35,2023-09-20 15:15:35,2023-09-15 15:18:51,2023-09-15 15:17:01
2023-09-15 15:17:01,2023-09-20 15:17:04,,
2023-09-18 10:18:01,2023-09-25 09:30:00,,
2023-09-18 10:45:01,2023-09-25 09:30:00,,
2023-09-18 12:00:36,2023-09-25 09:30:00,,
2023-09-18 12:02:13,2023-09-25 09:30:00,2023-09-18 12:03:12,2023-09-18 12:04:30
2023-09-18 12:20:38,2023-09-25 09:30:00,2023-09-18 12:22:41,2023-09-18 12:20:49
2023-09-18 12:20:49,2023-09-25 09:30:00,,
2023-09-18 13:21:47,2023-09-25 09:30:00,,
2023-09-18 13:33:21,2023-09-25 09:30:00,2023-09-18 13:35:15,2023-09-18 13:36:04
2023-09-18 13:35:15,2023-09-25 09:30:00,,
2023-09-18 14:09:01,2023-09-25 09:30:00,,
2023-09-18 14:27:17,2023-09-25 09:30:00,2023-09-18 14:29:01,2023-09-18 14:28:28
2023-09-18 14:38:41,2023-09-25 09:30:00,2023-09-18 14:57:24,2023-09-18 14:39:00
2023-09-19 09:37:56,2023-09-25 09:30:00,2023-09-19 09:37:59,2023-09-19 09:38:25
2023-09-19 09:37:59,2023-09-25 09:30:00,,
2023-09-19 14:07:48,2023-09-25 09:30:00,,
2023-09-19 15:58:13,2023-09-25 09:30:00,2023-09-19 15:59:00,2023-09-19 15:59:57
2023-09-20 09:36:24,2023-09-25 09:36:35,2023-09-20 09:41:57,2023-09-20 09:36:40
2023-09-20 09:36:40,2023-09-25 09:37:15,,
2023-09-20 09:38:21,2023-09-25 09:38:48,2023-09-20 09:41:57,2023-09-20 09:48:04
2023-09-20 09:49:29,2023-09-25 09:51:30,2023-09-20 09:54:57,2023-09-20 09:50:25
2023-09-20 09:50:25,2023-09-25 09:51:30,,
2023-09-20 11:54:13,2023-09-25 11:56:14,2023-09-20 11:59:21,2023-09-20 11:59:59
2023-09-20 11:59:21,2023-09-25 11:59:24,,
2023-09-20 12:04:23,2023-09-25 12:08:43,,
2023-09-20 12:06:29,2023-09-25 12:08:43,2023-09-20 12:10:00,2023-09-20 12:08:15
2023-09-20 12:11:34,2023-09-25 12:11:52,2023-09-20 12:12:49,2023-09-20 12:14:37
2023-09-20 12:12:49,2023-09-25 12:17:02,,
2023-09-20 14:22:09,2023-09-25 14:22:09,2023-09-20 14:24:55,2023-09-20 14:24:46
2023-09-20 15:02:23,2023-09-25 15:03:01,,
2023-09-20 15:55:59,2023-09-25 15:56:27,,
2023-09-20 16:00:00,2023-09-25 16:00:00,,
2023-09-21 09:40:39,2023-09-26 09:43:29,,
2023-09-21 09:46:39,2023-09-26 09:50:04,2023-09-21 09:47:05,2023-09-21 09:47:13
2023-09-21 09:47:05,2023-09-26 09:50:04,,
2023-09-21 10:19:00,2023-09-26 10:19:25,2023-09-21 10:19:15,2023-09-21 10:20:22
2023-09-21 10:19:15,2023-09-26 10:19:25,,
2023-09-21 11:23:13,2023-09-26 11:26:32,2023-09-21 11:25:04,2023-09-21 11:24:01
2023-09-21 11:24:01,2023-09-26 11:26:32,,
2023-09-21 11:28:59,2023-09-26 11:29:08,2023-09-21 11:39:25,2023-09-21 11:32:15
2023-09-21 11:32:15,2023-09-26 11:32:31,,
2023-09-21 15:47:14,2023-09-26 15:47:30,2023-09-21 15:48:33,2023-09-21 15:50:03
2023-09-21 15:48:33,2023-09-26 15:48:47,,
2023-09-21 15:59:00,2023-09-26 15:59:00,2023-09-21 15:59:12,2023-09-21 15:59:35
2023-09-22 12:33:03,2023-09-27 12:33:53,,
2023-09-22 13:06:15,2023-09-27 13:06:50,,
2023-09-22 14:28:08,2023-09-27 14:28:59,2023-09-22 14:34:12,2023-09-22 14:30:08
2023-09-22 15:50:33,2023-09-27 15:50:35,,
2023-09-25 09:30:47,2023-10-02 09:30:00,2023-09-25 09:31:00,2023-09-25 09:31:12
2023-09-25 09:31:00,2023-10-02 09:30:00,,
2023-09-25 13:03:30,2023-10-02 09:30:00,,
2023-09-25 13:08:42,2023-10-02 09:30:00,2023-09-25 13:14:59,2023-09-25 13:09:58
2023-09-25 13:09:58,2023-10-02 09:30:00,,
2023-09-25 15:04:16,2023-10-02 09:30:00,2023-09-25 15:04:22,2023-09-25 15:04:30
2023-09-25 15:04:22,2023-10-02 09:30:00,,
2023-09-25 15:04:43,2023-10-02 09:30:00,2023-09-25 15:05:32,2023-09-25 15:04:50
2023-09-25 15:08:11,2023-10-02 09:30:00,2023-09-25 15:11:43,2023-09-25 15:09:19
2023-09-26 10:30:06,2023-10-02 09:30:00,,
2023-09-26 12:53:48,2023-10-02 09:30:00,,
2023-09-26 14:59:55,2023-10-02 09:30:00,,
2023-09-26 15:14:13,2023-10-02 09:30:00,,
2023-09-26 15:40:08,2023-10-02 09:30:00,2023-09-26 15:42:40,2023-09-26 15:41:15
2023-09-26 15:41:15,2023-10-02 09:30:00,,
2023-09-26 15:43:40,2023-10-02 09:30:00,,
2023-09-26 15:54:22,2023-10-02 09:30:00,2023-09-26 15:54:51,2023-09-26 15:54:50
2023-09-26 15:54:50,2023-10-02 09:30:00,,
2023-09-26 15:59:15,2023-10-02 09:30:00,2023-09-26 15:59:21,2023-09-26 15:59:30
2023-09-27 11:17:17,2023-10-02 11:18:53,2023-09-27 11:29:53,2023-09-27 11:20:09
2023-09-27 12:30:46,2023-10-02 12:33:17,2023-09-27 12:30:51,2023-09-27 12:33:53
2023-09-27 12:30:51,2023-10-02 12:33:17,,
2023-09-27 15:13:05,2023-10-02 15:13:31,2023-09-27 15:15:19,2023-09-27 15:13:11
2023-09-27 15:13:11,2023-10-02 15:13:31,,
2023-09-28 10:51:51,2023-10-03 10:52:59,2023-09-28 11:02:08,2023-09-28 10:55:02
2023-09-28 10:55:02,2023-10-03 10:55:09,,
2023-09-28 12:03:44,2023-10-03 12:03:53,2023-09-28 12:04:15,2023-09-28 12:05:27
2023-09-28 13:35:37,2023-10-03 13:38:47,2023-09-28 13:38:16,2023-09-28 13:40:14
2023-09-28 13:38:16,2023-10-03 13:38:47,,
2023-09-28 15:11:17,2023-10-03 15:12:02,,
2023-09-28 15:42:29,2023-10-03 15:42:41,2023-09-28 15:45:47,2023-09-28 15:47:31
2023-09-28 15:45:47,2023-10-03 15:45:58,,
2023-09-29 09:38:06,2023-10-04 09:38:44,2023-09-29 09:38:12,2023-09-29 09:38:35
2023-09-29 10:11:52,2023-10-04 10:12:17,2023-09-29 10:13:03,2023-09-29 10:12:58
2023-09-29 10:37:38,2023-10-04 10:37:57,,
2023-09-29 10:45:31,2023-10-04 10:46:14,2023-09-29 10:45:55,2023-09-29 10:47:42
2023-09-29 10:45:55,2023-10-04 10:46:14,,
2023-09-29 10:54:09,2023-10-04 10:54:56,,
2023-09-29 11:35:33,2023-10-04 11:37:31,,
2023-09-29 11:45:25,2023-10-04 11:46:38,,
2023-09-29 11:46:26,2023-10-04 11:46:38,2023-09-29 11:48:07,2023-09-29 11:47:21
2023-09-29 11:56:54,2023-10-04 11:57:19,2023-09-29 11:59:03,2023-09-29 12:00:22
2023-09-29 11:59:03,2023-10-04 11:59:31,,
2023-09-29 12:12:39,2023-10-04 12:13:31,,
2023-09-29 12:38:36,2023-10-04 12:40:07,2023-09-29 12:40:44,2023-09-29 12:43:03
2023-09-29 13:54:43,2023-10-04 13:55:46,2023-09-29 13:56:42,2023-09-29 13:55:30
2023-09-29 14:13:37,2023-10-04 14:15:20,,
2023-09-29 15:25:23,2023-10-04 15:26:12,,
2023-09-29 15:52:51,2023-10-04 15:52:57,,
2023-10-02 10:55:13,2023-10-09 09:30:00,2023-10-02 10:57:11,2023-10-02 10:55:25
2023-10-02 11:02:42,2023-10-09 09:30:00,2023-10-02 11:03:24,2023-10-02 11:08:33
2023-10-02 11:03:24,2023-10-09 09:30:00,,
2023-10-02 13:03:09,2023-10-09 09:30:00,2023-10-02 13:04:04,2023-10-02 13:05:49
2023-10-02 13:04:04,2023-10-09 09:30:00,,
2023-10-02 13:11:21,2023-10-09 09:30:00,2023-10-02 13:13:12,2023-10-02 13:19:01
2023-10-02 13:47:32,2023-10-09 09:30:00,,
2023-10-02 14:14:41,2023-10-09 09:30:00,2023-10-02 14:15:05,2023-10-02 14:24:52
2023-10-02 15:01:03,2023-10-09 09:30:00,2023-10-02 15:02:32,2023-10-02 15:02:35
2023-10-02 15:02:43,2023-10-09 09:30:00,2023-10-02 15:02:44,2023-10-02 15:03:20
2023-10-02 15:06:15,2023-10-09 09:30:00,2023-10-02 15:06:50,2023-10-02 15:06:21
2023-10-02 15:32:41,2023-10-09 09:30:00,2023-10-02 15:34:53,2023-10-02 15:32:45
2023-10-02 15:32:45,2023-10-09 09:30:00,,
2023-10-02 15:39:46,2023-10-09 09:30:00,,
2023-10-02 15:55:24,2023-10-09 09:30:00,2023-10-02 15:55:39,2023-10-02 15:56:03
2023-10-03 12:34:51,2023-10-09 09:30:00,,
2023-10-03 14:18:56,2023-10-09 09:30:00,2023-10-03 14:21:08,2023-10-03 14:22:03
2023-10-03 14:25:32,2023-10-09 09:30:00,,
2023-10-03 14:32:04,2023-10-09 09:30:00,2023-10-03 14:32:05,2023-10-03 14:34:12
2023-10-03 14:32:05,2023-10-09 09:30:00,,
2023-10-03 14:32:14,2023-10-09 09:30:00,2023-10-03 14:32:17,2023-10-03 14:34:12
2023-10-03 14:32:17,2023-10-09 09:30:00,,
2023-10-03 14:41:38,2023-10-09 09:30:00,2023-10-03 14:42:41,2023-10-03 14:42:38
2023-10-03 14:42:38,2023-10-09 09:30:00,,
2023-10-03 14:57:51,2023-10-09 09:30:00,,
2023-10-03 15:02:46,2023-10-09 09:30:00,2023-10-03 15:02:50,2023-10-03 15:03:11
2023-10-03 15:02:50,2023-10-09 09:30:00,,
2023-10-03 15:18:48,2023-10-09 09:30:00,2023-10-03 15:19:45,2023-10-03 15:18:51
2023-10-03 15:18:51,2023-10-09 09:30:00,,
2023-10-03 15:30:04,2023-10-09 09:30:00,,
2023-10-03 15:31:17,2023-10-09 09:30:00,,
2023-10-03 15:31:37,2023-10-09 09:30:00,,
2023-10-03 15:35:45,2023-10-09 09:30:00,2023-10-03 15:35:59,2023-10-03 15:36:42
2023-10-03 15:35:59,2023-10-09 09:30:00,,
2023-10-03 15:44:15,2023-10-09 09:30:00,2023-10-03 15:44:47,2023-10-03 15:44:19
2023-10-03 15:44:19,2023-10-09 09:30:00,,
2023-10-03 15:47:03,2023-10-09 09:30:00,,
2023-10-03 15:59:25,2023-10-09 09:30:00,,
2023-10-04 09:32:28,2023-10-09 09:34:02,2023-10-04 09:34:52,2023-10-04 09:35:06
2023-10-04 11:05:50,2023-10-09 11:05:51,,
2023-10-04 12:48:30,2023-10-09 12:53:06,2023-10-04 12:54:33,2023-10-04 12:50:06
2023-10-04 12:50:06,2023-10-09 12:53:06,,
2023-10-04 14:13:10,2023-10-09 14:15:13,,
2023-10-04 15:06:40,2023-10-09 15:12:09,,
2023-10-04 15:25:00,2023-10-09 15:27:34,2023-10-04 15:28:25,2023-10-04 15:26:12
2023-10-04 15:26:12,2023-10-09 15:27:34,,
2023-10-04 15:48:22,2023-10-09 15:48:48,2023-10-04 15:48:26,2023-10-04 15:50:47
2023-10-05 09:56:09,2023-10-10 09:59:30,2023-10-05 10:00:48,2023-10-05 10:03:14
2023-10-05 10:00:48,2023-10-10 10:00:59,,
2023-10-05 10:34:20,2023-10-10 10:34:51,,
2023-10-05 15:47:08,2023-10-10 15:47:19,,
2023-10-05 15:59:30,2023-10-10 15:59:30,2023-10-05 16:00:00,2023-10-05 15:59:54
2023-10-05 16:01:28,2023-10-10 16:04:36,2023-10-05 16:02:02,2023-10-06 09:30:00
2023-10-06 11:49:46,2023-10-11 11:51:53,2023-10-06 11:54:47,2023-10-06 11:52:53
2023-10-06 11:52:53,2023-10-11 11:54:32,,
2023-10-06 15:03:19,2023-10-11 15:03:30,,
2023-10-09 15:59:36,2023-10-16 09:29:59,,
2023-10-10 10:30:44,2023-10-16 09:29:59,,
2023-10-10 10:31:55,2023-10-16 09:29:59,,
2023-10-10 11:06:15,2023-10-16 09:29:59,,
2023-10-10 15:01:58,2023-10-16 09:29:59,2023-10-10 15:02:48,2023-10-10 15:12:04
2023-10-10 15:02:48,2023-10-16 09:29:59,,
2023-10-10 15:03:30,2023-10-16 09:29:59,2023-10-10 15:04:23,2023-10-10 15:12:04
2023-10-10 15:04:23,2023-10-16 09:29:59,,
2023-10-10 15:39:27,2023-10-16 09:29:59,,
2023-10-10 15:51:37,2023-10-16 09:29:59,2023-10-10 15:51:55,2023-10-10 15:52:10
2023-10-10 15:51:55,2023-10-16 09:29:59,,
2023-10-10 15:59:02,2023-10-16 09:29:59,2023-10-10 15:59:07,2023-10-10 15:59:22
2023-10-10 15:59:07,2023-10-16 09:29:59,,
2023-10-11 12:40:45,2023-10-16 12:41:07,2023-10-11 12:43:43,2023-10-11 12:45:21
2023-10-11 12:43:43,2023-10-16 12:45:02,,
2023-10-11 13:45:06,2023-10-16 13:48:42,,
2023-10-11 14:49:18,2023-10-16 14:51:41,2023-10-11 14:50:53,2023-10-11 14:50:15
2023-10-11 14:50:15,2023-10-16 14:51:41,,
2023-10-11 15:04:04,2023-10-16 15:04:54,,
2023-10-11 15:29:28,2023-10-16 15:29:54,2023-10-11 15:32:08,2023-10-11 15:29:46
2023-10-11 15:33:58,2023-10-16 15:34:41,2023-10-11 15:36:41,2023-10-11 15:34:20
2023-10-11 15:37:39,2023-10-16 15:38:20,2023-10-11 15:38:20,2023-10-11 15:39:43
2023-10-11 15:38:20,2023-10-16 15:38:20,,
2023-10-11 15:46:16,2023-10-16 15:46:19,,
2023-10-11 15:46:27,2023-10-16 15:47:36,2023-10-11 15:47:39,2023-10-11 15:46:39
2023-10-11 15:46:39,2023-10-16 15:47:36,,
2023-10-11 15:52:00,2023-10-16 15:52:07,2023-10-11 15:52:18,2023-10-11 15:52:07
2023-10-11 15:52:07,2023-10-16 15:52:07,,
2023-10-11 15:55:34,2023-10-16 15:55:37,2023-10-11 15:55:50,2023-10-11 15:56:52
2023-10-11 15:58:03,2023-10-16 15:58:16,2023-10-11 15:58:52,2023-10-11 15:58:28
2023-10-11 15:59:42,2023-10-16 15:59:42,2023-10-11 15:59:48,2023-10-11 15:59:45
2023-10-11 15:59:45,2023-10-16 15:59:46,,
2023-10-12 10:16:21,2023-10-17 10:26:30,2023-10-12 10:22:36,2023-10-12 10:18:21
2023-10-12 11:18:00,2023-10-17 11:18:00,2023-10-12 11:19:02,2023-10-12 11:19:34
2023-10-12 11:19:02,2023-10-17 11:19:07,,
2023-10-12 12:42:54,2023-10-17 12:43:16,,
2023-10-12 14:15:42,2023-10-17 14:18:47,2023-10-12 14:23:56,2023-10-12 14:16:13
2023-10-12 14:31:04,2023-10-17 14:32:09,2023-10-12 14:34:07,2023-10-12 14:32:48
2023-10-13 11:54:05,2023-10-18 11:54:56,,
2023-10-13 12:08:23,2023-10-18 12:08:55,2023-10-13 12:10:21,2023-10-13 12:09:28
2023-10-13 13:11:36,2023-10-18 13:12:18,2023-10-13 13:11:59,2023-10-13 13:11:43
2023-10-13 15:04:31,2023-10-18 15:05:26,2023-10-13 15:05:56,2023-10-13 15:04:39
2023-10-13 15:04:39,2023-10-18 15:05:26,,
2023-10-13 15:51:40,2023-10-18 15:52:09,,
2023-10-13 15:53:51,2023-10-18 15:54:15,2023-10-13 15:53:52,2023-10-13 15:53:57
2023-10-13 15:56:59,2023-10-18 15:57:53,2023-10-13 15:57:35,2023-10-13 15:57:17
2023-10-13 15:57:17,2023-10-18 15:57:53,,
2023-10-16 10:30:24,2023-10-23 09:29:59,2023-10-16 10:38:03,2023-10-16 10:30:56
2023-10-16 10:30:56,2023-10-23 09:29:59,,
2023-10-16 11:46:02,2023-10-23 09:29:59,,
2023-10-16 11:57:44,2023-10-23 09:29:59,2023-10-16 12:00:16,2023-10-16 11:59:31
2023-10-16 14:46:30,2023-10-23 09:29:59,,
2023-10-16 15:33:03,2023-10-23 09:29:59,2023-10-16 15:39:14,2023-10-16 15:33:57
2023-10-16 15:40:42,2023-10-23 09:29:59,2023-10-16 15:42:18,2023-10-16 15:41:20
2023-10-16 15:52:07,2023-10-23 09:29:59,2023-10-16 15:52:30,2023-10-16 15:52:43
2023-10-17 12:03:47,2023-10-23 09:29:59,2023-10-17 12:04:20,2023-10-17 12:06:20
2023-10-17 14:43:44,2023-10-23 09:29:59,2023-10-17 14:46:20,2023-10-17 14:46:48
2023-10-17 14:46:20,2023-10-23 09:29:59,,
2023-10-17 15:34:05,2023-10-23 09:29:59,2023-10-17 15:37:53,2023-10-17 15:35:03
2023-10-17 15:57:19,2023-10-23 09:29:59,2023-10-17 15:57:21,2023-10-17 15:57:23
2023-10-17 15:57:21,2023-10-23 09:29:59,,
2023-10-18 15:51:03,2023-10-23 15:51:43,2023-10-18 15:52:30,2023-10-18 15:52:40
2023-10-18 15:52:30,2023-10-23 15:52:34,,
2023-10-18 15:59:36,2023-10-23 15:59:45,2023-10-18 15:59:45,2023-10-18 15:59:53
2023-10-19 09:49:01,2023-10-24 09:49:56,,
2023-10-19 09:55:00,2023-10-24 09:56:46,,
2023-10-19 15:59:43,2023-10-24 16:00:00,,
2023-10-20 10:20:44,2023-10-25 10:21:38,2023-10-20 10:21:35,2023-10-20 10:20:54
2023-10-20 15:05:08,2023-10-25 15:05:15,2023-10-20 15:05:17,2023-10-20 15:06:37
2023-10-20 15:05:17,2023-10-25 15:06:09,,
2023-10-20 15:05:50,2023-10-25 15:06:09,2023-10-20 15:06:02,2023-10-20 15:06:37
2023-10-20 15:06:02,2023-10-25 15:06:09,,
2023-10-20 15:06:25,2023-10-25 15:06:39,2023-10-20 15:07:02,2023-10-20 15:06:37
2023-10-20 15:08:09,2023-10-25 15:10:19,2023-10-20 15:08:31,2023-10-20 15:09:36
2023-10-20 15:34:11,2023-10-25 15:35:00,2023-10-20 15:36:52,2023-10-20 15:35:28
2023-10-23 11:17:58,2023-10-30 09:30:00,,
2023-10-23 11:59:51,2023-10-30 09:30:00,2023-10-23 12:01:03,2023-10-23 12:00:34
2023-10-23 12:00:34,2023-10-30 09:30:00,,
2023-10-23 12:43:43,2023-10-30 09:30:00,2023-10-23 12:47:29,2023-10-23 12:49:02
2023-10-23 14:10:45,2023-10-30 09:30:00,2023-10-23 14:13:28,2023-10-23 14:11:08
2023-10-23 15:30:02,2023-10-30 09:30:00,2023-10-23 15:30:38,2023-10-23 15:30:11
2023-10-23 15:50:59,2023-10-30 09:30:00,2023-10-23 15:51:02,2023-10-23 15:52:01
2023-10-23 15:58:10,2023-10-30 09:30:00,2023-10-23 15:58:49,2023-10-23 15:59:23
2023-10-24 09:36:56,2023-10-30 09:30:00,2023-10-24 09:38:04,2023-10-24 09:37:00
2023-10-24 09:37:00,2023-10-30 09:30:00,,
2023-10-24 11:09:01,2023-10-30 09:30:00,2023-10-24 11:09:26,2023-10-24 11:09:32
2023-10-24 11:11:56,2023-10-30 09:30:00,2023-10-24 11:12:46,2023-10-24 11:12:40
2023-10-24 11:17:31,2023-10-30 09:30:00,2023-10-24 11:21:02,2023-10-24 11:21:46
2023-10-24 11:21:02,2023-10-30 09:30:00,,
2023-10-24 14:10:52,2023-10-30 09:30:00,2023-10-24 14:16:08,2023-10-24 14:16:36
2023-10-24 15:21:01,2023-10-30 09:30:00,,
2023-10-24 15:22:41,2023-10-30 09:30:00,,
2023-10-25 12:28:44,2023-10-30 12:29:01,2023-10-25 12:31:34,2023-10-25 12:28:49
2023-10-25 12:59:18,2023-10-30 13:00:07,,
2023-10-25 14:47:28,2023-10-30 14:47:29,2023-10-25 14:49:16,2023-10-25 14:53:32
2023-10-25 15:31:01,2023-10-30 15:31:18,2023-10-25 15:31:11,2023-10-25 15:32:40
2023-10-25 15:47:22,2023-10-30 15:47:45,,
2023-10-25 15:54:12,2023-10-30 15:54:20,,
2023-10-25 15:56:12,2023-10-30 15:56:22,2023-10-25 15:57:57,2023-10-25 15:57:11
2023-10-26 11:54:30,2023-10-31 11:55:02,,
2023-10-26 12:55:38,2023-10-31 12:57:44,2023-10-26 12:56:32,2023-10-26 12:56:50
2023-10-26 14:05:58,2023-10-31 14:05:59,2023-10-26 14:10:06,2023-10-26 14:08:03
2023-10-26 14:08:03,2023-10-31 14:08:13,,
2023-10-26 14:15:49,2023-10-31 14:16:00,,
2023-10-26 15:58:02,2023-10-31 15:58:14,,
2023-10-26 15:59:00,2023-10-31 15:59:05,2023-10-26 15:59:11,2023-10-26 15:59:26
2023-10-27 09:29:59,2023-11-01 09:30:00,2023-10-27 09:30:00,2023-10-27 09:33:30
2023-10-27 09:30:00,2023-11-01 09:30:00,,
2023-10-27 13:23:59,2023-11-01 13:24:39,2023-10-27 13:26:49,2023-10-27 13:28:15
2023-10-27 13:26:49,2023-11-01 13:29:31,,
2023-10-27 14:08:45,2023-11-01 14:11:37,2023-10-27 14:10:34,2023-10-27 14:11:27
2023-10-27 14:10:34,2023-11-01 14:11:37,,
2023-10-27 15:49:04,2023-11-01 15:49:07,2023-10-27 15:49:19,2023-10-27 15:49:09
2023-10-27 15:49:09,2023-11-01 15:49:30,,
2023-10-27 15:54:58,2023-11-01 15:55:18,2023-10-27 15:55:09,2023-10-27 15:55:01
2023-10-27 15:55:01,2023-11-01 15:55:18,,
2023-10-27 15:55:27,2023-11-01 15:56:46,2023-10-27 15:55:41,2023-10-27 15:55:55
2023-10-30 09:37:21,2023-11-06 09:30:00,2023-10-30 09:45:46,2023-10-30 09:37:37
2023-10-30 09:37:37,2023-11-06 09:30:00,,
2023-10-30 13:24:18,2023-11-06 09:30:00,2023-10-30 13:24:28,2023-10-30 13:36:35
2023-10-30 13:24:28,2023-11-06 09:30:00,,
2023-10-30 15:11:55,2023-11-06 09:30:00,,
2023-10-30 15:30:27,2023-11-06 09:30:00,2023-10-30 15:31:18,2023-10-30 15:30:59
2023-10-30 15:39:50,2023-11-06 09:30:00,2023-10-30 15:41:19,2023-10-30 15:40:36
2023-10-30 15:43:28,2023-11-06 09:30:00,2023-10-30 15:44:01,2023-10-30 15:46:19
2023-10-30 15:44:01,2023-11-06 09:30:00,,
2023-10-30 15:53:32,2023-11-06 09:30:00,2023-10-30 15:54:20,2023-10-30 15:53:52
2023-10-30 15:58:11,2023-11-06 09:30:00,2023-10-30 15:58:28,2023-10-30 15:58:32
2023-10-30 15:58:28,2023-11-06 09:30:00,,
2023-10-31 12:39:30,2023-11-06 09:30:00,,
2023-10-31 13:10:25,2023-11-06 09:30:00,2023-10-31 13:11:46,2023-10-31 13:12:27
2023-10-31 13:17:40,2023-11-06 09:30:00,,
2023-10-31 14:46:08,2023-11-06 09:30:00,2023-10-31 14:49:03,2023-10-31 14:46:12
2023-10-31 15:11:46,2023-11-06 09:30:00,2023-10-31 15:12:17,2023-10-31 15:13:33
2023-10-31 15:51:48,2023-11-06 09:30:00,2023-10-31 15:52:25,2023-10-31 15:53:05
2023-10-31 15:52:25,2023-11-06 09:30:00,,
2023-11-01 11:58:54,2023-11-06 11:59:12,2023-11-01 12:06:27,2023-11-01 12:01:44
2023-11-01 14:20:25,2023-11-06 14:20:29,2023-11-01 14:21:05,2023-11-01 14:22:47
2023-11-01 14:21:05,2023-11-06 14:22:01,,
2023-11-01 15:59:48,2023-11-06 15:59:48,,
2023-11-02 11:45:01,2023-11-07 11:45:36,2023-11-02 11:46:56,2023-11-02 11:47:36
2023-11-02 11:46:56,2023-11-07 11:47:42,,
2023-11-02 13:42:24,2023-11-07 13:42:27,2023-11-02 13:43:25,2023-11-02 13:44:59
2023-11-02 13:43:25,2023-11-07 13:44:32,,
2023-11-02 13:50:03,2023-11-07 13:50:36,2023-11-02 13:53:52,2023-11-02 14:04:39
2023-11-02 13:53:52,2023-11-07 13:55:22,,
2023-11-02 14:59:12,2023-11-07 15:01:08,,
2023-11-02 15:19:26,2023-11-07 15:20:21,2023-11-02 15:19:49,2023-11-02 15:21:25
2023-11-02 15:39:14,2023-11-07 15:40:25,2023-11-02 15:41:54,2023-11-02 15:40:41
2023-11-02 15:40:41,2023-11-07 15:42:37,,
2023-11-02 15:44:08,2023-11-07 15:47:38,2023-11-02 15:44:15,2023-11-02 15:44:37
2023-11-02 15:44:15,2023-11-07 15:47:38,,
2023-11-02 15:50:48,2023-11-07 15:50:52,2023-11-02 15:51:18,2023-11-02 15:51:09
2023-11-03 11:44:28,2023-11-08 11:46:47,2023-11-03 11:44:35,2023-11-03 11:55:34
2023-11-03 11:44:35,2023-11-08 11:46:47,,
2023-11-03 12:15:10,2023-11-08 12:17:05,2023-11-03 12:16:07,2023-11-03 12:18:38
2023-11-03 12:16:07,2023-11-08 12:17:05,,
2023-11-03 13:55:28,2023-11-08 13:56:05,,
2023-11-03 14:23:01,2023-11-08 14:24:04,,
2023-11-03 14:46:18,2023-11-08 14:46:26,2023-11-03 14:49:12,2023-11-03 14:51:02
2023-11-03 15:41:37,2023-11-08 15:42:16,,
2023-11-03 15:51:58,2023-11-08 15:54:09,,
2023-11-03 15:59:56,2023-11-08 16:00:00,,
2023-11-06 09:31:05,2023-11-13 09:30:00,2023-11-06 09:31:07,2023-11-06 09:33:27
2023-11-06 09:31:07,2023-11-13 09:30:00,,
2023-11-06 13:19:41,2023-11-13 09:30:00,2023-11-06 13:19:50,2023-11-06 13:21:13
2023-11-06 13:28:16,2023-11-13 09:30:00,2023-11-06 13:36:20,2023-11-06 13:37:48
2023-11-06 14:26:37,2023-11-13 09:30:00,,
2023-11-06 15:00:45,2023-11-13 09:30:00,,
2023-11-06 15:10:56,2023-11-13 09:30:00,2023-11-06 15:12:09,2023-11-06 15:11:33
2023-11-06 15:11:33,2023-11-13 09:30:00,,
2023-11-06 15:26:46,2023-11-13 09:30:00,2023-11-06 15:27:50,2023-11-06 15:28:49
2023-11-06 15:36:45,2023-11-13 09:30:00,2023-11-06 15:37:26,2023-11-06 15:42:06
2023-11-06 15:52:22,2023-11-13 09:30:00,2023-11-06 15:52:47,2023-11-06 15:52:59
2023-11-06 15:57:36,2023-11-13 09:30:00,,
2023-11-06 15:58:04,2023-11-13 09:30:00,2023-11-06 15:58:17,2023-11-06 15:58:10
2023-11-06 15:58:10,2023-11-13 09:30:00,,
2023-11-06 15:58:28,2023-11-13 09:30:00,,
2023-11-06 15:59:36,2023-11-13 09:30:00,2023-11-06 15:59:48,2023-11-06 15:59:42
2023-11-06 15:59:42,2023-11-13 09:30:00,,
2023-11-06 15:59:45,2023-11-13 09:30:00,2023-11-06 15:59:48,2023-11-06 15:59:51
2023-11-07 13:52:27,2023-11-13 09:30:00,2023-11-07 14:06:16,2023-11-07 13:55:22
2023-11-07 14:23:40,2023-11-13 09:30:00,,
2023-11-08 11:15:29,2023-11-13 11:15:50,2023-11-08 11:17:58,2023-11-08 11:17:26
2023-11-08 11:20:07,2023-11-13 11:21:12,2023-11-08 11:24:39,2023-11-08 11:31:41
2023-11-08 14:31:04,2023-11-13 14:34:19,,
2023-11-08 14:33:15,2023-11-13 14:34:19,,
2023-11-08 15:42:16,2023-11-13 15:42:40,2023-11-08 15:45:43,2023-11-08 15:43:50
2023-11-08 15:43:50,2023-11-13 15:45:06,,
2023-11-09 10:27:18,2023-11-14 10:27:42,2023-11-09 10:29:19,2023-11-09 10:33:41
2023-11-09 15:46:52,2023-11-14 15:47:13,2023-11-09 15:50:31,2023-11-09 15:48:44
2023-11-10 15:59:41,2023-11-15 15:59:45,,
2023-11-13 10:23:23,2023-11-20 09:29:58,2023-11-13 10:32:01,2023-11-13 10:26:21
2023-11-13 10:32:01,2023-11-20 09:29:58,,
2023-11-13 11:01:47,2023-11-20 09:29:58,2023-11-13 11:04:41,2023-11-13 11:06:46
2023-11-13 11:04:41,2023-11-20 09:29:58,,
2023-11-13 15:51:52,2023-11-20 09:29:58,2023-11-13 15:54:44,2023-11-13 15:52:52
2023-11-14 09:43:07,2023-11-20 09:29:58,2023-11-14 09:53:05,2023-11-14 09:48:41
2023-11-14 09:48:41,2023-11-20 09:29:58,,
2023-11-14 11:26:42,2023-11-20 09:29:58,,
2023-11-14 12:16:19,2023-11-20 09:29:58,,
2023-11-14 14:57:49,2023-11-20 09:29:58,2023-11-14 14:58:16,2023-11-14 14:58:43
2023-11-14 14:58:16,2023-11-20 09:29:58,,
2023-11-15 14:59:24,2023-11-20 14:59:54,,
2023-11-15 15:53:46,2023-11-20 15:54:00,2023-11-15 15:56:33,2023-11-15 15:54:40
2023-11-16 09:57:28,2023-11-21 09:58:17,2023-11-16 09:58:11,2023-11-16 09:58:10
2023-11-16 09:58:10,2023-11-21 09:58:17,,
2023-11-16 10:45:26,2023-11-21 10:47:11,,
2023-11-16 11:37:47,2023-11-21 11:38:42,2023-11-16 11:38:24,2023-11-16 11:38:01
2023-11-16 11:38:01,2023-11-21 11:38:42,,
2023-11-16 13:28:33,2023-11-21 13:28:34,2023-11-16 13:30:06,2023-11-16 13:30:29
2023-11-16 13:55:19,2023-11-21 13:56:01,2023-11-16 13:57:38,2023-11-16 13:55:34
2023-11-16 14:38:20,2023-11-21 14:39:25,2023-11-16 14:43:28,2023-11-16 14:39:09
2023-11-16 14:39:09,2023-11-21 14:39:25,,
2023-11-16 14:44:12,2023-11-21 14:44:26,2023-11-16 14:49:55,2023-11-16 14:45:11
2023-11-16 14:45:11,2023-11-21 14:46:48,,
2023-11-16 15:28:56,2023-11-21 15:28:58,2023-11-16 15:30:20,2023-11-16 15:31:24
2023-11-16 15:40:31,2023-11-21 15:41:24,2023-11-16 15:41:48,2023-11-16 15:41:17
2023-11-16 15:41:17,2023-11-21 15:41:24,,
2023-11-16 15:52:14,2023-11-21 15:52:16,2023-11-16 15:52:15,2023-11-16 15:54:40
2023-11-16 15:54:40,2023-11-21 15:56:01,,
2023-11-17 13:53:15,2023-11-22 13:54:04,,
2023-11-17 14:25:30,2023-11-22 14:26:10,,
2023-11-17 14:35:43,2023-11-22 14:38:09,2023-11-17 14:37:19,2023-11-17 14:37:41
2023-11-17 15:02:30,2023-11-22 15:03:47,,
2023-11-17 15:18:13,2023-11-22 15:20:16,,
2023-11-17 15:23:42,2023-11-22 15:25:31,2023-11-17 15:25:07,2023-11-17 15:24:44
2023-11-17 15:24:44,2023-11-22 15:25:31,,
2023-11-17 15:30:49,2023-11-22 15:34:15,2023-11-17 15:32:30,2023-11-17 15:31:22
2023-11-17 15:54:56,2023-11-22 15:56:22,2023-11-17 15:55:38,2023-11-17 15:57:36
2023-11-17 15:55:38,2023-11-22 15:56:22,,
2023-11-17 16:00:00,2023-11-22 16:00:00,2023-11-20 09:29:58,2023-11-20 09:30:00
2023-11-20 09:29:58,2023-11-27 09:30:00,,
2023-11-20 10:05:18,2023-11-27 09:30:00,,
2023-11-20 10:11:09,2023-11-27 09:30:00,,
2023-11-20 10:21:19,2023-11-27 09:30:00,,
2023-11-20 10:26:22,2023-11-27 09:30:00,2023-11-20 10:29:00,2023-11-20 10:26:52
2023-11-20 10:26:52,2023-11-27 09:30:00,,
2023-11-20 10:33:24,2023-11-27 09:30:00,,
2023-11-20 10:41:58,2023-11-27 09:30:00,2023-11-20 10:42:13,2023-11-20 10:43:33
2023-11-20 10:44:15,2023-11-27 09:30:00,2023-11-20 10:47:27,2023-11-20 10:45:36
2023-11-20 10:45:36,2023-11-27 09:30:00,,
2023-11-20 11:07:46,2023-11-27 09:30:00,,
2023-11-20 11:15:07,2023-11-27 09:30:00,,
2023-11-20 11:25:44,2023-11-27 09:30:00,2023-11-20 11:29:12,2023-11-20 11:28:20
2023-11-20 11:28:20,2023-11-27 09:30:00,,
2023-11-20 11:30:37,2023-11-27 09:30:00,,
2023-11-20 12:56:52,2023-11-27 09:30:00,2023-11-20 13:01:49,2023-11-20 12:59:00
2023-11-20 13:05:39,2023-11-27 09:30:00,2023-11-20 13:06:10,2023-11-20 13:08:03
2023-11-20 13:40:46,2023-11-27 09:30:00,,
2023-11-20 13:43:27,2023-11-27 09:30:00,2023-11-20 13:49:51,2023-11-20 13:45:38
2023-11-20 13:45:38,2023-11-27 09:30:00,,
2023-11-20 14:00:04,2023-11-27 09:30:00,2023-11-20 14:01:51,2023-11-20 14:01:12
2023-11-20 14:01:12,2023-11-27 09:30:00,,
2023-11-20 14:08:55,2023-11-27 09:30:00,,
2023-11-20 14:49:25,2023-11-27 09:30:00,2023-11-20 14:49:50,2023-11-20 14:51:48
2023-11-20 15:02:22,2023-11-27 09:30:00,,
2023-11-20 15:05:57,2023-11-27 09:30:00,,
2023-11-20 15:39:13,2023-11-27 09:30:00,,
2023-11-20 15:47:40,2023-11-27 09:30:00,2023-11-20 15:49:10,2023-11-20 15:48:01
2023-11-20 15:52:06,2023-11-27 09:30:00,,
2023-11-20 15:56:25,2023-11-27 09:30:00,2023-11-20 15:58:21,2023-11-20 15:57:09
2023-11-20 15:58:42,2023-11-27 09:30:00,2023-11-20 15:59:05,2023-11-20 15:58:51
2023-11-20 15:59:13,2023-11-27 09:30:00,2023-11-20 15:59:25,2023-11-20 15:59:17
2023-11-21 11:31:23,2023-11-27 09:30:00,,
2023-11-21 13:33:16,2023-11-27 09:30:00,2023-11-21 13:37:38,2023-11-21 13:34:07
2023-11-21 13:34:07,2023-11-27 09:30:00,,
2023-11-21 13:43:05,2023-11-27 09:30:00,2023-11-21 13:44:59,2023-11-21 13:44:08
2023-11-21 13:44:08,2023-11-27 09:30:00,,
2023-11-21 13:47:31,2023-11-27 09:30:00,,
2023-11-21 14:15:49,2023-11-27 09:30:00,,
2023-11-21 14:46:48,2023-11-27 09:30:00,2023-11-21 14:49:06,2023-11-21 14:51:44
2023-11-21 14:49:06,2023-11-27 09:30:00,,
2023-11-21 14:56:18,2023-11-27 09:30:00,2023-11-21 14:57:34,2023-11-21 15:06:25
2023-11-21 14:57:34,2023-11-27 09:30:00,,
2023-11-21 15:25:46,2023-11-27 09:30:00,,
2023-11-21 15:59:29,2023-11-27 09:30:00,2023-11-21 15:59:35,2023-11-21 15:59:52
2023-11-21 15:59:35,2023-11-27 09:30:00,,
2023-11-22 09:43:37,2023-11-27 09:43:56,2023-11-22 09:50:19,2023-11-22 09:44:58
2023-11-22 09:44:58,2023-11-27 09:45:04,,
2023-11-22 10:49:10,2023-11-27 10:53:51,,
2023-11-22 11:54:19,2023-11-27 11:55:06,2023-11-22 11:56:18,2023-11-22 12:02:36
2023-11-22 13:51:42,2023-11-27 13:52:43,2023-11-22 13:52:23,2023-11-22 13:55:58
2023-11-22 13:52:23,2023-11-27 13:52:43,,
2023-11-22 13:54:04,2023-11-27 13:54:17,2023-11-22 13:58:59,2023-11-22 13:55:58
2023-11-22 14:05:00,2023-11-27 14:06:01,,
2023-11-22 14:06:15,2023-11-27 14:11:48,2023-11-22 14:07:19,2023-11-22 14:06:27
2023-11-22 14:27:55,2023-11-27 14:29:28,,
2023-11-22 14:57:18,2023-11-27 14:57:49,,
2023-11-22 15:01:43,2023-11-27 15:01:47,2023-11-22 15:02:28,2023-11-22 15:08:31
2023-11-22 15:02:28,2023-11-27 15:02:31,,
2023-11-24 10:26:37,2023-11-29 10:27:17,2023-11-24 10:27:35,2023-11-24 10:31:16
2023-11-24 11:49:50,2023-11-29 11:49:52,,
2023-11-24 12:42:02,2023-11-29 12:42:43,2023-11-24 12:46:47,2023-11-24 12:50:00
2023-11-24 12:46:47,2023-11-29 12:47:18,,
2023-11-27 12:08:48,2023-12-04 09:30:00,2023-11-27 12:09:47,2023-11-27 12:09:11
2023-11-27 12:09:11,2023-12-04 09:30:00,,
2023-11-27 15:05:07,2023-12-04 09:30:00,2023-11-27 15:07:31,2023-11-27 15:06:13
2023-11-27 15:24:53,2023-12-04 09:30:00,,
2023-11-27 15:38:34,2023-12-04 09:30:00,2023-11-27 15:38:43,2023-11-27 15:39:12
2023-11-27 15:50:34,2023-12-04 09:30:00,2023-11-27 15:52:56,2023-11-27 15:51:08
2023-11-27 15:51:08,2023-12-04 09:30:00,,
2023-11-28 09:30:00,2023-12-04 09:30:00,,
2023-11-28 10:39:05,2023-12-04 09:30:00,,
2023-11-28 11:15:44,2023-12-04 09:30:00,2023-11-28 11:17:41,2023-11-28 11:19:25
2023-11-28 12:04:05,2023-12-04 09:30:00,2023-11-28 12:06:32,2023-11-28 12:06:31
2023-11-28 12:06:31,2023-12-04 09:30:00,,
2023-11-28 12:47:20,2023-12-04 09:30:00,2023-11-28 12:56:56,2023-11-28 12:49:17
2023-11-28 14:05:44,2023-12-04 09:30:00,2023-11-28 14:07:28,2023-11-28 14:08:44
2023-11-28 14:07:28,2023-12-04 09:30:00,,
2023-11-28 14:15:58,2023-12-04 09:30:00,2023-11-28 14:16:06,2023-11-28 14:21:09
2023-11-28 14:16:06,2023-12-04 09:30:00,,
2023-11-29 11:58:02,2023-12-04 11:58:25,2023-11-29 12:01:19,2023-11-29 11:59:24
2023-11-29 12:02:45,2023-12-04 12:02:52,2023-11-29 12:05:10,2023-11-29 12:04:21
2023-11-29 12:29:44,2023-12-04 12:32:04,2023-11-29 12:33:39,2023-11-29 12:31:51
2023-11-29 12:31:51,2023-12-04 12:32:04,,
2023-11-29 12:34:28,2023-12-04 12:34:45,2023-11-29 12:35:41,2023-11-29 12:35:10
2023-11-29 12:35:10,2023-12-04 12:36:56,,
2023-11-29 12:36:06,2023-12-04 12:36:56,,
2023-11-29 12:36:38,2023-12-04 12:36:56,2023-11-29 12:36:47,2023-11-29 12:37:47
2023-11-29 12:38:33,2023-12-04 12:38:48,2023-11-29 12:40:08,2023-11-29 12:41:20
2023-11-29 12:45:04,2023-12-04 12:47:07,2023-11-29 12:47:32,2023-11-29 12:46:42
2023-11-29 12:46:42,2023-12-04 12:47:07,,
2023-11-29 13:11:56,2023-12-04 13:18:12,,
2023-11-29 13:30:02,2023-12-04 13:30:46,2023-11-29 13:34:39,2023-11-29 13:32:15
2023-11-29 13:37:24,2023-12-04 13:37:31,2023-11-29 13:38:34,2023-11-29 13:47:16
2023-11-29 13:38:34,2023-12-04 13:42:01,,
2023-11-29 14:15:28,2023-12-04 14:15:54,,
2023-11-29 15:25:31,2023-12-04 15:25:36,2023-11-29 15:27:04,2023-11-29 15:25:41
2023-11-29 15:36:51,2023-12-04 15:37:49,,
2023-11-29 15:43:32,2023-12-04 15:43:56,2023-11-29 15:45:10,2023-11-29 15:44:05
2023-11-29 15:51:08,2023-12-04 15:51:11,,
2023-11-29 15:54:41,2023-12-04 15:55:11,,
2023-11-30 09:50:32,2023-12-05 09:51:20,,
2023-11-30 11:38:26,2023-12-05 11:38:59,2023-11-30 11:50:46,2023-11-30 11:39:01
2023-11-30 12:30:15,2023-12-05 12:30:26,,
2023-11-30 14:25:35,2023-12-05 14:25:42,,
2023-11-30 14:25:39,2023-12-05 14:25:42,2023-11-30 14:25:40,2023-11-30 14:26:12
2023-11-30 15:33:35,2023-12-05 15:34:36,2023-11-30 15:33:45,2023-11-30 15:34:03
2023-11-30 15:33:45,2023-12-05 15:34:36,,
2023-11-30 15:44:46,2023-12-05 15:44:53,2023-11-30 15:45:36,2023-11-30 15:44:54
2023-11-30 15:44:54,2023-12-05 15:45:31,,
2023-11-30 15:50:39,2023-12-05 15:50:45,,
2023-12-01 09:39:28,2023-12-06 09:40:54,,
2023-12-01 09:55:53,2023-12-06 09:57:46,2023-12-01 09:57:28,2023-12-01 09:59:21
2023-12-01 12:25:45,2023-12-06 12:28:58,,
2023-12-01 13:23:41,2023-12-06 13:25:42,2023-12-01 13:30:47,2023-12-01 13:25:36
2023-12-01 15:51:13,2023-12-06 15:51:36,2023-12-01 15:54:30,2023-12-01 15:51:37
2023-12-04 09:42:07,2023-12-11 09:30:00,,
2023-12-04 09:50:52,2023-12-11 09:30:00,,
2023-12-04 09:53:52,2023-12-11 09:30:00,2023-12-04 09:56:05,2023-12-04 09:54:14
2023-12-04 10:02:38,2023-12-11 09:30:00,,
2023-12-04 10:09:11,2023-12-11 09:30:00,2023-12-04 10:11:44,2023-12-04 10:09:40
2023-12-04 10:09:40,2023-12-11 09:30:00,,
2023-12-04 10:15:43,2023-12-11 09:30:00,,
2023-12-04 10:19:24,2023-12-11 09:30:00,2023-12-04 10:20:18,2023-12-04 10:19:35
2023-12-04 10:22:49,2023-12-11 09:30:00,2023-12-04 10:23:11,2023-12-04 10:23:51
2023-12-04 11:12:34,2023-12-11 09:30:00,2023-12-04 11:12:56,2023-12-04 11:13:45
2023-12-04 11:57:51,2023-12-11 09:30:00,2023-12-04 12:02:30,2023-12-04 11:58:25
2023-12-04 11:58:25,2023-12-11 09:30:00,,
2023-12-04 14:10:01,2023-12-11 09:30:00,2023-12-04 14:11:35,2023-12-04 14:10:45
2023-12-04 14:33:31,2023-12-11 09:30:00,2023-12-04 14:34:59,2023-12-04 14:34:05
2023-12-04 15:15:56,2023-12-11 09:30:00,,
2023-12-04 15:21:37,2023-12-11 09:30:00,2023-12-04 15:22:47,2023-12-04 15:24:28
2023-12-04 15:27:54,2023-12-11 09:30:00,,
2023-12-04 15:29:44,2023-12-11 09:30:00,2023-12-04 15:29:55,2023-12-04 15:29:52
2023-12-04 15:50:07,2023-12-11 09:30:00,2023-12-04 15:50:11,2023-12-04 15:50:50
2023-12-04 15:59:50,2023-12-11 09:30:00,2023-12-04 15:59:51,2023-12-04 15:59:53
2023-12-05 10:58:30,2023-12-11 09:30:00,2023-12-05 11:01:14,2023-12-05 10:59:47
2023-12-05 10:59:47,2023-12-11 09:30:00,,
2023-12-05 11:08:10,2023-12-11 09:30:00,2023-12-05 11:09:12,2023-12-05 11:11:49
2023-12-05 11:13:21,2023-12-11 09:30:00,2023-12-05 11:13:40,2023-12-05 11:15:28
2023-12-05 11:33:41,2023-12-11 09:30:00,2023-12-05 11:34:23,2023-12-05 11:35:17
2023-12-05 11:39:36,2023-12-11 09:30:00,,
2023-12-05 11:54:40,2023-12-11 09:30:00,,
2023-12-05 12:04:58,2023-12-11 09:30:00,2023-12-05 12:05:46,2023-12-05 12:05:26
2023-12-05 12:05:26,2023-12-11 09:30:00,,
2023-12-05 12:48:10,2023-12-11 09:30:00,2023-12-05 12:48:21,2023-12-05 12:48:24
2023-12-05 12:48:21,2023-12-11 09:30:00,,
2023-12-05 12:48:40,2023-12-11 09:30:00,,
2023-12-05 13:08:14,2023-12-11 09:30:00,2023-12-05 13:09:09,2023-12-05 13:09:03
2023-12-05 13:09:03,2023-12-11 09:30:00,,
2023-12-05 13:36:38,2023-12-11 09:30:00,,
2023-12-05 13:50:00,2023-12-11 09:30:00,,
2023-12-05 14:01:29,2023-12-11 09:30:00,,
2023-12-05 14:09:35,2023-12-11 09:30:00,2023-12-05 14:12:42,2023-12-05 14:10:31
2023-12-05 14:10:31,2023-12-11 09:30:00,,
2023-12-05 14:39:59,2023-12-11 09:30:00,2023-12-05 14:42:20,2023-12-05 14:43:05
2023-12-05 14:42:20,2023-12-11 09:30:00,,
2023-12-05 14:43:50,2023-12-11 09:30:00,2023-12-05 14:44:57,2023-12-05 14:44:43
2023-12-05 14:49:37,2023-12-11 09:30:00,,
2023-12-05 14:59:02,2023-12-11 09:30:00,2023-12-05 15:00:01,2023-12-05 14:59:51
2023-12-05 14:59:51,2023-12-11 09:30:00,,
2023-12-05 15:00:00,2023-12-11 09:30:00,2023-12-05 15:00:01,2023-12-05 15:00:55
2023-12-05 15:56:32,2023-12-11 09:30:00,2023-12-05 15:57:36,2023-12-05 15:56:44
2023-12-06 10:03:07,2023-12-11 10:03:07,2023-12-06 10:03:24,2023-12-06 10:06:29
2023-12-06 12:53:57,2023-12-11 12:57:00,2023-12-06 12:55:15,2023-12-06 13:00:54
2023-12-06 12:55:15,2023-12-11 12:57:00,,
2023-12-06 13:41:19,2023-12-11 13:42:02,2023-12-06 13:47:34,2023-12-06 13:44:11
2023-12-06 13:49:04,2023-12-11 13:50:25,2023-12-06 13:52:07,2023-12-06 13:51:02
2023-12-06 14:46:22,2023-12-11 14:46:49,2023-12-06 14:50:10,2023-12-06 14:48:14
2023-12-06 14:54:34,2023-12-11 14:55:37,,
2023-12-06 15:34:16,2023-12-11 15:35:04,,
2023-12-06 15:41:10,2023-12-11 15:41:21,,
2023-12-06 15:46:02,2023-12-11 15:47:21,2023-12-06 15:46:38,2023-12-06 15:46:12
2023-12-06 15:51:36,2023-12-11 15:51:40,2023-12-06 15:51:59,2023-12-06 15:52:48
2023-12-07 09:54:23,2023-12-12 09:55:06,2023-12-07 09:59:30,2023-12-07 09:58:45
2023-12-07 09:58:45,2023-12-12 09:59:22,,
2023-12-07 10:39:44,2023-12-12 10:40:25,2023-12-07 10:45:03,2023-12-07 10:41:21
2023-12-07 10:41:21,2023-12-12 10:42:17,,
2023-12-07 12:06:29,2023-12-12 12:06:50,2023-12-07 12:06:40,2023-12-07 12:06:32
2023-12-07 14:50:12,2023-12-12 14:50:16,2023-12-07 14:53:00,2023-12-07 14:51:34
2023-12-07 15:01:43,2023-12-12 15:02:29,2023-12-07 15:02:32,2023-12-07 15:03:39
2023-12-07 15:02:32,2023-12-12 15:03:35,,
2023-12-07 15:27:21,2023-12-12 15:27:31,,
2023-12-07 15:37:02,2023-12-12 15:37:36,2023-12-07 15:38:15,2023-12-07 15:37:43
2023-12-07 15:46:46,2023-12-12 15:47:04,2023-12-07 15:49:01,2023-12-07 15:47:34
2023-12-07 15:50:00,2023-12-12 15:50:00,,
2023-12-07 15:51:52,2023-12-12 15:52:00,,
2023-12-08 10:44:27,2023-12-13 10:44:52,2023-12-08 10:47:00,2023-12-08 10:46:36
2023-12-08 10:46:36,2023-12-13 10:47:50,,
2023-12-08 10:57:47,2023-12-13 10:58:09,2023-12-08 11:05:15,2023-12-08 11:00:00
2023-12-08 11:00:00,2023-12-13 11:00:00,,
2023-12-08 13:58:04,2023-12-13 13:58:35,2023-12-08 14:00:03,2023-12-08 14:00:02
2023-12-08 14:20:31,2023-12-13 14:20:31,2023-12-08 14:21:42,2023-12-08 14:23:57
2023-12-08 14:45:05,2023-12-13 14:46:45,2023-12-08 14:45:25,2023-12-08 14:47:11
2023-12-08 14:49:20,2023-12-13 14:49:27,2023-12-08 14:50:47,2023-12-08 14:50:18
2023-12-08 14:50:18,2023-12-13 14:50:46,,
2023-12-08 14:54:28,2023-12-13 14:54:32,,
2023-12-08 14:55:12,2023-12-13 14:55:17,2023-12-08 14:55:20,2023-12-08 14:56:29
2023-12-08 15:36:08,2023-12-13 15:36:27,2023-12-08 15:36:34,2023-12-08 15:38:40
2023-12-08 15:36:34,2023-12-13 15:37:02,,
2023-12-08 15:36:52,2023-12-13 15:37:02,2023-12-08 15:37:51,2023-12-08 15:38:40
2023-12-08 15:37:51,2023-12-13 15:38:08,,
2023-12-08 15:48:55,2023-12-13 15:49:24,,
2023-12-08 15:52:03,2023-12-13 15:52:05,2023-12-08 15:52:26,2023-12-08 15:52:04
2023-12-08 15:53:41,2023-12-13 15:53:54,2023-12-08 15:54:02,2023-12-08 15:53:55
2023-12-08 15:55:38,2023-12-13 15:55:45,2023-12-08 15:58:01,2023-12-08 15:56:04
2023-12-11 10:53:42,2023-12-18 09:29:59,,
2023-12-11 10:58:34,2023-12-18 09:29:59,2023-12-11 10:59:47,2023-12-11 11:03:35
2023-12-11 11:05:15,2023-12-18 09:29:59,2023-12-11 11:06:04,2023-12-11 11:08:24
2023-12-11 11:12:57,2023-12-18 09:29:59,,
2023-12-11 11:30:04,2023-12-18 09:29:59,2023-12-11 11:31:43,2023-12-11 11:35:46
2023-12-11 11:53:03,2023-12-18 09:29:59,2023-12-11 11:54:10,2023-12-11 11:55:19
2023-12-11 11:54:10,2023-12-18 09:29:59,,
2023-12-11 12:08:22,2023-12-18 09:29:59,2023-12-11 12:08:36,2023-12-11 12:10:13
2023-12-11 12:08:36,2023-12-18 09:29:59,,
2023-12-11 12:17:17,2023-12-18 09:29:59,2023-12-11 12:24:11,2023-12-11 12:20:11
2023-12-11 12:44:04,2023-12-18 09:29:59,,
2023-12-11 13:20:29,2023-12-18 09:29:59,,
2023-12-11 13:38:24,2023-12-18 09:29:59,2023-12-11 13:39:24,2023-12-11 13:40:29
2023-12-11 13:39:24,2023-12-18 09:29:59,,
2023-12-11 13:51:31,2023-12-18 09:29:59,,
2023-12-11 14:40:06,2023-12-18 09:29:59,,
2023-12-11 15:59:35,2023-12-18 09:29:59,2023-12-11 15:59:49,2023-12-11 15:59:39
2023-12-11 15:59:39,2023-12-18 09:29:59,,
2023-12-11 15:59:47,2023-12-18 09:29:59,2023-12-11 15:59:49,2023-12-11 15:59:53
2023-12-12 10:02:49,2023-12-18 09:29:59,2023-12-12 10:06:40,2023-12-12 10:03:59
2023-12-12 10:06:40,2023-12-18 09:29:59,,
2023-12-12 10:07:48,2023-12-18 09:29:59,2023-12-12 10:09:10,2023-12-12 10:08:12
2023-12-12 10:08:12,2023-12-18 09:29:59,,
2023-12-12 10:11:10,2023-12-18 09:29:59,2023-12-12 10:12:32,2023-12-12 10:17:43
2023-12-12 10:18:09,2023-12-18 09:29:59,2023-12-12 10:19:48,2023-12-12 10:18:49
2023-12-12 10:18:49,2023-12-18 09:29:59,,
2023-12-12 10:28:23,2023-12-18 09:29:59,2023-12-12 10:28:57,2023-12-12 10:28:48
2023-12-12 10:28:48,2023-12-18 09:29:59,,
2023-12-12 11:03:30,2023-12-18 09:29:59,,
2023-12-12 11:05:58,2023-12-18 09:29:59,2023-12-12 11:06:06,2023-12-12 11:08:18
2023-12-12 11:40:16,2023-12-18 09:29:59,2023-12-12 11:41:08,2023-12-12 11:40:31
2023-12-12 11:46:59,2023-12-18 09:29:59,,
2023-12-12 12:43:42,2023-12-18 09:29:59,,
2023-12-12 13:02:32,2023-12-18 09:29:59,2023-12-12 13:02:51,2023-12-12 13:08:24
2023-12-12 13:02:51,2023-12-18 09:29:59,,
2023-12-12 13:15:38,2023-12-18 09:29:59,2023-12-12 13:17:32,2023-12-12 13:19:53
2023-12-12 13:17:32,2023-12-18 09:29:59,,
2023-12-12 13:17:53,2023-12-18 09:29:59,2023-12-12 13:22:22,2023-12-12 13:19:53
2023-12-12 13:35:39,2023-12-18 09:29:59,2023-12-12 13:38:08,2023-12-12 13:36:33
2023-12-12 15:01:38,2023-12-18 09:29:59,2023-12-12 15:06:53,2023-12-12 15:02:29
2023-12-12 15:02:29,2023-12-18 09:29:59,,
2023-12-12 15:52:28,2023-12-18 09:29:59,,
2023-12-12 15:57:24,2023-12-18 09:29:59,2023-12-12 15:58:06,2023-12-12 15:57:36
2023-12-13 09:59:57,2023-12-18 10:00:35,2023-12-13 10:00:43,2023-12-13 10:02:22
2023-12-13 10:00:43,2023-12-18 10:01:01,,
2023-12-13 13:30:31,2023-12-18 13:31:02,,
2023-12-13 14:51:57,2023-12-18 14:52:00,2023-12-13 14:55:17,2023-12-13 14:53:44
2023-12-13 14:53:44,2023-12-18 14:54:58,,
2023-12-13 15:46:06,2023-12-18 15:47:08,,
2023-12-13 15:53:24,2023-12-18 15:53:40,2023-12-13 15:53:38,2023-12-13 15:54:12
2023-12-13 15:53:38,2023-12-18 15:53:40,,
2023-12-13 15:54:02,2023-12-18 15:54:04,2023-12-13 15:54:27,2023-12-13 15:54:12
2023-12-13 15:54:44,2023-12-18 15:54:54,2023-12-13 15:54:52,2023-12-13 15:54:50
2023-12-13 15:55:45,2023-12-18 15:55:58,2023-12-13 15:56:33,2023-12-13 15:56:11
2023-12-14 09:34:06,2023-12-19 09:36:04,2023-12-14 09:34:43,2023-12-14 09:35:15
2023-12-14 09:48:03,2023-12-19 09:48:29,2023-12-14 09:48:15,2023-12-14 09:48:34
2023-12-14 10:27:55,2023-12-19 10:30:02,,
2023-12-14 13:24:29,2023-12-19 13:24:31,,
2023-12-14 14:33:19,2023-12-19 14:33:21,,
2023-12-14 15:03:15,2023-12-19 15:03:44,,
2023-12-14 15:11:51,2023-12-19 15:12:06,2023-12-19 09:30:42,2023-12-19 09:30:00
2023-12-14 15:48:19,2023-12-19 15:49:21,2023-12-14 15:48:57,2023-12-14 15:49:26
2023-12-14 15:48:57,2023-12-19 15:49:21,,
2023-12-14 15:50:01,2023-12-19 15:50:01,2023-12-14 15:50:12,2023-12-14 15:50:44
2023-12-14 15:50:12,2023-12-19 15:50:19,,
2023-12-14 15:52:24,2023-12-19 15:53:50,2023-12-14 15:52:42,2023-12-14 15:52:38
2023-12-15 10:04:56,2023-12-20 10:06:09,2023-12-15 10:08:53,2023-12-15 10:07:53
2023-12-15 10:15:44,2023-12-20 10:18:07,,
2023-12-15 10:38:15,2023-12-20 10:40:53,2023-12-15 10:39:33,2023-12-15 10:40:37
2023-12-15 10:39:33,2023-12-20 10:40:53,,
2023-12-15 10:44:00,2023-12-20 10:44:29,2023-12-15 10:46:52,2023-12-15 10:44:21
2023-12-15 11:01:10,2023-12-20 11:01:11,2023-12-15 11:03:20,2023-12-15 11:01:41
2023-12-15 11:01:41,2023-12-20 11:02:22,,
2023-12-15 11:11:18,2023-12-20 11:13:01,2023-12-15 11:12:04,2023-12-15 11:13:55
2023-12-15 11:59:08,2023-12-20 12:01:18,2023-12-15 12:02:00,2023-12-15 11:59:23
2023-12-15 12:28:38,2023-12-20 12:29:44,2023-12-15 12:30:21,2023-12-15 12:31:04
2023-12-15 12:51:39,2023-12-20 12:51:41,,
2023-12-15 12:52:20,2023-12-20 12:55:24,2023-12-15 13:00:28,2023-12-15 12:53:42
2023-12-15 13:02:45,2023-12-20 13:02:48,2023-12-15 13:04:23,2023-12-15 13:03:51
2023-12-15 13:17:37,2023-12-20 13:19:31,,
2023-12-15 13:33:49,2023-12-20 13:34:18,2023-12-15 13:34:38,2023-12-15 13:34:18
2023-12-15 13:55:30,2023-12-20 13:56:05,2023-12-15 13:57:19,2023-12-15 13:56:23
2023-12-15 15:20:57,2023-12-20 15:20:58,,
2023-12-15 15:37:59,2023-12-20 15:38:10,2023-12-15 15:39:11,2023-12-15 15:38:00
2023-12-15 15:38:00,2023-12-20 15:38:10,,
2023-12-15 15:49:29,2023-12-20 15:49:52,,
2023-12-15 15:50:56,2023-12-20 15:51:00,2023-12-15 15:51:03,2023-12-15 15:51:13
2023-12-15 15:55:00,2023-12-20 15:55:00,,
2023-12-18 09:30:57,2023-12-26 09:30:00,2023-12-18 09:31:27,2023-12-18 09:32:55
2023-12-18 10:04:56,2023-12-26 09:30:00,2023-12-18 10:06:05,2023-12-18 10:06:51
2023-12-18 11:08:39,2023-12-26 09:30:00,2023-12-18 11:09:06,2023-12-18 11:15:26
2023-12-18 11:09:06,2023-12-26 09:30:00,,
2023-12-18 11:09:56,2023-12-26 09:30:00,2023-12-18 11:15:26,2023-12-18 11:10:34
2023-12-18 11:10:34,2023-12-26 09:30:00,,
2023-12-18 12:37:13,2023-12-26 09:30:00,2023-12-18 12:37:22,2023-12-18 12:39:49
2023-12-18 13:02:23,2023-12-26 09:30:00,2023-12-18 13:10:11,2023-12-18 13:04:11
2023-12-18 13:53:00,2023-12-26 09:30:00,2023-12-18 13:53:58,2023-12-18 13:56:19
2023-12-18 13:53:58,2023-12-26 09:30:00,,
2023-12-18 14:03:19,2023-12-26 09:30:00,2023-12-18 14:04:02,2023-12-18 14:03:54
2023-12-18 14:04:02,2023-12-26 09:30:00,,
2023-12-18 14:14:33,2023-12-26 09:30:00,,
2023-12-18 14:14:43,2023-12-26 09:30:00,2023-12-18 14:16:13,2023-12-18 14:16:53
2023-12-18 14:16:13,2023-12-26 09:30:00,,
2023-12-18 14:27:48,2023-12-26 09:30:00,2023-12-18 14:28:42,2023-12-18 14:28:56
2023-12-18 14:28:42,2023-12-26 09:30:00,,
2023-12-18 15:47:08,2023-12-26 09:30:00,2023-12-18 15:47:38,2023-12-18 15:48:33
2023-12-18 15:52:07,2023-12-26 09:30:00,,
2023-12-18 15:52:41,2023-12-26 09:30:00,2023-12-18 15:52:55,2023-12-18 15:52:42
2023-12-18 15:52:42,2023-12-26 09:30:00,,
2023-12-18 15:55:26,2023-12-26 09:30:00,2023-12-18 15:55:38,2023-12-18 15:55:42
2023-12-18 15:56:50,2023-12-26 09:30:00,2023-12-18 15:56:57,2023-12-18 15:57:25
2023-12-18 15:56:57,2023-12-26 09:30:00,,
2023-12-18 15:57:17,2023-12-26 09:30:00,2023-12-18 15:57:32,2023-12-18 15:57:25
2023-12-18 15:59:26,2023-12-26 09:30:00,2023-12-18 15:59:28,2023-12-18 15:59:34
2023-12-18 15:59:28,2023-12-26 09:30:00,,
2023-12-19 08:32:52,2023-12-26 09:30:00,2023-12-19 09:30:42,2023-12-19 09:30:00
2023-12-19 09:30:00,2023-12-26 09:30:00,,
2023-12-19 10:14:57,2023-12-26 09:30:00,2023-12-19 10:14:58,2023-12-19 10:17:00
2023-12-19 10:39:43,2023-12-26 09:30:00,,
2023-12-19 11:00:17,2023-12-26 09:30:00,,
2023-12-19 11:23:42,2023-12-26 09:30:00,2023-12-19 11:27:55,2023-12-19 11:24:28
2023-12-19 11:24:28,2023-12-26 09:30:00,,
2023-12-19 11:25:15,2023-12-26 09:30:00,2023-12-19 11:27:55,2023-12-19 11:29:55
2023-12-19 11:56:04,2023-12-26 09:30:00,2023-12-19 11:57:59,2023-12-19 11:56:57
2023-12-19 12:21:54,2023-12-26 09:30:00,2023-12-19 12:24:44,2023-12-19 12:23:47
2023-12-19 13:09:13,2023-12-26 09:30:00,2023-12-19 13:09:23,2023-12-19 13:09:53
2023-12-19 13:09:23,2023-12-26 09:30:00,,
2023-12-19 13:18:39,2023-12-26 09:30:00,2023-12-19 13:20:10,2023-12-19 13:20:33
2023-12-19 14:19:49,2023-12-26 09:30:00,,
2023-12-19 14:36:02,2023-12-26 09:30:00,2023-12-19 14:37:54,2023-12-19 14:37:17
2023-12-19 14:37:17,2023-12-26 09:30:00,,
2023-12-19 15:12:06,2023-12-26 09:30:00,2023-12-19 15:13:15,2023-12-19 15:15:53
2023-12-19 15:17:19,2023-12-26 09:30:00,2023-12-19 15:17:34,2023-12-19 15:19:21
2023-12-19 15:51:10,2023-12-26 09:30:00,2023-12-19 15:52:05,2023-12-19 15:51:47
2023-12-19 15:52:09,2023-12-26 09:30:00,2023-12-19 15:52:21,2023-12-19 15:53:50
2023-12-19 15:52:21,2023-12-26 09:30:00,,
2023-12-19 15:58:01,2023-12-26 09:30:00,2023-12-19 15:58:09,2023-12-19 15:58:03
2023-12-19 15:58:03,2023-12-26 09:30:00,,
2023-12-19 15:58:07,2023-12-26 09:30:00,2023-12-19 15:58:09,2023-12-19 15:58:18
2023-12-19 15:59:46,2023-12-26 09:30:00,,
2023-12-20 09:50:49,2023-12-26 09:30:00,,
2023-12-20 10:50:30,2023-12-26 09:30:00,,
2023-12-20 10:52:14,2023-12-26 09:30:00,,
2023-12-20 12:06:51,2023-12-26 09:30:00,2023-12-20 12:10:19,2023-12-20 12:07:54
2023-12-20 12:07:54,2023-12-26 09:30:00,,
2023-12-20 12:27:59,2023-12-26 09:30:00,2023-12-20 12:29:44,2023-12-20 12:32:25
2023-12-20 12:38:28,2023-12-26 09:30:00,,
2023-12-20 12:58:55,2023-12-26 09:30:00,,
2023-12-20 13:20:32,2023-12-26 09:30:00,,
2023-12-20 13:22:17,2023-12-26 09:30:00,2023-12-20 13:29:46,2023-12-20 13:31:07
2023-12-20 14:30:47,2023-12-26 09:30:00,2023-12-20 14:32:32,2023-12-20 14:31:08
2023-12-20 14:36:05,2023-12-26 09:30:00,2023-12-20 14:36:34,2023-12-20 14:37:52
2023-12-20 14:36:34,2023-12-26 09:30:00,,
2023-12-20 14:48:12,2023-12-26 09:30:00,2023-12-20 14:49:05,2023-12-20 14:48:36
2023-12-20 15:31:53,2023-12-26 09:30:00,2023-12-20 15:32:07,2023-12-20 15:32:05
2023-12-20 15:32:05,2023-12-26 09:30:00,,
2023-12-20 15:35:03,2023-12-26 09:30:00,,
2023-12-20 15:51:00,2023-12-26 09:30:00,,
2023-12-20 15:54:10,2023-12-26 09:30:00,2023-12-20 15:54:29,2023-12-20 15:54:39
2023-12-21 11:00:45,2023-12-26 11:00:55,,
2023-12-21 11:19:28,2023-12-26 11:20:04,2023-12-21 11:20:21,2023-12-21 11:21:00
2023-12-21 11:20:21,2023-12-26 11:21:05,,
2023-12-21 11:31:38,2023-12-26 11:31:52,2023-12-21 11:36:18,2023-12-21 11:31:45
2023-12-21 11:37:59,2023-12-26 11:39:29,2023-12-21 11:39:52,2023-12-21 11:38:59
2023-12-21 12:17:40,2023-12-26 12:17:52,2023-12-21 12:21:00,2023-12-21 12:17:46
2023-12-21 14:31:00,2023-12-26 14:32:27,2023-12-21 14:32:04,2023-12-21 14:32:35
2023-12-21 14:41:38,2023-12-26 14:43:06,2023-12-21 14:43:37,2023-12-21 14:43:24
2023-12-21 14:43:24,2023-12-26 14:46:11,,
2023-12-21 14:45:18,2023-12-26 14:46:11,,
2023-12-21 15:04:04,2023-12-26 15:04:25,2023-12-21 15:04:16,2023-12-21 15:09:31
2023-12-21 15:21:19,2023-12-26 15:21:51,2023-12-21 15:22:07,2023-12-21 15:23:04
2023-12-22 09:44:56,2023-12-27 09:45:47,2023-12-22 09:45:36,2023-12-22 09:45:24
2023-12-22 09:45:24,2023-12-27 09:45:47,,
2023-12-22 09:50:31,2023-12-27 09:50:48,2023-12-22 09:56:41,2023-12-22 09:52:35
2023-12-22 09:52:35,2023-12-27 09:53:21,,
2023-12-22 10:01:02,2023-12-27 10:01:23,2023-12-22 10:01:34,2023-12-22 10:02:21
2023-12-22 10:28:50,2023-12-27 10:29:17,,
2023-12-22 10:39:57,2023-12-27 10:40:34,,
2023-12-22 12:01:59,2023-12-27 12:03:09,,
2023-12-22 12:43:12,2023-12-27 12:45:24,2023-12-22 12:45:14,2023-12-22 12:44:38
2023-12-22 12:44:38,2023-12-27 12:45:24,,
2023-12-22 13:03:19,2023-12-27 13:03:38,,
2023-12-22 14:54:50,2023-12-27 14:55:10,2023-12-22 14:54:56,2023-12-22 14:54:52
2023-12-22 14:54:52,2023-12-27 14:55:10,,
2023-12-22 15:05:15,2023-12-27 15:05:49,2023-12-22 15:09:03,2023-12-22 15:07:06
2023-12-22 15:07:06,2023-12-27 15:08:03,,
2023-12-22 15:32:59,2023-12-27 15:33:49,2023-12-22 15:36:21,2023-12-22 15:34:12
2023-12-22 15:34:12,2023-12-27 15:34:25,,
2023-12-26 09:30:00,2024-01-02 09:30:00,2023-12-26 09:49:13,2023-12-26 09:32:16
2023-12-26 09:32:16,2024-01-02 09:30:00,,
2023-12-26 10:19:15,2024-01-02 09:30:00,,
2023-12-26 10:19:51,2024-01-02 09:30:00,2023-12-26 10:21:08,2023-12-26 10:21:58
2023-12-26 10:31:34,2024-01-02 09:30:00,2023-12-26 10:32:24,2023-12-26 10:33:18
2023-12-26 10:33:56,2024-01-02 09:30:00,2023-12-26 10:34:33,2023-12-26 10:35:39
2023-12-26 10:36:40,2024-01-02 09:30:00,2023-12-26 10:38:01,2023-12-26 10:38:08
2023-12-26 10:42:04,2024-01-02 09:30:00,2023-12-26 10:43:41,2023-12-26 10:46:54
2023-12-26 12:25:06,2024-01-02 09:30:00,2023-12-26 12:25:45,2023-12-26 12:25:53
2023-12-26 12:26:25,2024-01-02 09:30:00,2023-12-26 12:26:50,2023-12-26 12:29:36
2023-12-26 12:26:50,2024-01-02 09:30:00,,
2023-12-26 12:26:51,2024-01-02 09:30:00,2023-12-26 12:38:51,2023-12-26 12:29:36
2023-12-26 14:01:55,2024-01-02 09:30:00,2023-12-26 14:03:28,2023-12-26 14:17:26
2023-12-26 14:03:28,2024-01-02 09:30:00,,
2023-12-26 14:07:17,2024-01-02 09:30:00,2023-12-26 14:09:31,2023-12-26 14:17:26
2023-12-26 14:09:31,2024-01-02 09:30:00,,
2023-12-26 14:11:10,2024-01-02 09:30:00,2023-12-26 14:15:44,2023-12-26 14:17:26
2023-12-26 14:15:44,2024-01-02 09:30:00,,
2023-12-26 14:22:09,2024-01-02 09:30:00,2023-12-26 14:27:20,2023-12-26 14:23:11
2023-12-26 14:30:58,2024-01-02 09:30:00,2023-12-26 14:34:49,2023-12-26 14:33:06
2023-12-26 14:33:06,2024-01-02 09:30:00,,
2023-12-26 14:47:28,2024-01-02 09:30:00,,
2023-12-26 14:50:21,2024-01-02 09:30:00,2023-12-26 14:55:10,2023-12-26 14:51:51
2023-12-26 14:55:10,2024-01-02 09:30:00,,
2023-12-26 15:09:19,2024-01-02 09:30:00,2023-12-26 15:10:29,2023-12-26 15:11:09
2023-12-26 15:25:14,2024-01-02 09:30:00,2023-12-26 15:25:31,2023-12-26 15:27:20
2023-12-26 15:25:31,2024-01-02 09:30:00,,
2023-12-26 15:58:01,2024-01-02 09:30:00,2023-12-26 15:58:23,2023-12-26 15:58:11
2023-12-27 10:36:00,2024-01-02 09:30:00,2023-12-27 10:37:14,2023-12-27 10:37:49
2023-12-27 10:37:49,2024-01-02 09:30:00,,
2023-12-27 10:38:47,2024-01-02 09:30:00,2023-12-27 10:39:39,2023-12-27 10:38:48
2023-12-27 10:38:48,2024-01-02 09:30:00,,
2023-12-27 10:46:41,2024-01-02 09:30:00,2023-12-27 10:48:23,2023-12-27 10:49:02
2023-12-27 10:48:23,2024-01-02 09:30:00,,
2023-12-27 11:29:24,2024-01-02 09:30:00,,
2023-12-27 11:36:04,2024-01-02 09:30:00,2023-12-27 11:37:20,2023-12-27 11:42:48
2023-12-27 11:42:48,2024-01-02 09:30:00,,
2023-12-27 12:25:39,2024-01-02 09:30:00,,
2023-12-27 12:31:37,2024-01-02 09:30:00,,
2023-12-27 12:47:37,2024-01-02 09:30:00,2023-12-27 12:55:57,2023-12-27 13:02:11
2023-12-27 12:55:57,2024-01-02 09:30:00,,
2023-12-27 13:07:48,2024-01-02 09:30:00,,
2023-12-27 14:10:03,2024-01-02 09:30:00,2023-12-27 14:14:42,2023-12-27 14:11:17
2023-12-27 15:03:05,2024-01-02 09:30:00,2023-12-27 15:04:49,2023-12-27 15:04:38
2023-12-27 15:04:38,2024-01-02 09:30:00,,
2023-12-27 15:13:59,2024-01-02 09:30:00,,
2023-12-27 15:18:45,2024-01-02 09:30:00,2023-12-27 15:19:02,2023-12-27 15:22:19
2023-12-27 15:22:19,2024-01-02 09:30:00,,
2023-12-27 15:26:50,2024-01-02 09:30:00,2023-12-27 15:26:57,2023-12-27 15:29:43
2023-12-27 15:33:49,2024-01-02 09:30:00,,
2023-12-27 15:50:00,2024-01-02 09:30:00,2023-12-27 15:50:11,2023-12-27 15:50:01
2023-12-27 15:51:37,2024-01-02 09:30:00,2023-12-27 15:53:03,2023-12-27 15:53:02
2023-12-27 15:59:45,2024-01-02 09:30:00,2023-12-27 15:59:53,2023-12-27 15:59:48
2023-12-27 15:59:48,2024-01-02 09:30:00,,
2023-12-27 15:59:56,2024-01-02 09:30:00,,
2023-12-28 11:01:48,2024-01-02 11:02:04,,
2023-12-28 11:01:57,2024-01-02 11:02:04,2023-12-28 11:03:46,2023-12-28 11:02:15
2023-12-28 11:38:43,2024-01-02 11:40:00,2023-12-28 11:45:01,2023-12-28 11:42:55
2023-12-28 11:45:47,2024-01-02 11:45:50,2023-12-28 11:50:46,2023-12-28 11:46:22
2023-12-28 13:51:26,2024-01-02 13:53:41,2023-12-28 13:52:45,2023-12-28 13:54:30
2023-12-28 13:52:45,2024-01-02 13:53:41,,
2023-12-28 14:16:22,2024-01-02 14:16:23,2023-12-28 14:17:22,2023-12-28 14:27:05
2023-12-28 14:27:05,2024-01-02 14:28:41,,
2023-12-28 14:27:37,2024-01-02 14:28:41,2023-12-28 14:34:12,2023-12-28 14:31:40
2023-12-28 14:31:40,2024-01-02 14:32:38,,
2023-12-28 15:31:50,2024-01-02 15:32:10,2023-12-28 15:34:37,2023-12-28 15:32:18
2023-12-28 15:34:47,2024-01-02 15:35:55,2023-12-28 15:35:23,2023-12-28 15:40:23
2023-12-28 15:35:23,2024-01-02 15:35:55,,
2023-12-28 15:58:40,2024-01-02 15:58:46,,
2023-12-28 15:59:56,2024-01-02 15:59:57,,
2023-12-29 10:43:03,2024-01-03 10:43:45,2023-12-29 10:44:21,2023-12-29 10:43:19
2023-12-29 11:12:38,2024-01-03 11:13:16,2023-12-29 11:22:00,2023-12-29 11:16:32
2023-12-29 12:21:21,2024-01-03 12:21:34,2023-12-29 12:21:33,2023-12-29 12:22:13
2023-12-29 12:21:33,2024-01-03 12:21:34,,
2023-12-29 14:41:26,2024-01-03 14:41:35,2023-12-29 14:43:28,2023-12-29 14:44:04
2023-12-29 15:51:50,2024-01-03 15:51:59,2023-12-29 15:52:22,2023-12-29 15:51:52
2023-12-29 15:51:52,2024-01-03 15:51:59,,
2023-12-29 15:52:06,2024-01-03 15:52:19,2023-12-29 15:52:22,2023-12-29 15:52:15
2023-12-29 15:52:15,2024-01-03 15:52:19,,
2024-01-02 11:23:58,2024-01-08 09:30:00,2024-01-02 11:25:36,2024-01-02 11:24:25
2024-01-02 11:32:29,2024-01-08 09:30:00,,
2024-01-02 11:46:17,2024-01-08 09:30:00,2024-01-02 11:46:23,2024-01-02 11:49:28
2024-01-02 11:46:23,2024-01-08 09:30:00,,
2024-01-02 12:18:21,2024-01-08 09:30:00,2024-01-02 12:19:31,2024-01-02 12:19:00
2024-01-02 12:19:00,2024-01-08 09:30:00,,
2024-01-02 12:24:21,2024-01-08 09:30:00,,
2024-01-02 13:14:58,2024-01-08 09:30:00,2024-01-02 13:15:53,2024-01-02 13:17:32
2024-01-02 13:18:36,2024-01-08 09:30:00,2024-01-02 13:21:34,2024-01-02 13:18:43
2024-01-02 13:18:43,2024-01-08 09:30:00,,
2024-01-02 13:43:27,2024-01-08 09:30:00,,
2024-01-02 13:43:45,2024-01-08 09:30:00,2024-01-02 13:43:59,2024-01-02 13:44:39
2024-01-02 13:43:59,2024-01-08 09:30:00,,
2024-01-02 14:48:07,2024-01-08 09:30:00,2024-01-02 14:48:41,2024-01-02 14:48:40
2024-01-02 15:28:20,2024-01-08 09:30:00,2024-01-02 15:29:26,2024-01-02 15:30:00
2024-01-02 15:29:26,2024-01-08 09:30:00,,
2024-01-02 15:43:19,2024-01-08 09:30:00,2024-01-02 15:45:27,2024-01-02 15:44:25
2024-01-02 15:44:25,2024-01-08 09:30:00,,
2024-01-02 15:59:58,2024-01-08 09:30:00,,
2024-01-03 10:18:45,2024-01-08 10:19:03,,
2024-01-03 10:38:47,2024-01-08 10:41:14,,
2024-01-03 10:43:45,2024-01-08 10:43:59,,
2024-01-03 10:49:02,2024-01-08 10:49:06,2024-01-03 10:49:51,2024-01-03 10:49:14
2024-01-03 10:52:46,2024-01-08 10:53:05,2024-01-03 10:52:54,2024-01-03 10:53:05
2024-01-03 10:52:54,2024-01-08 10:53:05,,
2024-01-03 11:16:20,2024-01-08 11:18:02,2024-01-03 11:16:59,2024-01-03 11:19:25
2024-01-03 12:27:55,2024-01-08 12:28:19,2024-01-03 12:28:20,2024-01-03 12:28:23
2024-01-03 12:44:32,2024-01-08 12:45:05,2024-01-03 12:44:45,2024-01-03 12:44:59
2024-01-03 12:48:04,2024-01-08 12:48:25,2024-01-03 12:48:25,2024-01-03 12:50:00
2024-01-03 12:52:38,2024-01-08 12:52:43,2024-01-03 12:54:10,2024-01-03 12:53:36
2024-01-03 12:53:36,2024-01-08 12:53:36,,
2024-01-03 13:16:06,2024-01-08 13:18:31,2024-01-03 13:19:35,2024-01-03 13:16:28
2024-01-03 13:16:28,2024-01-08 13:18:31,,
2024-01-03 13:37:45,2024-01-08 13:40:49,,
2024-01-03 13:47:27,2024-01-08 13:47:32,2024-01-03 13:48:16,2024-01-03 13:48:06
2024-01-03 14:14:42,2024-01-08 14:15:05,,
2024-01-03 14:33:26,2024-01-08 14:35:36,2024-01-03 14:36:01,2024-01-03 14:34:00
2024-01-03 14:34:00,2024-01-08 14:35:36,,
2024-01-03 14:58:28,2024-01-08 14:59:40,,
2024-01-03 15:38:17,2024-01-08 15:39:02,,
2024-01-03 15:47:24,2024-01-08 15:47:50,2024-01-03 15:47:26,2024-01-03 15:47:39
2024-01-03 15:47:59,2024-01-08 15:48:11,2024-01-03 15:48:02,2024-01-03 15:48:10
2024-01-03 15:50:49,2024-01-08 15:51:08,,
2024-01-03 15:51:49,2024-01-08 15:51:57,,
2024-01-03 15:51:59,2024-01-08 15:52:14,2024-01-03 15:52:55,2024-01-03 15:52:34
2024-01-03 15:52:34,2024-01-08 15:52:36,,
2024-01-03 15:55:53,2024-01-08 15:56:20,2024-01-03 15:56:24,2024-01-03 15:56:07
2024-01-03 15:56:07,2024-01-08 15:56:20,,
2024-01-03 15:57:45,2024-01-08 15:58:05,2024-01-03 15:58:01,2024-01-03 15:58:18
2024-01-03 15:59:06,2024-01-08 15:59:32,2024-01-03 15:59:46,2024-01-03 15:59:42
2024-01-03 15:59:42,2024-01-08 15:59:45,,
2024-01-04 09:54:55,2024-01-09 09:55:47,,
2024-01-04 10:00:19,2024-01-09 10:00:39,2024-01-04 10:01:13,2024-01-04 10:00:27
2024-01-04 10:00:27,2024-01-09 10:00:39,,
2024-01-04 10:26:42,2024-01-09 10:26:45,2024-01-04 10:26:48,2024-01-04 10:26:43
2024-01-04 11:14:05,2024-01-09 11:15:17,2024-01-04 11:14:36,2024-01-04 11:17:04
2024-01-04 11:14:36,2024-01-09 11:15:17,,
2024-01-04 11:31:16,2024-01-09 11:31:22,,
2024-01-04 11:49:57,2024-01-09 11:50:16,2024-01-04 11:50:31,2024-01-04 11:50:05
2024-01-04 14:36:00,2024-01-09 14:36:23,2024-01-04 14:39:01,2024-01-04 14:38:12
2024-01-05 10:57:29,2024-01-10 10:57:48,,
2024-01-05 11:11:15,2024-01-10 11:11:17,,
2024-01-05 11:32:46,2024-01-10 11:32:49,2024-01-05 11:34:41,2024-01-05 11:33:57
2024-01-05 13:20:07,2024-01-10 13:20:14,2024-01-05 13:20:48,2024-01-05 13:27:09
2024-01-05 13:20:48,2024-01-10 13:20:50,,
2024-01-05 13:35:24,2024-01-10 13:35:49,,
2024-01-05 14:00:02,2024-01-10 14:02:27,2024-01-05 14:02:57,2024-01-05 14:01:45
2024-01-05 14:01:45,2024-01-10 14:02:27,,
2024-01-05 14:07:48,2024-01-10 14:08:12,2024-01-05 14:09:38,2024-01-05 14:08:49
2024-01-05 14:08:49,2024-01-10 14:10:07,,
2024-01-05 14:35:27,2024-01-10 14:36:31,,
2024-01-05 15:45:25,2024-01-10 15:45:26,2024-01-05 15:45:47,2024-01-05 15:46:53
2024-01-05 15:49:18,2024-01-10 15:49:24,,
2024-01-05 15:51:03,2024-01-10 15:51:18,2024-01-05 15:51:16,2024-01-05 15:52:11
2024-01-05 15:53:51,2024-01-10 15:54:01,2024-01-05 15:56:33,2024-01-05 15:53:53
2024-01-05 15:53:53,2024-01-10 15:54:01,,
2024-01-05 15:54:06,2024-01-10 15:54:15,2024-01-05 15:56:33,2024-01-05 15:54:40
2024-01-05 15:54:40,2024-01-10 15:54:40,,
2024-01-08 11:10:56,2024-01-16 09:30:00,2024-01-08 11:12:39,2024-01-08 11:13:06
2024-01-08 14:58:26,2024-01-16 09:30:00,2024-01-08 15:01:46,2024-01-08 14:59:40
2024-01-08 14:59:40,2024-01-16 09:30:00,,
2024-01-08 15:51:08,2024-01-16 09:30:00,2024-01-08 15:51:46,2024-01-08 15:51:44
2024-01-08 15:51:44,2024-01-16 09:30:00,,
2024-01-09 09:39:04,2024-01-16 09:30:00,2024-01-09 09:39:11,2024-01-09 09:39:15
2024-01-09 09:39:11,2024-01-16 09:30:00,,
2024-01-09 09:47:27,2024-01-16 09:30:00,2024-01-09 09:47:55,2024-01-09 09:47:58
2024-01-09 09:47:55,2024-01-16 09:30:00,,
2024-01-09 10:36:44,2024-01-16 09:30:00,2024-01-09 10:37:20,2024-01-09 10:38:13
2024-01-09 10:55:40,2024-01-16 09:30:00,,
2024-01-09 12:14:25,2024-01-16 09:30:00,2024-01-09 12:15:20,2024-01-09 12:14:42
2024-01-09 12:14:42,2024-01-16 09:30:00,,
2024-01-09 13:37:18,2024-01-16 09:30:00,,
2024-01-09 15:42:04,2024-01-16 09:30:00,,
2024-01-10 10:16:54,2024-01-16 09:30:00,,
2024-01-10 10:22:13,2024-01-16 09:30:00,2024-01-10 10:25:03,2024-01-10 10:23:01
2024-01-10 10:44:17,2024-01-16 09:30:00,,
2024-01-10 10:49:15,2024-01-16 09:30:00,2024-01-10 10:49:55,2024-01-10 10:49:21
2024-01-10 10:49:21,2024-01-16 09:30:00,,
2024-01-10 10:57:05,2024-01-16 09:30:00,2024-01-10 10:57:17,2024-01-10 10:57:48
2024-01-10 11:06:24,2024-01-16 09:30:00,2024-01-10 11:06:42,2024-01-10 11:06:40
2024-01-10 11:18:49,2024-01-16 09:30:00,2024-01-10 11:24:36,2024-01-10 11:19:20
2024-01-10 11:19:20,2024-01-16 09:30:00,,
2024-01-10 11:47:19,2024-01-16 09:30:00,2024-01-10 11:49:13,2024-01-10 11:48:12
2024-01-10 11:48:12,2024-01-16 09:30:00,,
2024-01-10 12:35:56,2024-01-16 09:30:00,,
2024-01-10 12:39:31,2024-01-16 09:30:00,2024-01-10 12:43:17,2024-01-10 12:39:47
2024-01-10 12:39:47,2024-01-16 09:30:00,,
2024-01-10 12:43:33,2024-01-16 09:30:00,2024-01-10 12:46:26,2024-01-10 12:44:13
2024-01-10 12:44:13,2024-01-16 09:30:00,,
2024-01-10 13:44:18,2024-01-16 09:30:00,2024-01-10 13:47:31,2024-01-10 13:46:19
2024-01-10 13:50:53,2024-01-16 09:30:00,2024-01-10 13:53:37,2024-01-10 13:55:05
2024-01-10 14:29:28,2024-01-16 09:30:00,2024-01-10 14:32:23,2024-01-10 14:30:22
2024-01-10 14:30:22,2024-01-16 09:30:00,,
2024-01-10 14:44:35,2024-01-16 09:30:00,,
2024-01-10 14:47:23,2024-01-16 09:30:00,2024-01-10 14:47:47,2024-01-10 14:48:06
2024-01-10 15:06:16,2024-01-16 09:30:00,2024-01-10 15:08:20,2024-01-10 15:09:51
2024-01-10 15:33:35,2024-01-16 09:30:00,2024-01-10 15:34:11,2024-01-10 15:35:00
2024-01-10 15:34:11,2024-01-16 09:30:00,,
2024-01-10 15:55:52,2024-01-16 09:30:00,,
2024-01-10 15:58:39,2024-01-16 09:30:00,,
2024-01-10 15:59:32,2024-01-16 09:30:00,2024-01-10 15:59:50,2024-01-10 15:59:36
2024-01-10 15:59:36,2024-01-16 09:30:00,,
2024-01-11 10:01:56,2024-01-16 10:04:26,2024-01-11 10:02:35,2024-01-11 10:02:42
2024-01-11 10:15:19,2024-01-16 10:16:27,2024-01-11 10:15:23,2024-01-11 10:15:46
2024-01-11 10:15:23,2024-01-16 10:16:27,,
2024-01-11 10:17:57,2024-01-16 10:18:29,2024-01-11 10:18:02,2024-01-11 10:18:25
2024-01-11 10:22:26,2024-01-16 10:22:39,2024-01-11 10:22:46,2024-01-11 10:22:41
2024-01-11 10:22:41,2024-01-16 10:23:24,,
2024-01-11 10:33:55,2024-01-16 10:34:10,2024-01-11 10:34:01,2024-01-11 10:34:25
2024-01-11 10:35:09,2024-01-16 10:36:36,,
2024-01-11 10:36:57,2024-01-16 10:38:43,,
2024-01-11 10:41:58,2024-01-16 10:42:51,2024-01-11 10:42:21,2024-01-11 10:42:15
2024-01-11 10:42:15,2024-01-16 10:42:51,,
2024-01-11 10:49:30,2024-01-16 10:50:19,2024-01-11 10:49:36,2024-01-11 10:49:50
2024-01-11 10:57:58,2024-01-16 10:57:59,2024-01-11 10:58:19,2024-01-11 10:58:36
2024-01-11 10:58:19,2024-01-16 10:59:57,,
2024-01-11 10:59:00,2024-01-16 10:59:57,,
2024-01-11 10:59:07,2024-01-16 10:59:57,2024-01-11 11:00:02,2024-01-11 11:01:14
2024-01-11 11:00:02,2024-01-16 11:00:03,,
2024-01-11 11:14:29,2024-01-16 11:18:46,2024-01-11 11:15:20,2024-01-11 11:14:30
2024-01-11 11:15:29,2024-01-16 11:18:46,2024-01-11 11:17:32,2024-01-11 11:16:43
2024-01-11 11:18:43,2024-01-16 11:18:46,2024-01-11 11:18:47,2024-01-11 11:18:51
2024-01-11 11:18:47,2024-01-16 11:19:25,,
2024-01-11 11:35:48,2024-01-16 11:37:13,2024-01-11 11:36:16,2024-01-11 11:36:59
2024-01-11 11:41:54,2024-01-16 11:44:24,,
2024-01-11 11:45:17,2024-01-16 11:46:37,2024-01-11 11:45:39,2024-01-11 11:45:42
2024-01-11 11:45:39,2024-01-16 11:46:37,,
2024-01-11 11:46:08,2024-01-16 11:46:37,2024-01-11 11:46:14,2024-01-11 11:46:15
2024-01-11 11:46:14,2024-01-16 11:46:37,,
2024-01-11 12:04:19,2024-01-16 12:04:57,2024-01-11 12:04:41,2024-01-11 12:05:00
2024-01-11 12:07:09,2024-01-16 12:07:38,,
2024-01-11 12:12:06,2024-01-16 12:13:09,,
2024-01-11 12:28:10,2024-01-16 12:28:15,2024-01-11 12:28:21,2024-01-11 12:28:50
2024-01-11 12:36:28,2024-01-16 12:38:56,2024-01-11 12:39:30,2024-01-11 12:39:04
2024-01-11 13:12:46,2024-01-16 13:13:37,,
2024-01-11 13:43:20,2024-01-16 13:43:39,2024-01-11 13:45:20,2024-01-11 13:44:54
2024-01-11 13:49:32,2024-01-16 13:51:15,2024-01-11 13:50:43,2024-01-11 13:50:10
2024-01-11 13:56:15,2024-01-16 13:57:34,2024-01-11 13:57:45,2024-01-11 13:56:50
2024-01-11 13:56:50,2024-01-16 13:57:34,,
2024-01-11 14:14:01,2024-01-16 14:14:01,2024-01-11 14:15:35,2024-01-11 14:16:08
2024-01-11 14:19:16,2024-01-16 14:20:13,2024-01-11 14:19:18,2024-01-11 14:21:17
2024-01-11 15:02:18,2024-01-16 15:04:23,2024-01-11 15:03:15,2024-01-11 15:02:38
2024-01-11 15:48:29,2024-01-16 15:48:56,2024-01-11 15:49:06,2024-01-11 15:49:55
2024-01-11 15:49:06,2024-01-16 15:50:00,,
2024-01-11 15:52:08,2024-01-16 15:52:26,2024-01-11 15:52:23,2024-01-11 15:52:12
2024-01-11 15:54:09,2024-01-16 15:54:33,,
2024-01-11 15:56:16,2024-01-16 15:56:31,,
2024-01-11 15:59:24,2024-01-16 15:59:43,2024-01-11 15:59:27,2024-01-11 15:59:36
2024-01-11 15:59:44,2024-01-16 15:59:45,2024-01-11 15:59:50,2024-01-11 16:00:00
2024-01-12 09:33:49,2024-01-17 09:33:52,,
2024-01-12 10:03:09,2024-01-17 10:03:15,2024-01-12 10:03:42,2024-01-12 10:04:33
2024-01-12 10:03:42,2024-01-17 10:03:56,,
2024-01-12 10:05:13,2024-01-17 10:05:19,2024-01-12 10:06:06,2024-01-12 10:05:30
2024-01-12 10:07:52,2024-01-17 10:07:52,2024-01-12 10:07:53,2024-01-12 10:08:04
2024-01-12 10:07:53,2024-01-17 10:08:01,,
2024-01-12 12:32:36,2024-01-17 12:32:52,2024-01-12 12:38:07,2024-01-12 12:33:22
2024-01-12 12:33:22,2024-01-17 12:35:47,,
2024-01-12 12:35:41,2024-01-17 12:35:47,2024-01-12 12:38:07,2024-01-12 12:40:49
2024-01-12 13:55:34,2024-01-17 13:56:42,2024-01-12 14:03:54,2024-01-12 13:57:49
2024-01-12 13:57:49,2024-01-17 13:58:34,,
2024-01-12 13:59:17,2024-01-17 14:00:07,2024-01-12 14:03:54,2024-01-12 14:00:35
2024-01-12 14:00:35,2024-01-17 14:01:01,,
2024-01-12 15:02:17,2024-01-17 15:04:27,,
2024-01-12 15:44:48,2024-01-17 15:45:00,2024-01-12 15:45:47,2024-01-12 15:47:45
2024-01-12 15:45:47,2024-01-17 15:48:04,,
2024-01-12 15:46:14,2024-01-17 15:48:04,2024-01-12 15:47:08,2024-01-12 15:47:45
2024-01-12 15:47:08,2024-01-17 15:48:04,,
2024-01-12 15:50:12,2024-01-17 15:50:14,2024-01-12 15:50:22,2024-01-12 15:52:40
2024-01-12 16:00:00,2024-01-17 16:00:00,,
2024-01-16 10:15:18,2024-01-22 09:30:00,2024-01-16 10:16:27,2024-01-16 10:17:03
2024-01-16 10:30:41,2024-01-22 09:30:00,2024-01-16 10:32:58,2024-01-16 10:31:13
2024-01-16 10:31:13,2024-01-22 09:30:00,,
2024-01-16 10:31:32,2024-01-22 09:30:00,2024-01-16 10:32:58,2024-01-16 10:36:36
2024-01-16 11:01:39,2024-01-22 09:30:00,,
2024-01-16 11:19:25,2024-01-22 09:30:00,,
2024-01-16 12:36:10,2024-01-22 09:30:00,,
2024-01-16 13:18:42,2024-01-22 09:30:00,2024-01-16 13:18:50,2024-01-16 13:23:22
2024-01-16 15:51:55,2024-01-22 09:30:00,,
2024-01-17 09:33:52,2024-01-22 09:35:24,2024-01-17 09:37:10,2024-01-17 09:34:51
2024-01-17 10:01:15,2024-01-22 10:01:22,2024-01-17 10:01:20,2024-01-17 10:01:46
2024-01-17 10:03:56,2024-01-22 10:03:56,2024-01-17 10:04:08,2024-01-17 10:04:01
2024-01-17 10:04:01,2024-01-22 10:04:21,,
2024-01-17 10:04:44,2024-01-22 10:04:49,2024-01-17 10:04:47,2024-01-17 10:05:25
2024-01-17 10:06:01,2024-01-22 10:06:04,,
2024-01-17 10:06:04,2024-01-22 10:06:04,2024-01-17 10:06:21,2024-01-17 10:06:11
2024-01-17 10:06:11,2024-01-22 10:06:32,,
2024-01-17 10:06:16,2024-01-22 10:06:32,2024-01-17 10:06:21,2024-01-17 10:06:26
2024-01-17 10:08:41,2024-01-22 10:09:06,,
2024-01-17 10:08:47,2024-01-22 10:09:06,2024-01-17 10:09:01,2024-01-17 10:10:32
2024-01-17 10:14:22,2024-01-22 10:14:38,2024-01-17 10:14:29,2024-01-17 10:14:34
2024-01-17 10:14:29,2024-01-22 10:14:38,,
2024-01-17 10:15:08,2024-01-22 10:15:16,,
2024-01-17 10:17:59,2024-01-22 10:18:03,2024-01-17 10:18:04,2024-01-17 10:18:01
2024-01-17 10:18:52,2024-01-22 10:20:13,2024-01-17 10:19:00,2024-01-17 10:19:06
2024-01-17 10:19:00,2024-01-22 10:20:13,,
2024-01-17 10:40:50,2024-01-22 10:42:50,2024-01-17 10:41:35,2024-01-17 10:42:37
2024-01-17 11:39:05,2024-01-22 11:40:04,2024-01-17 11:44:38,2024-01-17 11:41:05
2024-01-17 14:01:49,2024-01-22 14:05:08,2024-01-17 14:01:58,2024-01-17 14:04:56
2024-01-17 14:01:58,2024-01-22 14:05:08,,
2024-01-17 14:11:33,2024-01-22 14:14:22,,
2024-01-17 14:36:56,2024-01-22 14:37:38,2024-01-17 14:37:29,2024-01-17 14:38:26
2024-01-17 15:55:00,2024-01-22 15:55:00,2024-01-17 15:55:26,2024-01-17 15:56:01
2024-01-18 09:47:05,2024-01-23 09:48:30,,
2024-01-18 13:22:07,2024-01-23 13:24:50,,
2024-01-18 14:22:58,2024-01-23 14:23:53,2024-01-18 14:26:35,2024-01-18 14:24:01
2024-01-18 14:24:01,2024-01-23 14:24:26,,
2024-01-18 14:37:09,2024-01-23 14:38:01,2024-01-18 14:41:14,2024-01-18 14:43:40
2024-01-18 15:24:04,2024-01-23 15:24:35,2024-01-18 15:24:55,2024-01-18 15:25:32
2024-01-18 15:26:32,2024-01-23 15:27:40,2024-01-18 15:27:46,2024-01-18 15:29:37
2024-01-18 15:51:02,2024-01-23 15:51:30,2024-01-18 15:51:04,2024-01-18 15:51:09
2024-01-18 15:51:04,2024-01-23 15:51:30,,
2024-01-19 09:30:00,2024-01-24 09:30:00,,
2024-01-19 09:58:59,2024-01-24 10:01:20,2024-01-19 10:00:00,2024-01-19 10:01:38
2024-01-19 10:00:00,2024-01-24 10:01:20,,
2024-01-19 11:40:29,2024-01-24 11:40:46,,
2024-01-19 12:44:33,2024-01-24 12:46:07,2024-01-19 12:49:38,2024-01-19 12:54:07
2024-01-19 12:49:38,2024-01-24 12:50:24,,
2024-01-19 15:51:06,2024-01-24 15:51:22,2024-01-19 15:52:29,2024-01-19 15:51:38
2024-01-22 12:26:21,2024-01-29 09:30:00,2024-01-22 12:28:10,2024-01-22 12:32:40
2024-01-22 12:28:10,2024-01-29 09:30:00,,
2024-01-22 12:31:21,2024-01-29 09:30:00,2024-01-22 12:32:36,2024-01-22 12:32:40
2024-01-22 12:32:36,2024-01-29 09:30:00,2024-01-22 12:42:40,2024-01-22 12:37:18
2024-01-22 13:49:02,2024-01-29 09:30:00,,
2024-01-22 14:05:08,2024-01-29 09:30:00,2024-01-22 14:10:06,2024-01-22 14:17:10
2024-01-22 15:05:16,2024-01-29 09:30:00,,
2024-01-22 15:16:08,2024-01-29 09:30:00,2024-01-22 15:16:49,2024-01-22 15:16:30
2024-01-22 15:16:30,2024-01-29 09:30:00,,
2024-01-22 15:44:43,2024-01-29 09:30:00,,
2024-01-22 15:50:34,2024-01-29 09:30:00,2024-01-22 15:50:59,2024-01-22 15:50:49
2024-01-22 15:50:49,2024-01-29 09:30:00,,
2024-01-22 15:52:02,2024-01-29 09:30:00,,
2024-01-22 15:54:00,2024-01-29 09:30:00,,
2024-01-22 15:55:24,2024-01-29 09:30:00,2024-01-22 15:55:36,2024-01-22 15:56:12
2024-01-22 15:55:36,2024-01-29 09:30:00,,
2024-01-23 15:10:07,2024-01-29 09:30:00,2024-01-23 15:10:58,2024-01-23 15:13:02
2024-01-23 15:36:43,2024-01-29 09:30:00,,
2024-01-23 15:56:14,2024-01-29 09:30:00,2024-01-23 15:58:12,2024-01-23 15:57:17
2024-01-23 15:58:12,2024-01-29 09:30:00,,
2024-01-23 15:59:48,2024-01-29 09:30:00,2024-01-23 15:59:54,2024-01-23 15:59:57
2024-01-23 15:59:54,2024-01-29 09:30:00,,
2024-01-24 09:45:00,2024-01-29 09:45:31,2024-01-24 09:45:01,2024-01-24 09:48:42
2024-01-24 13:17:57,2024-01-29 13:19:53,,
2024-01-24 14:14:47,2024-01-29 14:15:13,,
2024-01-24 15:02:42,2024-01-29 15:03:19,,
2024-01-24 15:42:58,2024-01-29 15:43:59,2024-01-24 15:43:06,2024-01-24 15:43:11
2024-01-24 15:43:34,2024-01-29 15:43:59,2024-01-24 15:43:38,2024-01-24 15:44:27
2024-01-24 15:49:30,2024-01-29 15:49:54,2024-01-24 15:50:01,2024-01-24 15:50:09
2024-01-24 15:52:12,2024-01-29 15:52:13,2024-01-24 15:52:42,2024-01-24 15:52:55
2024-01-24 15:58:43,2024-01-29 15:58:44,,
2024-01-24 15:58:52,2024-01-29 15:58:59,2024-01-24 15:59:02,2024-01-24 15:58:53
2024-01-24 15:59:33,2024-01-29 15:59:33,,
2024-01-25 10:57:05,2024-01-30 10:57:30,2024-01-25 10:57:35,2024-01-25 10:57:36
2024-01-25 10:57:35,2024-01-30 10:58:36,,
2024-01-25 11:09:57,2024-01-30 11:10:10,2024-01-25 11:10:02,2024-01-25 11:10:25
2024-01-25 11:10:02,2024-01-30 11:10:10,,
2024-01-25 11:15:18,2024-01-30 11:16:03,2024-01-25 11:16:23,2024-01-25 11:15:51
2024-01-25 11:15:51,2024-01-30 11:16:03,,
2024-01-25 11:57:03,2024-01-30 11:57:48,2024-01-25 11:57:26,2024-01-25 11:57:25
2024-01-25 11:57:34,2024-01-30 11:57:48,2024-01-25 11:58:00,2024-01-25 11:57:59
2024-01-25 12:13:24,2024-01-30 12:13:37,2024-01-25 12:14:38,2024-01-25 12:13:27
2024-01-25 12:15:29,2024-01-30 12:15:43,2024-01-25 12:15:30,2024-01-25 12:15:31
2024-01-25 12:15:30,2024-01-30 12:15:43,,
2024-01-25 12:19:19,2024-01-30 12:20:40,2024-01-25 12:19:33,2024-01-25 12:20:07
2024-01-25 12:21:13,2024-01-30 12:22:17,2024-01-25 12:21:40,2024-01-25 12:21:25
2024-01-25 12:21:25,2024-01-30 12:22:17,,
2024-01-25 12:22:24,2024-01-30 12:22:47,2024-01-25 12:22:35,2024-01-25 12:23:08
2024-01-25 12:26:07,2024-01-30 12:26:10,2024-01-25 12:26:32,2024-01-25 12:26:11
2024-01-25 12:27:27,2024-01-30 12:27:45,,
2024-01-25 12:54:20,2024-01-30 12:54:46,2024-01-25 12:54:22,2024-01-25 12:54:26
2024-01-25 12:54:28,2024-01-30 12:54:46,2024-01-25 12:55:09,2024-01-25 12:55:58
2024-01-25 13:02:00,2024-01-30 13:02:00,,
2024-01-25 13:31:11,2024-01-30 13:31:32,2024-01-25 13:32:27,2024-01-25 13:32:01
2024-01-25 13:32:01,2024-01-30 13:33:04,,
2024-01-25 13:32:43,2024-01-30 13:33:04,,
2024-01-25 13:35:13,2024-01-30 13:35:50,2024-01-25 13:35:39,2024-01-25 13:36:02
2024-01-25 13:35:39,2024-01-30 13:35:50,,
2024-01-25 13:39:00,2024-01-30 13:39:42,2024-01-25 13:39:19,2024-01-25 13:39:05
2024-01-25 13:39:05,2024-01-30 13:39:42,,
2024-01-25 13:45:56,2024-01-30 13:46:50,,
2024-01-25 13:46:13,2024-01-30 13:46:50,2024-01-25 13:46:34,2024-01-25 13:46:46
2024-01-25 13:48:14,2024-01-30 13:48:24,2024-01-25 13:49:05,2024-01-25 13:48:22
2024-01-25 13:50:18,2024-01-30 13:50:28,2024-01-25 13:50:47,2024-01-25 13:50:22
2024-01-25 13:53:20,2024-01-30 13:53:34,,
2024-01-25 13:55:06,2024-01-30 13:55:22,2024-01-25 13:55:56,2024-01-25 13:55:08
2024-01-25 13:55:57,2024-01-30 13:56:13,2024-01-25 13:56:30,2024-01-25 13:57:09
2024-01-25 13:56:30,2024-01-30 13:56:45,,
2024-01-25 14:02:58,2024-01-30 14:03:31,2024-01-25 14:03:00,2024-01-25 14:03:12
2024-01-25 14:03:00,2024-01-30 14:03:31,,
2024-01-25 14:04:02,2024-01-30 14:04:15,2024-01-25 14:04:37,2024-01-25 14:04:58
2024-01-25 14:04:37,2024-01-30 14:05:15,,
2024-01-25 14:04:53,2024-01-30 14:05:15,2024-01-25 14:04:57,2024-01-25 14:04:58
2024-01-25 14:04:57,2024-01-30 14:05:15,,
2024-01-25 14:05:38,2024-01-30 14:05:56,2024-01-25 14:05:49,2024-01-25 14:06:01
2024-01-25 14:05:49,2024-01-30 14:05:56,,
2024-01-25 14:06:59,2024-01-30 14:07:15,,
2024-01-25 14:09:22,2024-01-30 14:09:23,2024-01-25 14:09:36,2024-01-25 14:09:37
2024-01-25 14:10:48,2024-01-30 14:10:53,2024-01-25 14:10:53,2024-01-25 14:11:47
2024-01-25 14:11:47,2024-01-30 14:12:01,,
2024-01-25 14:13:04,2024-01-30 14:13:14,,
2024-01-25 14:15:06,2024-01-30 14:15:20,2024-01-25 14:15:36,2024-01-25 14:15:25
2024-01-25 14:15:25,2024-01-30 14:15:33,,
2024-01-25 14:16:55,2024-01-30 14:16:56,,
2024-01-25 14:19:50,2024-01-30 14:20:31,2024-01-25 14:20:04,2024-01-25 14:19:58
2024-01-25 14:19:58,2024-01-30 14:20:31,,
2024-01-25 14:23:01,2024-01-30 14:23:32,2024-01-25 14:23:03,2024-01-25 14:23:13
2024-01-25 14:27:59,2024-01-30 14:28:48,,
2024-01-25 14:29:01,2024-01-30 14:29:01,2024-01-25 14:29:02,2024-01-25 14:29:04
2024-01-25 14:29:02,2024-01-30 14:30:02,,
2024-01-25 14:29:21,2024-01-30 14:30:02,2024-01-25 14:29:25,2024-01-25 14:29:28
2024-01-25 14:37:03,2024-01-30 14:37:22,2024-01-25 14:37:04,2024-01-25 14:37:11
2024-01-25 14:37:04,2024-01-30 14:37:22,,
2024-01-25 14:41:39,2024-01-30 14:42:25,2024-01-25 14:42:07,2024-01-25 14:41:57
2024-01-25 14:43:12,2024-01-30 14:43:21,2024-01-25 14:43:24,2024-01-25 14:43:37
2024-01-25 14:43:24,2024-01-30 14:43:46,,
2024-01-25 14:46:59,2024-01-30 14:47:23,2024-01-25 14:47:08,2024-01-25 14:47:24
2024-01-25 14:47:08,2024-01-30 14:47:23,,
2024-01-25 14:47:23,2024-01-30 14:47:23,2024-01-25 14:47:50,2024-01-25 14:47:24
2024-01-25 14:51:31,2024-01-30 14:51:43,,
2024-01-25 14:52:17,2024-01-30 14:53:00,,
2024-01-25 14:54:26,2024-01-30 14:54:40,,
2024-01-25 14:54:38,2024-01-30 14:54:40,2024-01-25 14:55:43,2024-01-25 14:54:46
2024-01-25 14:54:46,2024-01-30 14:54:57,,
2024-01-25 14:55:51,2024-01-30 14:56:29,,
2024-01-25 14:59:42,2024-01-30 15:00:09,2024-01-25 14:59:55,2024-01-25 14:59:57
2024-01-25 15:00:00,2024-01-30 15:00:09,2024-01-25 15:00:01,2024-01-25 15:00:33
2024-01-25 15:01:26,2024-01-30 15:01:51,,
2024-01-25 15:01:55,2024-01-30 15:02:12,,
2024-01-25 15:01:59,2024-01-30 15:02:12,2024-01-25 15:02:05,2024-01-25 15:02:17
2024-01-25 15:03:01,2024-01-30 15:03:31,2024-01-25 15:03:04,2024-01-25 15:03:21
2024-01-25 15:10:52,2024-01-30 15:10:57,2024-01-25 15:10:57,2024-01-25 15:11:21
2024-01-25 15:10:57,2024-01-30 15:10:57,,
2024-01-25 15:11:03,2024-01-30 15:11:11,2024-01-25 15:11:11,2024-01-25 15:11:21
2024-01-25 15:11:11,2024-01-30 15:11:11,,
2024-01-25 15:12:20,2024-01-30 15:12:21,,
2024-01-25 15:12:26,2024-01-30 15:12:29,2024-01-25 15:12:55,2024-01-25 15:12:33
2024-01-25 15:12:55,2024-01-30 15:13:06,,
2024-01-25 15:13:48,2024-01-30 15:14:30,2024-01-25 15:13:52,2024-01-25 15:14:10
2024-01-25 15:13:52,2024-01-30 15:14:30,,
2024-01-25 15:13:57,2024-01-30 15:14:30,2024-01-25 15:14:10,2024-01-25 15:14:23
2024-01-25 15:15:53,2024-01-30 15:15:53,2024-01-26 09:30:00,2024-01-25 16:05:40
2024-01-25 15:16:27,2024-01-30 15:17:00,2024-01-25 15:16:31,2024-01-25 15:16:30
2024-01-25 15:16:33,2024-01-30 15:17:00,2024-01-25 15:16:36,2024-01-25 15:16:51
2024-01-25 15:16:36,2024-01-30 15:17:00,,
2024-01-25 15:18:05,2024-01-30 15:18:07,2024-01-25 15:18:07,2024-01-25 15:18:19
2024-01-25 15:18:07,2024-01-30 15:18:07,,
2024-01-25 15:19:30,2024-01-30 15:19:58,,
2024-01-25 15:21:40,2024-01-30 15:21:51,2024-01-25 15:21:59,2024-01-25 15:21:41
2024-01-25 15:21:41,2024-01-30 15:21:51,,
2024-01-25 15:21:45,2024-01-30 15:21:51,2024-01-25 15:21:59,2024-01-25 15:22:12
2024-01-25 15:22:32,2024-01-30 15:22:45,2024-01-25 15:23:13,2024-01-25 15:22:39
2024-01-25 15:22:39,2024-01-30 15:22:45,2024-01-25 16:05:40,2024-01-26 09:30:00
2024-01-25 15:22:52,2024-01-30 15:23:02,2024-01-25 15:23:13,2024-01-25 15:22:57
2024-01-25 15:22:57,2024-01-30 15:23:02,,
2024-01-25 15:22:59,2024-01-30 15:23:02,2024-01-25 15:23:13,2024-01-25 15:23:22
2024-01-25 15:23:36,2024-01-30 15:23:43,2024-01-25 15:23:45,2024-01-25 15:23:39
2024-01-25 15:23:39,2024-01-30 15:23:43,,
2024-01-25 15:24:39,2024-01-30 15:24:59,2024-01-25 15:24:44,2024-01-25 15:24:47
2024-01-25 15:25:25,2024-01-30 15:25:33,,
2024-01-25 15:26:36,2024-01-30 15:26:41,2024-01-25 15:26:53,2024-01-25 15:26:40
2024-01-25 15:26:40,2024-01-30 15:26:41,,
2024-01-25 15:27:10,2024-01-30 15:27:17,,
2024-01-25 15:28:24,2024-01-30 15:28:33,2024-01-25 15:28:46,2024-01-25 15:28:35
2024-01-25 15:28:35,2024-01-30 15:28:42,,
2024-01-25 15:29:10,2024-01-30 15:29:41,,
2024-01-25 15:30:23,2024-01-30 15:30:47,2024-01-26 09:30:00,2024-01-25 16:05:40
2024-01-25 15:31:04,2024-01-30 15:31:09,2024-01-25 15:31:10,2024-01-25 15:31:26
2024-01-25 15:31:10,2024-01-30 15:31:28,,
2024-01-25 15:31:15,2024-01-30 15:31:28,2024-01-25 15:31:21,2024-01-25 15:31:26
2024-01-25 15:31:21,2024-01-30 15:31:28,,
2024-01-25 15:31:35,2024-01-30 15:31:42,2024-01-25 15:32:02,2024-01-25 15:31:36
2024-01-25 15:31:36,2024-01-30 15:31:42,,
2024-01-25 15:31:45,2024-01-30 15:31:53,2024-01-25 15:31:58,2024-01-25 15:32:02
2024-01-25 15:31:58,2024-01-30 15:31:59,,
2024-01-25 15:32:13,2024-01-30 15:32:21,,
2024-01-25 15:34:30,2024-01-30 15:34:44,2024-01-25 15:34:33,2024-01-25 15:35:24
2024-01-25 15:35:24,2024-01-30 15:35:34,,
2024-01-25 15:35:53,2024-01-30 15:36:05,2024-01-25 15:35:55,2024-01-25 15:35:54
2024-01-25 15:35:54,2024-01-30 15:36:05,,
2024-01-25 15:36:20,2024-01-30 15:36:25,2024-01-25 15:36:28,2024-01-25 15:36:38
2024-01-25 15:37:48,2024-01-30 15:37:52,2024-01-25 15:38:24,2024-01-25 15:38:37
2024-01-25 15:38:24,2024-01-30 15:38:47,,
2024-01-25 15:38:31,2024-01-30 15:38:47,2024-01-25 15:38:50,2024-01-25 15:38:37
2024-01-25 15:39:00,2024-01-30 15:39:08,2024-01-25 15:39:07,2024-01-25 15:39:06
2024-01-25 15:39:11,2024-01-30 15:39:32,2024-01-25 15:39:29,2024-01-25 15:39:33
2024-01-25 15:39:29,2024-01-30 15:39:32,,
2024-01-25 15:39:30,2024-01-30 15:39:32,2024-01-25 15:39:56,2024-01-25 15:39:33
2024-01-25 15:39:56,2024-01-30 15:39:58,,
2024-01-25 15:40:13,2024-01-30 15:40:16,2024-01-25 15:40:23,2024-01-25 15:40:27
2024-01-25 15:40:23,2024-01-30 15:40:33,,2024-01-25 16:05:40
2024-01-25 15:40:50,2024-01-30 15:41:48,2024-01-25 15:40:53,2024-01-25 15:41:04
2024-01-25 15:40:53,2024-01-30 15:41:48,,
2024-01-25 15:41:30,2024-01-30 15:41:48,2024-01-25 15:41:35,2024-01-25 15:41:38
2024-01-25 15:41:35,2024-01-30 15:41:48,,
2024-01-25 15:43:30,2024-01-30 15:43:32,2024-01-25 15:43:37,2024-01-25 15:43:39
2024-01-25 15:43:37,2024-01-30 15:44:01,,
2024-01-25 15:44:06,2024-01-30 15:44:22,2024-01-25 15:44:09,2024-01-25 15:44:12
2024-01-25 15:44:09,2024-01-30 15:44:22,2024-01-26 09:30:00,2024-01-25 16:05:40
2024-01-25 15:44:21,2024-01-30 15:44:22,2024-01-25 15:44:29,2024-01-25 15:44:26
2024-01-25 15:44:32,2024-01-30 15:44:44,2024-01-25 15:44:36,2024-01-25 15:44:34
2024-01-25 15:44:46,2024-01-30 15:44:51,,
2024-01-25 15:44:57,2024-01-30 15:45:01,,
2024-01-25 15:50:00,2024-01-30 15:50:00,,
2024-01-25 15:50:41,2024-01-30 15:51:00,,
2024-01-25 15:58:18,2024-01-30 15:58:18,2024-01-25 15:58:42,2024-01-25 15:58:22
2024-01-25 15:58:22,2024-01-30 15:58:31,,
2024-01-25 15:58:23,2024-01-30 15:58:31,2024-01-25 15:58:42,2024-01-25 15:58:30
2024-01-25 15:58:30,2024-01-30 15:58:31,,
2024-01-26 09:30:00,2024-01-31 09:30:00,,
2024-01-26 10:12:10,2024-01-31 10:12:29,2024-01-26 10:13:38,2024-01-26 10:12:52
2024-01-26 10:20:28,2024-01-31 10:20:44,2024-01-26 10:21:33,2024-01-26 10:21:10
2024-01-26 10:36:32,2024-01-31 10:38:01,2024-01-26 10:37:43,2024-01-26 10:38:06
2024-01-26 10:37:43,2024-01-31 10:38:01,,
2024-01-26 10:46:19,2024-01-31 10:47:16,2024-01-26 10:46:40,2024-01-26 10:46:23
2024-01-26 10:46:23,2024-01-31 10:47:16,,
2024-01-26 10:47:17,2024-01-31 10:47:36,2024-01-26 10:47:51,2024-01-26 10:48:55
2024-01-26 10:49:52,2024-01-31 10:50:19,2024-01-26 10:50:27,2024-01-26 10:50:32
2024-01-26 10:59:13,2024-01-31 10:59:59,2024-01-26 11:01:51,2024-01-26 11:00:23
2024-01-26 11:00:23,2024-01-31 11:01:47,,
2024-01-26 11:09:02,2024-01-31 11:09:45,2024-01-26 11:09:42,2024-01-26 11:09:23
2024-01-26 11:09:43,2024-01-31 11:09:45,2024-01-26 11:09:56,2024-01-26 11:09:48
2024-01-26 11:24:38,2024-01-31 11:27:37,2024-01-26 11:25:18,2024-01-26 11:26:14
2024-01-26 11:25:18,2024-01-31 11:27:37,,
2024-01-26 11:34:28,2024-01-31 11:35:31,,
2024-01-26 11:47:35,2024-01-31 11:47:37,2024-01-26 11:48:15,2024-01-26 11:48:51
2024-01-26 11:48:15,2024-01-31 11:50:37,,
2024-01-26 11:49:32,2024-01-31 11:50:37,2024-01-26 11:51:28,2024-01-26 11:50:23
2024-01-26 11:55:42,2024-01-31 11:56:30,2024-01-26 11:57:04,2024-01-26 11:56:36
2024-01-26 12:13:51,2024-01-31 12:14:13,,
2024-01-26 12:40:29,2024-01-31 12:40:55,2024-01-26 12:41:38,2024-01-26 12:40:50
2024-01-26 12:46:07,2024-01-31 12:47:20,2024-01-26 12:46:09,2024-01-26 12:46:22
2024-01-26 12:46:09,2024-01-31 12:47:20,,
2024-01-26 13:13:06,2024-01-31 13:15:38,2024-01-26 13:17:24,2024-01-26 13:16:29
2024-01-26 13:16:29,2024-01-31 13:17:03,,
2024-01-26 13:25:43,2024-01-31 13:28:31,2024-01-26 13:28:35,2024-01-26 13:27:24
2024-01-26 13:27:24,2024-01-31 13:28:31,,
2024-01-26 14:18:12,2024-01-31 14:18:32,2024-01-26 14:18:37,2024-01-26 14:19:13
2024-01-26 14:32:46,2024-01-31 14:33:04,,
2024-01-26 14:41:33,2024-01-31 14:41:53,2024-01-26 14:42:35,2024-01-26 14:41:36
2024-01-26 14:41:36,2024-01-31 14:41:53,,
2024-01-26 14:58:03,2024-01-31 14:58:48,2024-01-26 15:01:00,2024-01-26 14:58:16
2024-01-26 14:58:16,2024-01-31 14:58:48,,
2024-01-26 14:58:44,2024-01-31 14:58:48,2024-01-26 15:01:00,2024-01-26 14:59:50
2024-01-26 14:59:50,2024-01-31 15:00:02,,
2024-01-26 15:04:47,2024-01-31 15:04:52,2024-01-26 15:05:11,2024-01-26 15:05:31
2024-01-26 15:11:16,2024-01-31 15:11:47,2024-01-26 15:12:06,2024-01-26 15:11:30
2024-01-26 15:19:23,2024-01-31 15:19:29,,
2024-01-26 15:23:37,2024-01-31 15:23:48,,
2024-01-26 15:47:36,2024-01-31 15:49:07,2024-01-26 15:47:42,2024-01-26 15:48:13
2024-01-26 15:47:42,2024-01-31 15:49:07,,
2024-01-26 15:59:57,2024-01-31 15:59:59,2024-01-26 16:00:00,2024-01-26 15:59:58
2024-01-26 15:59:58,2024-01-31 15:59:59,,
2024-01-29 09:59:36,2024-02-05 09:30:00,,
2024-01-29 09:59:54,2024-02-05 09:30:00,2024-01-29 09:59:59,2024-01-29 10:00:39
2024-01-29 09:59:59,2024-02-05 09:30:00,,
2024-01-29 10:00:26,2024-02-05 09:30:00,2024-01-29 10:02:29,2024-01-29 10:00:39
2024-01-29 10:02:29,2024-02-05 09:30:00,,
2024-01-29 10:09:06,2024-02-05 09:30:00,,
2024-01-29 10:12:40,2024-02-05 09:30:00,2024-01-29 10:13:27,2024-01-29 10:13:04
2024-01-29 10:13:04,2024-02-05 09:30:00,,
2024-01-29 10:25:16,2024-02-05 09:30:00,,
2024-01-29 10:25:30,2024-02-05 09:30:00,2024-01-29 10:27:17,2024-01-29 10:25:39
2024-01-29 10:29:28,2024-02-05 09:30:00,,
2024-01-29 10:30:55,2024-02-05 09:30:00,2024-01-29 10:32:43,2024-01-29 10:31:20
2024-01-29 10:46:09,2024-02-05 09:30:00,2024-01-29 10:46:49,2024-01-29 10:47:15
2024-01-29 11:20:26,2024-02-05 09:30:00,,
2024-01-29 11:55:09,2024-02-05 09:30:00,,
2024-01-29 12:18:35,2024-02-05 09:30:00,2024-01-29 12:19:06,2024-01-29 12:19:01
2024-01-29 12:19:01,2024-02-05 09:30:00,,
2024-01-29 12:20:30,2024-02-05 09:30:00,2024-01-29 12:21:20,2024-01-29 12:20:34
2024-01-29 12:21:20,2024-02-05 09:30:00,,
2024-01-29 12:22:08,2024-02-05 09:30:00,2024-01-29 12:23:15,2024-01-29 12:29:20
2024-01-29 12:23:15,2024-02-05 09:30:00,,
2024-01-29 12:23:29,2024-02-05 09:30:00,2024-01-29 12:24:01,2024-01-29 12:29:20
2024-01-29 12:24:01,2024-02-05 09:30:00,,
2024-01-29 12:40:56,2024-02-05 09:30:00,2024-01-29 12:41:15,2024-01-29 12:41:57
2024-01-29 14:34:45,2024-02-05 09:30:00,2024-01-29 14:34:46,2024-01-29 14:36:15
2024-01-29 15:08:38,2024-02-05 09:30:00,2024-01-29 15:08:49,2024-01-29 15:08:39
2024-01-29 15:08:39,2024-02-05 09:30:00,,
2024-01-29 15:32:24,2024-02-05 09:30:00,2024-01-29 15:32:41,2024-01-29 15:33:23
2024-01-29 15:32:41,2024-02-05 09:30:00,,
2024-01-29 15:53:51,2024-02-05 09:30:00,2024-01-29 15:53:58,2024-01-29 15:54:34
2024-01-29 15:53:58,2024-02-05 09:30:00,,
2024-01-29 15:55:13,2024-02-05 09:30:00,2024-01-29 15:55:14,2024-01-29 15:55:17
2024-01-29 15:55:14,2024-02-05 09:30:00,,
2024-01-29 15:55:58,2024-02-05 09:30:00,2024-01-29 15:56:06,2024-01-29 15:56:24
2024-01-29 15:56:06,2024-02-05 09:30:00,,
2024-01-30 10:17:23,2024-02-05 09:30:00,2024-01-30 10:19:14,2024-01-30 10:22:26
2024-01-30 10:19:14,2024-02-05 09:30:00,,
2024-01-30 10:31:22,2024-02-05 09:30:00,2024-01-30 10:32:23,2024-01-30 10:32:09
2024-01-30 10:37:17,2024-02-05 09:30:00,2024-01-30 10:37:31,2024-01-30 10:37:47
2024-01-30 10:37:31,2024-02-05 09:30:00,,
2024-01-30 11:03:13,2024-02-05 09:30:00,2024-01-30 11:04:35,2024-01-30 11:04:48
2024-01-30 11:26:27,2024-02-05 09:30:00,2024-01-30 11:34:50,2024-01-30 11:29:33
2024-01-30 11:29:33,2024-02-05 09:30:00,,
2024-01-30 11:33:35,2024-02-05 09:30:00,2024-01-30 11:34:50,2024-01-30 11:34:31
2024-01-30 11:34:31,2024-02-05 09:30:00,,
2024-01-30 11:37:11,2024-02-05 09:30:00,2024-01-30 11:37:17,2024-01-30 11:38:18
2024-01-30 11:49:04,2024-02-05 09:30:00,,
2024-01-30 12:00:56,2024-02-05 09:30:00,2024-01-30 12:01:50,2024-01-30 12:01:07
2024-01-30 12:01:07,2024-02-05 09:30:00,,
2024-01-30 12:23:08,2024-02-05 09:30:00,2024-01-30 12:23:20,2024-01-30 12:24:02
2024-01-30 12:28:54,2024-02-05 09:30:00,2024-01-30 12:29:47,2024-01-30 12:29:15
2024-01-30 12:47:18,2024-02-05 09:30:00,2024-01-30 12:47:24,2024-01-30 12:48:24
2024-01-30 12:47:24,2024-02-05 09:30:00,,
2024-01-30 12:48:40,2024-02-05 09:30:00,,
2024-01-30 13:01:27,2024-02-05 09:30:00,2024-01-31 09:30:13,2024-01-31 14:00:15
2024-01-30 13:04:07,2024-02-05 09:30:00,2024-01-30 13:04:42,2024-01-30 13:05:07
2024-01-30 13:04:42,2024-02-05 09:30:00,,
2024-01-30 13:07:38,2024-02-05 09:30:00,,
2024-01-30 13:08:11,2024-02-05 09:30:00,2024-01-30 13:08:23,2024-01-30 13:09:03
2024-01-30 13:08:23,2024-02-05 09:30:00,,
2024-01-30 13:08:54,2024-02-05 09:30:00,2024-01-30 13:10:57,2024-01-30 13:09:03
2024-01-30 13:23:21,2024-02-05 09:30:00,,
2024-01-30 13:28:55,2024-02-05 09:30:00,2024-01-30 13:30:08,2024-01-30 13:30:18
2024-01-30 13:34:12,2024-02-05 09:30:00,,
2024-01-30 13:41:51,2024-02-05 09:30:00,2024-01-30 13:43:02,2024-01-30 13:42:22
2024-01-30 13:42:22,2024-02-05 09:30:00,,
2024-01-30 13:56:45,2024-02-05 09:30:00,2024-01-30 13:57:29,2024-01-30 13:57:19
2024-01-30 13:57:19,2024-02-05 09:30:00,,
2024-01-30 14:00:37,2024-02-05 09:30:00,,
2024-01-30 14:02:14,2024-02-05 09:30:00,2024-01-30 14:03:31,2024-01-30 14:04:21
2024-01-30 14:11:25,2024-02-05 09:30:00,2024-01-30 14:11:40,2024-01-30 14:13:14
2024-01-30 14:35:47,2024-02-05 09:30:00,,
2024-01-30 14:49:48,2024-02-05 09:30:00,,
2024-01-30 14:56:49,2024-02-05 09:30:00,,
2024-01-30 14:56:51,2024-02-05 09:30:00,2024-01-30 14:57:03,2024-01-30 14:57:12
2024-01-30 14:57:03,2024-02-05 09:30:00,,
2024-01-30 15:00:23,2024-02-05 09:30:00,2024-01-30 15:00:25,2024-01-30 15:01:51
2024-01-30 15:17:00,2024-02-05 09:30:00,2024-01-30 15:18:07,2024-01-30 15:17:24
2024-01-30 15:49:07,2024-02-05 09:30:00,2024-01-30 15:49:26,2024-01-30 15:50:00
2024-01-30 15:50:00,2024-02-05 09:30:00,,
2024-01-30 15:55:54,2024-02-05 09:30:00,,
2024-01-30 15:57:26,2024-02-05 09:30:00,2024-01-30 15:57:44,2024-01-30 15:57:33
2024-01-30 15:57:33,2024-02-05 09:30:00,,
2024-01-30 15:59:07,2024-02-05 09:30:00,2024-01-30 15:59:17,2024-01-30 15:59:51
2024-01-30 15:59:17,2024-02-05 09:30:00,,
2024-01-30 15:59:23,2024-02-05 09:30:00,2024-01-30 15:59:30,2024-01-30 15:59:51
2024-01-30 15:59:30,2024-02-05 09:30:00,,
2024-01-31 09:36:26,2024-02-05 09:38:16,2024-01-31 09:36:38,2024-01-31 09:37:14
2024-01-31 09:36:38,2024-02-05 09:38:16,,
2024-01-31 09:56:10,2024-02-05 09:56:11,2024-01-31 09:56:47,2024-01-31 09:56:42
2024-01-31 09:56:59,2024-02-05 09:57:10,2024-01-31 09:57:01,2024-01-31 09:58:01
2024-01-31 09:57:01,2024-02-05 09:57:10,,
2024-01-31 10:32:31,2024-02-05 10:34:04,2024-01-31 10:34:02,2024-01-31 10:38:01
2024-01-31 12:19:45,2024-02-05 12:20:38,2024-01-31 12:24:46,2024-01-31 12:21:10
2024-01-31 13:47:59,2024-02-05 13:50:14,2024-01-31 13:48:15,2024-01-31 13:52:01
2024-01-31 13:57:43,2024-02-05 13:58:27,2024-01-31 13:57:57,2024-01-31 14:00:00
2024-01-31 13:57:57,2024-02-05 13:58:27,,
2024-01-31 13:59:50,2024-02-05 14:00:07,2024-01-31 14:00:03,2024-01-31 14:00:00
2024-01-31 14:43:00,2024-02-05 14:43:19,2024-01-31 14:44:49,2024-01-31 14:43:13
2024-01-31 14:43:13,2024-02-05 14:43:19,,
2024-01-31 15:03:28,2024-02-05 15:03:29,2024-01-31 15:03:38,2024-01-31 15:04:00
2024-01-31 15:03:38,2024-02-05 15:04:13,,
2024-01-31 15:08:07,2024-02-05 15:08:08,2024-01-31 15:08:30,2024-01-31 15:08:58
2024-01-31 15:08:30,2024-02-05 15:09:26,,
2024-01-31 15:22:05,2024-02-05 15:22:26,2024-01-31 15:22:32,2024-01-31 15:22:52
2024-01-31 15:24:19,2024-02-05 15:24:27,2024-01-31 15:24:30,2024-01-31 15:24:44
2024-01-31 15:28:22,2024-02-05 15:28:29,2024-01-31 15:29:09,2024-01-31 15:28:32
2024-01-31 15:28:32,2024-02-05 15:28:38,,
2024-01-31 15:58:02,2024-02-05 15:58:04,,
2024-02-01 10:39:24,2024-02-06 10:39:41,2024-02-01 10:40:04,2024-02-01 10:41:30
2024-02-01 10:45:25,2024-02-06 10:46:55,2024-02-01 10:46:05,2024-02-01 10:45:33
2024-02-01 10:45:33,2024-02-06 10:46:55,,
2024-02-01 12:47:55,2024-02-06 12:48:50,2024-02-01 12:48:06,2024-02-01 12:48:40
2024-02-01 12:48:06,2024-02-06 12:48:50,,
2024-02-01 14:05:23,2024-02-06 14:05:42,2024-02-01 14:09:29,2024-02-01 14:07:19
2024-02-01 14:07:19,2024-02-06 14:07:41,,
2024-02-01 14:40:28,2024-02-06 14:41:40,2024-02-01 14:40:49,2024-02-01 14:42:00
2024-02-01 14:40:49,2024-02-06 14:41:40,,
2024-02-01 14:43:35,2024-02-06 14:44:50,2024-02-01 14:43:45,2024-02-01 14:46:31
2024-02-01 14:43:45,2024-02-06 14:44:50,,
2024-02-01 14:45:12,2024-02-06 14:45:57,2024-02-01 14:45:43,2024-02-01 14:46:31
2024-02-01 14:45:43,2024-02-06 14:45:57,,
2024-02-01 14:49:07,2024-02-06 14:50:00,2024-02-01 14:49:16,2024-02-01 14:49:48
2024-02-01 14:49:16,2024-02-06 14:50:00,,
2024-02-01 15:00:31,2024-02-06 15:01:15,2024-02-01 15:00:52,2024-02-01 15:00:47
2024-02-01 15:00:47,2024-02-06 15:01:15,,
2024-02-01 15:18:17,2024-02-06 15:19:15,2024-02-01 15:20:18,2024-02-01 15:19:41
2024-02-01 15:19:41,2024-02-06 15:20:51,,
2024-02-01 15:31:42,2024-02-06 15:33:00,2024-02-01 15:34:31,2024-02-01 15:33:52
2024-02-01 15:33:52,2024-02-06 15:34:04,,
2024-02-01 15:35:43,2024-02-06 15:36:22,,
2024-02-01 15:47:40,2024-02-06 15:48:34,2024-02-01 15:47:49,2024-02-01 15:49:11
2024-02-01 15:49:19,2024-02-06 15:49:21,2024-02-01 15:49:39,2024-02-01 15:49:31
2024-02-01 15:50:58,2024-02-06 15:51:06,2024-02-01 15:51:25,2024-02-01 15:51:10
2024-02-01 15:51:59,2024-02-06 15:53:01,,
2024-02-01 15:53:29,2024-02-06 15:54:19,,
2024-02-02 09:45:49,2024-02-07 09:46:19,,
2024-02-02 09:56:32,2024-02-07 09:56:58,2024-02-02 09:57:13,2024-02-02 09:56:55
2024-02-02 11:03:44,2024-02-07 11:04:18,2024-02-02 11:08:43,2024-02-02 11:06:48
2024-02-02 11:06:48,2024-02-07 11:07:56,,
2024-02-02 12:45:18,2024-02-07 12:46:57,,
2024-02-02 13:35:30,2024-02-07 13:37:07,,
2024-02-02 14:11:55,2024-02-07 14:15:01,,
2024-02-02 14:48:22,2024-02-07 14:49:05,2024-02-02 14:51:51,2024-02-02 14:49:44
2024-02-02 14:49:44,2024-02-07 14:49:50,,
2024-02-02 14:57:09,2024-02-07 14:57:29,2024-02-02 15:00:41,2024-02-02 14:58:06
2024-02-02 14:58:06,2024-02-07 14:58:11,,
2024-02-02 15:59:45,2024-02-07 15:59:50,2024-02-02 15:59:50,2024-02-02 15:59:46
2024-02-05 10:53:50,2024-02-12 09:30:00,,
2024-02-05 11:13:20,2024-02-12 09:30:00,2024-02-05 11:15:01,2024-02-05 11:15:37
2024-02-05 12:00:10,2024-02-12 09:30:00,2024-02-05 12:04:10,2024-02-05 12:01:08
2024-02-05 12:01:08,2024-02-12 09:30:00,,
2024-02-05 12:21:59,2024-02-12 09:30:00,2024-02-05 12:22:59,2024-02-05 12:22:46
2024-02-05 12:22:46,2024-02-12 09:30:00,,
2024-02-05 12:23:57,2024-02-12 09:30:00,2024-02-05 12:27:16,2024-02-05 12:25:04
2024-02-05 12:25:04,2024-02-12 09:30:00,,
2024-02-05 12:35:08,2024-02-12 09:30:00,,
2024-02-05 14:20:33,2024-02-12 09:30:00,,
2024-02-05 14:31:54,2024-02-12 09:30:00,2024-02-05 14:32:24,2024-02-05 14:34:12
2024-02-05 14:32:24,2024-02-12 09:30:00,,
2024-02-05 14:53:31,2024-02-12 09:30:00,,
2024-02-05 15:24:27,2024-02-12 09:30:00,2024-02-05 15:24:44,2024-02-05 15:26:03
2024-02-05 15:24:44,2024-02-12 09:30:00,,
2024-02-05 15:40:33,2024-02-12 09:30:00,,
2024-02-05 15:44:04,2024-02-12 09:30:00,2024-02-05 15:44:37,2024-02-05 15:44:19
2024-02-05 15:46:20,2024-02-12 09:30:00,2024-02-05 15:46:23,2024-02-05 15:47:57
2024-02-05 15:46:23,2024-02-12 09:30:00,,
2024-02-05 15:51:34,2024-02-12 09:30:00,,
2024-02-05 15:53:27,2024-02-12 09:30:00,2024-02-05 15:53:29,2024-02-05 15:53:55
2024-02-05 15:53:29,2024-02-12 09:30:00,,
2024-02-05 15:56:02,2024-02-12 09:30:00,,
2024-02-05 15:58:58,2024-02-12 09:30:00,,
2024-02-05 15:59:33,2024-02-12 09:30:00,2024-02-05 15:59:43,2024-02-05 15:59:36
2024-02-06 09:31:56,2024-02-12 09:30:00,2024-02-06 09:33:08,2024-02-06 09:32:29
2024-02-06 11:24:56,2024-02-12 09:30:00,2024-02-06 11:31:13,2024-02-06 11:25:35
2024-02-06 11:25:35,2024-02-12 09:30:00,,
2024-02-06 12:45:01,2024-02-12 09:30:00,,
2024-02-06 12:46:24,2024-02-12 09:30:00,2024-02-06 12:50:00,2024-02-06 12:48:50
2024-02-06 12:48:50,2024-02-12 09:30:00,,
2024-02-06 14:31:13,2024-02-12 09:30:00,2024-02-06 14:33:58,2024-02-06 14:31:44
2024-02-06 14:45:57,2024-02-12 09:30:00,2024-02-06 14:47:33,2024-02-06 14:52:35
2024-02-06 14:47:33,2024-02-12 09:30:00,,
2024-02-07 09:51:21,2024-02-12 09:51:47,,
2024-02-07 10:35:23,2024-02-12 10:35:55,2024-02-07 10:38:53,2024-02-07 10:36:07
2024-02-07 13:58:24,2024-02-12 14:00:00,2024-02-07 13:59:39,2024-02-07 14:00:25
2024-02-07 14:21:47,2024-02-12 14:25:18,,
2024-02-07 15:09:03,2024-02-12 15:09:31,2024-02-07 15:09:54,2024-02-07 15:09:20
2024-02-07 15:10:32,2024-02-12 15:10:50,2024-02-07 15:10:44,2024-02-07 15:10:37
2024-02-07 15:10:37,2024-02-12 15:10:50,,
2024-02-07 15:34:14,2024-02-12 15:34:53,2024-02-07 15:34:48,2024-02-07 15:34:52
2024-02-07 15:34:48,2024-02-12 15:34:53,2024-02-12 09:32:41,
2024-02-07 15:37:48,2024-02-12 15:37:50,2024-02-07 15:37:53,2024-02-07 15:37:54
2024-02-07 15:37:53,2024-02-12 15:38:12,,
2024-02-07 15:39:02,2024-02-12 15:39:51,,
2024-02-07 15:58:36,2024-02-12 15:59:00,2024-02-07 15:58:55,2024-02-07 15:58:56
2024-02-07 15:58:55,2024-02-12 15:59:00,,
2024-02-07 15:59:13,2024-02-12 15:59:13,,
2024-02-07 15:59:39,2024-02-12 15:59:45,2024-02-07 15:59:50,2024-02-07 15:59:52
2024-02-07 15:59:50,2024-02-12 15:59:51,,
2024-02-08 12:29:40,2024-02-13 12:31:15,2024-02-08 12:30:33,2024-02-08 12:31:08
2024-02-08 12:31:08,2024-02-13 12:31:15,,
2024-02-08 12:43:25,2024-02-13 12:44:00,,
2024-02-08 13:46:18,2024-02-13 13:47:01,,
2024-02-08 13:48:46,2024-02-13 13:49:05,2024-02-08 13:50:52,2024-02-08 13:49:48
2024-02-08 13:49:48,2024-02-13 13:51:23,,
2024-02-08 15:10:44,2024-02-13 15:11:06,,
2024-02-09 10:12:39,2024-02-14 10:13:23,2024-02-09 10:12:45,2024-02-09 10:12:58
2024-02-09 11:14:01,2024-02-14 11:15:52,,
2024-02-09 11:15:21,2024-02-14 11:15:52,2024-02-09 11:22:31,2024-02-09 11:16:30
2024-02-09 13:30:02,2024-02-14 13:30:47,2024-02-09 13:33:17,2024-02-09 13:30:58
2024-02-09 13:30:58,2024-02-14 13:31:05,,
2024-02-09 15:58:51,2024-02-14 15:58:52,2024-02-09 15:59:06,2024-02-09 16:00:00
2024-02-09 15:59:06,2024-02-14 15:59:06,,
2024-02-09 15:59:23,2024-02-14 15:59:23,2024-02-09 15:59:45,2024-02-09 16:00:00
2024-02-09 15:59:45,2024-02-14 15:59:48,,
2024-02-12 11:04:57,2024-02-20 09:30:00,,
2024-02-12 11:51:32,2024-02-20 09:30:00,,
2024-02-12 13:21:28,2024-02-20 09:30:00,2024-02-12 13:25:19,2024-02-12 13:23:53
2024-02-12 14:21:24,2024-02-20 09:30:00,,
2024-02-12 15:38:28,2024-02-20 09:30:00,2024-02-12 15:38:53,2024-02-12 15:40:13
2024-02-12 15:38:53,2024-02-20 09:30:00,,
2024-02-12 15:59:36,2024-02-20 09:30:00,,
2024-02-13 10:40:53,2024-02-20 09:30:00,2024-02-13 10:43:23,2024-02-13 10:42:27
2024-02-13 11:22:40,2024-02-20 09:30:00,2024-02-13 11:25:06,2024-02-13 11:24:28
2024-02-13 11:24:28,2024-02-20 09:30:00,,
2024-02-13 11:59:06,2024-02-20 09:30:00,,
2024-02-13 12:23:49,2024-02-20 09:30:00,,
2024-02-13 13:18:44,2024-02-20 09:30:00,2024-02-13 13:19:38,2024-02-13 13:23:35
2024-02-13 13:19:38,2024-02-20 09:30:00,,
2024-02-13 13:49:05,2024-02-20 09:30:00,,
2024-02-13 14:32:05,2024-02-20 09:30:00,2024-02-13 14:34:25,2024-02-13 14:36:40
2024-02-13 14:34:25,2024-02-20 09:30:00,,
2024-02-13 15:13:34,2024-02-20 09:30:00,2024-02-13 15:15:21,2024-02-13 15:14:23
2024-02-13 15:14:23,2024-02-20 09:30:00,,
2024-02-13 15:17:06,2024-02-20 09:30:00,2024-02-13 15:17:29,2024-02-13 15:17:20
2024-02-13 15:42:35,2024-02-20 09:30:00,2024-02-13 15:44:11,2024-02-13 15:43:17
2024-02-13 15:43:17,2024-02-20 09:30:00,,
2024-02-13 15:49:56,2024-02-20 09:30:00,2024-02-13 15:50:02,2024-02-13 15:50:00
2024-02-13 15:50:00,2024-02-20 09:30:00,,
2024-02-13 15:53:15,2024-02-20 09:30:00,,
2024-02-13 15:57:59,2024-02-20 09:30:00,2024-02-13 15:58:02,2024-02-13 15:58:06
2024-02-13 15:59:27,2024-02-20 09:30:00,2024-02-13 15:59:40,2024-02-13 15:59:44
2024-02-13 15:59:46,2024-02-20 09:30:00,2024-02-13 15:59:57,2024-02-13 16:00:00
2024-02-14 10:04:32,2024-02-20 09:30:00,,
2024-02-14 11:55:49,2024-02-20 09:30:00,,
2024-02-14 12:12:42,2024-02-20 09:30:00,2024-02-14 12:13:08,2024-02-14 12:13:39
2024-02-14 12:13:08,2024-02-20 09:30:00,,
2024-02-14 12:29:35,2024-02-20 09:30:00,,
2024-02-14 12:35:05,2024-02-20 09:30:00,2024-02-14 12:39:07,2024-02-14 12:37:13
2024-02-14 12:56:22,2024-02-20 09:30:00,,
2024-02-14 14:10:36,2024-02-20 09:30:00,2024-02-14 14:12:11,2024-02-14 14:11:05
2024-02-14 15:52:18,2024-02-20 09:30:00,2024-02-14 15:53:02,2024-02-14 15:52:23
2024-02-14 15:53:25,2024-02-20 09:30:00,2024-02-14 15:53:46,2024-02-14 15:54:12
2024-02-14 15:53:46,2024-02-20 09:30:00,,
2024-02-15 11:29:13,2024-02-20 11:30:04,2024-02-15 11:29:23,2024-02-15 11:33:07
2024-02-15 11:29:23,2024-02-20 11:30:04,,
2024-02-15 12:50:13,2024-02-20 12:50:55,,
2024-02-15 14:31:35,2024-02-20 14:33:13,2024-02-15 14:37:20,2024-02-15 14:36:48
2024-02-15 14:36:48,2024-02-20 14:37:40,,
2024-02-15 15:05:05,2024-02-20 15:06:30,,
2024-02-15 15:24:22,2024-02-20 15:24:32,2024-02-15 15:26:00,2024-02-15 15:27:09
2024-02-15 15:26:00,2024-02-20 15:26:06,,
2024-02-15 15:45:33,2024-02-20 15:45:45,,
2024-02-16 09:48:21,2024-02-21 09:50:48,2024-02-16 09:48:47,2024-02-16 09:55:07
2024-02-16 09:48:47,2024-02-21 09:50:48,,
2024-02-16 10:13:12,2024-02-21 10:16:14,,
2024-02-16 10:16:00,2024-02-21 10:16:14,2024-02-16 10:29:05,2024-02-16 10:17:06
2024-02-16 12:41:03,2024-02-21 12:41:46,2024-02-16 12:41:21,2024-02-16 12:42:52
2024-02-16 13:48:30,2024-02-21 13:49:31,2024-02-16 13:49:32,2024-02-16 13:50:10
2024-02-16 14:27:25,2024-02-21 14:29:08,2024-02-16 14:28:19,2024-02-16 14:28:56
2024-02-16 15:07:25,2024-02-21 15:07:31,2024-02-16 15:08:28,2024-02-16 15:09:02
2024-02-16 15:08:28,2024-02-21 15:08:56,,
2024-02-16 15:11:03,2024-02-21 15:11:33,2024-02-16 15:12:01,2024-02-16 15:11:17
2024-02-16 15:21:30,2024-02-21 15:21:31,2024-02-16 15:22:17,2024-02-16 15:23:30
2024-02-16 15:29:07,2024-02-21 15:29:30,,
2024-02-20 12:17:11,2024-02-26 08:21:56,,
2024-02-20 12:18:07,2024-02-26 08:21:56,2024-02-20 12:19:09,2024-02-20 12:18:11
2024-02-20 13:42:30,2024-02-26 08:21:56,2024-02-20 13:50:37,2024-02-20 13:44:48
2024-02-20 13:44:48,2024-02-26 08:21:56,,
2024-02-20 13:57:18,2024-02-26 08:21:56,,
2024-02-20 14:30:44,2024-02-26 08:21:56,2024-02-20 14:33:13,2024-02-20 14:31:03
2024-02-20 14:31:03,2024-02-26 08:21:56,,
2024-02-20 14:31:28,2024-02-26 08:21:56,2024-02-20 14:33:13,2024-02-20 14:36:02
2024-02-20 15:05:01,2024-02-26 08:21:56,,
2024-02-20 15:58:53,2024-02-26 08:21:56,2024-02-20 15:59:33,2024-02-20 15:59:03
2024-02-20 15:59:03,2024-02-26 08:21:56,,
2024-02-21 14:51:29,2024-02-26 14:52:42,,
2024-02-21 15:12:39,2024-02-26 15:13:01,,
2024-02-21 15:14:23,2024-02-26 15:16:34,,
2024-02-22 11:14:56,2024-02-27 11:16:14,2024-02-22 11:16:01,2024-02-22 11:17:32
2024-02-22 11:16:01,2024-02-27 11:16:14,,
2024-02-22 12:56:25,2024-02-27 13:00:07,2024-02-22 12:57:31,2024-02-22 13:08:14
2024-02-22 12:57:31,2024-02-27 13:00:07,,
2024-02-22 13:45:03,2024-02-27 13:45:39,2024-02-22 13:48:07,2024-02-22 13:48:12
2024-02-22 14:10:23,2024-02-27 14:10:42,2024-02-22 14:17:02,2024-02-22 14:14:34
2024-02-22 14:14:34,2024-02-27 14:16:05,,
2024-02-22 14:31:49,2024-02-27 14:32:07,2024-02-22 14:32:46,2024-02-22 14:36:25
2024-02-22 15:29:43,2024-02-27 15:30:18,,
2024-02-22 15:56:19,2024-02-27 15:56:19,2024-02-22 15:56:23,2024-02-22 15:59:20
2024-02-23 10:39:52,2024-02-28 10:44:02,2024-02-23 10:44:39,2024-02-23 10:40:57
2024-02-23 10:40:57,2024-02-28 10:44:02,,
2024-02-23 13:31:19,2024-02-28 13:33:47,,
2024-02-23 14:05:15,2024-02-28 14:05:46,,
2024-02-23 14:27:24,2024-02-28 14:28:01,,
2024-02-23 15:53:02,2024-02-28 15:54:05,2024-02-23 15:53:07,2024-02-23 15:54:22
2024-02-23 15:56:14,2024-02-28 15:56:15,2024-02-23 15:56:32,2024-02-23 15:58:26
2024-02-23 15:56:32,2024-02-28 15:56:35,,
2024-02-26 09:37:22,2024-03-04 09:30:00,2024-02-26 09:38:24,2024-02-26 09:43:07
2024-02-26 11:53:24,2024-03-04 09:30:00,2024-02-26 11:59:07,2024-02-26 11:56:19
2024-02-26 12:06:18,2024-03-04 09:30:00,,
2024-02-26 13:18:39,2024-03-04 09:30:00,2024-02-26 13:19:37,2024-02-26 13:22:38
2024-02-26 14:04:17,2024-03-04 09:30:00,2024-02-26 14:05:12,2024-02-26 14:04:48
2024-02-26 14:41:36,2024-03-04 09:30:00,2024-02-26 14:41:56,2024-02-26 14:42:23
2024-02-26 14:42:32,2024-03-04 09:30:00,2024-02-26 14:44:11,2024-02-26 14:45:57
2024-02-26 14:52:42,2024-03-04 09:30:00,2024-02-26 14:54:47,2024-02-26 14:53:30
2024-02-26 14:53:30,2024-03-04 09:30:00,,
2024-02-26 15:30:11,2024-03-04 09:30:00,2024-02-26 15:34:11,2024-02-26 15:32:01
2024-02-26 15:32:01,2024-03-04 09:30:00,,
2024-02-26 15:56:58,2024-03-04 09:30:00,2024-02-26 15:57:24,2024-02-26 15:58:38
2024-02-27 11:30:27,2024-03-04 09:30:00,2024-02-27 11:31:14,2024-02-27 11:30:40
2024-02-27 11:30:40,2024-03-04 09:30:00,,
2024-02-27 12:03:52,2024-03-04 09:30:00,,
2024-02-27 15:22:21,2024-03-04 09:30:00,2024-02-27 15:26:14,2024-02-27 15:23:59
2024-02-27 15:23:59,2024-03-04 09:30:00,,
2024-02-27 15:50:02,2024-03-04 09:30:00,,
2024-02-27 15:53:54,2024-03-04 09:30:00,2024-02-27 15:54:10,2024-02-27 15:54:30
2024-02-27 15:59:17,2024-03-04 09:30:00,,
2024-02-27 15:59:45,2024-03-04 09:30:00,,
2024-02-28 10:56:39,2024-03-04 10:57:55,2024-02-28 10:58:49,2024-02-28 11:00:03
2024-02-28 11:51:03,2024-03-04 11:51:53,2024-02-28 11:51:06,2024-02-28 11:52:55
2024-02-28 11:51:06,2024-03-04 11:51:53,,
2024-02-28 13:09:15,2024-03-04 13:09:23,,
2024-02-28 13:25:54,2024-03-04 13:26:02,2024-02-28 13:26:10,2024-02-28 13:26:12
2024-02-28 13:26:10,2024-03-04 13:26:34,,
2024-02-28 13:30:02,2024-03-04 13:30:53,,
2024-02-28 14:22:10,2024-03-04 14:22:52,2024-02-28 14:23:03,2024-02-28 14:24:14
2024-02-28 14:23:03,2024-03-04 14:24:07,,
2024-02-28 14:48:02,2024-03-04 14:48:39,2024-02-28 14:48:13,2024-02-28 14:49:41
2024-02-28 14:48:13,2024-03-04 14:48:39,,
2024-02-28 14:53:31,2024-03-04 14:54:38,,
2024-02-28 15:00:43,2024-03-04 15:00:50,2024-02-28 15:01:54,2024-02-28 15:06:51
2024-02-28 15:01:54,2024-03-04 15:02:05,,
2024-02-28 15:29:37,2024-03-04 15:29:57,2024-02-28 15:31:02,2024-02-28 15:30:32
2024-02-28 15:30:32,2024-03-04 15:32:13,,
2024-02-28 15:34:30,2024-03-04 15:34:43,2024-02-28 15:35:52,2024-02-28 15:39:39
2024-02-29 11:13:51,2024-03-05 11:15:00,2024-02-29 11:18:43,2024-02-29 11:17:49
2024-02-29 11:24:22,2024-03-05 11:26:03,2024-02-29 11:26:13,2024-02-29 11:27:46
2024-02-29 11:26:13,2024-03-05 11:26:44,,
2024-02-29 15:10:33,2024-03-05 15:10:56,2024-02-29 15:13:10,2024-02-29 15:11:33
2024-02-29 15:11:33,2024-03-05 15:11:39,,
2024-02-29 15:52:27,2024-03-05 15:52:48,2024-02-29 15:53:18,2024-02-29 15:53:53
2024-02-29 15:56:03,2024-03-05 15:56:06,2024-02-29 15:58:00,2024-02-29 15:56:32
2024-02-29 15:56:32,2024-03-05 15:56:39,,
2024-02-29 15:57:58,2024-03-05 15:58:04,2024-02-29 15:58:00,2024-02-29 15:58:32
2024-03-01 09:30:32,2024-03-06 09:31:12,,
2024-03-01 11:48:06,2024-03-06 11:48:29,,
2024-03-01 13:22:58,2024-03-06 13:23:01,,
2024-03-01 14:42:04,2024-03-06 14:42:23,2024-03-01 14:42:58,2024-03-01 14:45:20
2024-03-01 15:52:49,2024-03-06 15:52:52,2024-03-01 15:53:10,2024-03-01 15:53:52
2024-03-01 15:53:10,2024-03-06 15:53:49,,
2024-03-01 15:59:02,2024-03-06 15:59:04,2024-03-01 15:59:37,2024-03-01 15:59:13
2024-03-04 11:49:20,2024-03-11 09:30:00,2024-03-04 11:49:21,2024-03-04 11:51:53
2024-03-04 12:06:40,2024-03-11 09:30:00,2024-03-04 12:09:48,2024-03-04 12:09:51
2024-03-04 12:21:16,2024-03-11 09:30:00,2024-03-04 12:26:07,2024-03-04 12:27:22
2024-03-04 13:03:31,2024-03-11 09:30:00,2024-03-04 13:03:51,2024-03-04 13:04:48
2024-03-04 13:03:51,2024-03-11 09:30:00,,
2024-03-04 13:05:54,2024-03-11 09:30:00,2024-03-04 13:08:01,2024-03-04 13:10:25
2024-03-04 13:08:01,2024-03-11 09:30:00,,
2024-03-04 13:09:23,2024-03-11 09:30:00,2024-03-04 13:09:45,2024-03-04 13:10:25
2024-03-04 13:09:45,2024-03-11 09:30:00,,
2024-03-04 13:12:36,2024-03-11 09:30:00,,
2024-03-04 13:36:46,2024-03-11 09:30:00,2024-03-04 13:40:48,2024-03-04 13:44:55
2024-03-04 13:40:48,2024-03-11 09:30:00,,
2024-03-04 13:43:02,2024-03-11 09:30:00,2024-03-04 13:44:46,2024-03-04 13:44:55
2024-03-04 13:44:46,2024-03-11 09:30:00,,
2024-03-04 14:04:05,2024-03-11 09:30:00,2024-03-04 14:05:59,2024-03-04 14:04:35
2024-03-04 14:07:26,2024-03-11 09:30:00,2024-03-04 14:09:16,2024-03-04 14:15:13
2024-03-04 14:09:16,2024-03-11 09:30:00,,
2024-03-04 14:15:50,2024-03-11 09:30:00,2024-03-04 14:16:26,2024-03-04 14:16:10
2024-03-04 14:17:32,2024-03-11 09:30:00,,
2024-03-04 14:17:42,2024-03-11 09:30:00,2024-03-04 14:17:59,2024-03-04 14:18:29
2024-03-04 14:17:59,2024-03-11 09:30:00,,
2024-03-04 14:22:08,2024-03-11 09:30:00,,
2024-03-04 14:34:48,2024-03-11 09:30:00,,
2024-03-04 14:51:07,2024-03-11 09:30:00,2024-03-04 14:54:38,2024-03-04 14:51:30
2024-03-04 14:51:30,2024-03-11 09:30:00,,
2024-03-04 15:01:39,2024-03-11 09:30:00,2024-03-04 15:02:05,2024-03-04 15:01:52
2024-03-04 15:01:52,2024-03-11 09:30:00,,
2024-03-04 15:02:52,2024-03-11 09:30:00,2024-03-04 15:04:03,2024-03-04 15:04:25
2024-03-04 15:04:25,2024-03-11 09:30:00,,
2024-03-04 15:05:23,2024-03-11 09:30:00,2024-03-04 15:06:13,2024-03-04 15:06:01
2024-03-04 15:07:05,2024-03-11 09:30:00,2024-03-04 15:07:56,2024-03-04 15:09:04
2024-03-04 15:07:56,2024-03-11 09:30:00,,
2024-03-04 15:23:28,2024-03-11 09:30:00,,
2024-03-04 15:36:23,2024-03-11 09:30:00,,
2024-03-04 15:46:48,2024-03-11 09:30:00,,
2024-03-04 15:48:36,2024-03-11 09:30:00,2024-03-04 15:49:44,2024-03-04 15:48:37
2024-03-04 15:53:06,2024-03-11 09:30:00,2024-03-04 15:53:16,2024-03-04 15:53:09
2024-03-04 15:53:16,2024-03-11 09:30:00,,
2024-03-05 10:24:11,2024-03-11 09:30:00,2024-03-05 10:24:42,2024-03-05 10:26:00
2024-03-05 10:48:42,2024-03-11 09:30:00,2024-03-05 10:49:50,2024-03-05 10:50:47
2024-03-05 13:37:49,2024-03-11 09:30:00,2024-03-05 13:38:17,2024-03-05 13:37:51
2024-03-05 13:37:51,2024-03-11 09:30:00,,
2024-03-05 14:29:28,2024-03-11 09:30:00,2024-03-05 14:31:51,2024-03-05 14:30:12
2024-03-05 15:04:24,2024-03-11 09:30:00,,
2024-03-05 15:07:43,2024-03-11 09:30:00,,
2024-03-05 15:08:09,2024-03-11 09:30:00,2024-03-05 15:08:59,2024-03-05 15:08:32
2024-03-05 15:08:32,2024-03-11 09:30:00,,
2024-03-05 15:09:25,2024-03-11 09:30:00,,
2024-03-05 15:10:56,2024-03-11 09:30:00,,
2024-03-05 15:12:45,2024-03-11 09:30:00,,
2024-03-05 15:20:05,2024-03-11 09:30:00,2024-03-05 15:21:20,2024-03-05 15:20:25
2024-03-05 15:20:25,2024-03-11 09:30:00,,
2024-03-05 15:31:55,2024-03-11 09:30:00,2024-03-05 15:32:20,2024-03-05 15:32:21
2024-03-05 15:39:23,2024-03-11 09:30:00,,
2024-03-05 15:43:03,2024-03-11 09:30:00,2024-03-05 15:43:24,2024-03-05 15:43:30
2024-03-05 15:47:01,2024-03-11 09:30:00,2024-03-05 15:48:19,2024-03-05 15:47:23
2024-03-05 15:47:23,2024-03-11 09:30:00,,
2024-03-05 15:51:04,2024-03-11 09:30:00,,
2024-03-05 15:57:28,2024-03-11 09:30:00,2024-03-05 15:57:33,2024-03-05 15:57:40
2024-03-06 14:53:37,2024-03-11 14:57:34,,
2024-03-06 15:45:55,2024-03-11 15:46:22,2024-03-06 15:49:53,2024-03-06 15:47:30
2024-03-06 15:47:30,2024-03-11 15:47:52,,
2024-03-07 09:30:00,2024-03-12 09:30:00,2024-03-07 09:31:08,2024-03-07 09:30:02
2024-03-07 09:30:02,2024-03-12 09:31:42,,
2024-03-07 10:21:07,2024-03-12 10:22:35,2024-03-07 10:21:28,2024-03-07 10:21:46
2024-03-07 10:21:28,2024-03-12 10:22:35,,
2024-03-07 13:06:48,2024-03-12 13:07:14,2024-03-07 13:11:33,2024-03-07 13:13:21
2024-03-07 13:11:33,2024-03-12 13:12:23,,
2024-03-07 13:12:54,2024-03-12 13:13:00,2024-03-07 13:20:06,2024-03-07 13:13:21
2024-03-07 13:37:31,2024-03-12 13:38:15,2024-03-07 13:41:55,2024-03-07 13:40:28
2024-03-07 13:55:06,2024-03-12 13:55:52,,
2024-03-07 15:37:57,2024-03-12 15:39:10,2024-03-07 15:38:14,2024-03-07 15:40:09
2024-03-08 15:32:30,2024-03-13 15:32:30,,
2024-03-11 09:48:27,2024-03-18 09:30:00,2024-03-11 09:49:08,2024-03-11 09:48:39
2024-03-11 10:45:33,2024-03-18 09:30:00,,
2024-03-11 12:05:55,2024-03-18 09:30:00,2024-03-11 12:07:42,2024-03-11 12:06:55
2024-03-11 12:06:55,2024-03-18 09:30:00,,
2024-03-11 12:12:47,2024-03-18 09:30:00,,
2024-03-11 12:51:16,2024-03-18 09:30:00,2024-03-11 12:51:19,2024-03-11 12:53:07
2024-03-11 13:56:34,2024-03-18 09:30:00,2024-03-11 14:06:07,2024-03-11 14:03:13
2024-03-11 14:03:13,2024-03-18 09:30:00,,
2024-03-11 14:14:31,2024-03-18 09:30:00,2024-03-11 14:14:39,2024-03-11 14:14:35
2024-03-11 15:06:27,2024-03-18 09:30:00,,
2024-03-11 15:19:38,2024-03-18 09:30:00,,
2024-03-11 15:46:33,2024-03-18 09:30:00,2024-03-11 15:47:52,2024-03-11 15:50:47
2024-03-11 15:56:25,2024-03-18 09:30:00,2024-03-11 15:56:46,2024-03-11 15:58:17
2024-03-11 15:56:46,2024-03-18 09:30:00,,
2024-03-11 15:58:10,2024-03-18 09:30:00,2024-03-11 15:59:00,2024-03-11 15:58:17
2024-03-12 10:32:57,2024-03-18 09:30:00,,
2024-03-12 10:42:29,2024-03-18 09:30:00,,
2024-03-12 12:36:11,2024-03-18 09:30:00,,
2024-03-12 12:56:28,2024-03-18 09:30:00,2024-03-12 12:57:30,2024-03-12 12:56:29
2024-03-12 14:12:16,2024-03-18 09:30:00,2024-03-12 14:15:36,2024-03-12 14:13:20
2024-03-12 14:13:20,2024-03-18 09:30:00,,
2024-03-12 14:30:48,2024-03-18 09:30:00,2024-03-12 14:32:03,2024-03-12 14:32:18
2024-03-12 14:44:48,2024-03-18 09:30:00,2024-03-12 14:45:11,2024-03-12 14:45:36
2024-03-12 15:13:29,2024-03-18 09:30:00,,
2024-03-12 15:23:09,2024-03-18 09:30:00,2024-03-12 15:27:14,2024-03-12 15:23:12
2024-03-12 15:23:12,2024-03-18 09:30:00,,
2024-03-13 10:02:35,2024-03-18 10:03:23,2024-03-13 10:02:37,2024-03-13 10:03:58
2024-03-13 10:07:18,2024-03-18 10:11:46,2024-03-13 10:08:42,2024-03-13 10:07:24
2024-03-13 10:07:24,2024-03-18 10:11:46,,
2024-03-13 10:22:37,2024-03-18 10:22:37,2024-03-13 10:22:59,2024-03-13 10:23:53
2024-03-13 10:22:59,2024-03-18 10:24:03,,
2024-03-13 11:33:59,2024-03-18 11:34:32,,
2024-03-13 12:09:35,2024-03-18 12:13:38,2024-03-13 12:14:56,2024-03-13 12:10:16
2024-03-13 13:08:24,2024-03-18 13:11:18,2024-03-13 13:09:09,2024-03-13 13:11:13
2024-03-13 13:09:09,2024-03-18 13:11:18,,
2024-03-13 13:10:52,2024-03-18 13:11:18,2024-03-13 13:13:04,2024-03-13 13:11:13
2024-03-13 13:43:47,2024-03-18 13:48:48,2024-03-13 13:53:06,2024-03-13 13:46:06
2024-03-13 14:20:00,2024-03-18 14:20:33,2024-03-13 14:30:38,2024-03-13 14:21:37
2024-03-13 15:30:17,2024-03-18 15:31:53,2024-03-13 15:30:20,2024-03-13 15:32:30
2024-03-13 15:30:20,2024-03-18 15:31:53,,
2024-03-13 15:50:12,2024-03-18 15:50:24,,
2024-03-13 15:57:49,2024-03-18 15:58:52,2024-03-13 15:57:50,2024-03-13 15:58:00
2024-03-14 09:31:47,2024-03-19 09:33:35,2024-03-14 09:31:56,2024-03-14 09:33:06
2024-03-14 09:36:10,2024-03-19 09:36:42,,
2024-03-14 09:40:42,2024-03-19 09:42:40,2024-03-14 09:41:58,2024-03-14 09:41:18
2024-03-14 09:42:09,2024-03-19 09:42:40,2024-03-14 09:42:43,2024-03-14 09:42:44
2024-03-14 09:42:43,2024-03-19 09:45:17,,
2024-03-14 10:37:48,2024-03-19 10:40:24,2024-03-14 10:40:18,2024-03-14 10:39:08
2024-03-14 10:39:08,2024-03-19 10:40:24,,
2024-03-14 10:48:29,2024-03-19 10:50:57,2024-03-14 10:52:37,2024-03-14 10:50:47
2024-03-14 10:50:47,2024-03-19 10:50:57,,
2024-03-14 11:14:17,2024-03-19 11:17:29,2024-03-14 11:18:07,2024-03-14 11:19:31
2024-03-14 11:31:21,2024-03-19 11:31:30,,
2024-03-14 12:05:44,2024-03-19 12:06:15,2024-03-14 12:06:19,2024-03-14 12:09:40
2024-03-14 12:24:38,2024-03-19 12:25:05,2024-03-14 12:29:50,2024-03-14 12:27:29
2024-03-14 12:27:29,2024-03-19 12:27:46,,
2024-03-14 13:14:53,2024-03-19 13:15:56,2024-03-14 13:16:58,2024-03-14 13:16:14
2024-03-14 13:16:14,2024-03-19 13:17:38,,
2024-03-14 14:09:58,2024-03-19 14:10:00,2024-03-14 14:13:53,2024-03-14 14:10:22
2024-03-14 14:16:23,2024-03-19 14:17:52,2024-03-14 14:16:42,2024-03-14 14:16:43
2024-03-14 14:21:50,2024-03-19 14:23:46,,
2024-03-14 14:43:20,2024-03-19 14:43:25,2024-03-14 14:44:24,2024-03-14 14:43:54
2024-03-14 14:43:54,2024-03-19 14:46:03,,
2024-03-14 14:46:03,2024-03-19 14:46:03,2024-03-14 14:48:49,2024-03-14 14:46:55
2024-03-14 15:23:22,2024-03-19 15:24:10,,
2024-03-14 15:45:57,2024-03-19 15:47:09,2024-03-14 15:46:18,2024-03-14 15:46:14
2024-03-14 15:46:14,2024-03-19 15:47:09,,
2024-03-14 15:50:42,2024-03-19 15:50:43,2024-03-14 15:50:49,2024-03-14 15:50:56
2024-03-14 15:58:41,2024-03-19 15:58:48,2024-03-14 15:59:00,2024-03-14 15:58:50
2024-03-14 15:58:50,2024-03-19 15:58:53,,
2024-03-15 09:37:27,2024-03-20 09:37:39,2024-03-15 09:37:57,2024-03-15 09:41:18
2024-03-15 09:37:57,2024-03-20 09:40:03,,
2024-03-15 09:38:07,2024-03-20 09:40:03,2024-03-15 09:38:42,2024-03-15 09:41:18
2024-03-15 09:38:42,2024-03-20 09:40:03,,
2024-03-15 09:55:48,2024-03-20 10:01:16,,
2024-03-15 10:25:05,2024-03-20 10:27:38,2024-03-15 10:26:03,2024-03-15 10:25:22
2024-03-15 10:25:22,2024-03-20 10:27:38,,
2024-03-15 10:28:56,2024-03-20 10:29:54,2024-03-15 10:30:01,2024-03-15 10:29:14
2024-03-15 10:29:14,2024-03-20 10:29:54,,
2024-03-15 12:05:27,2024-03-20 12:05:56,,
2024-03-15 12:50:24,2024-03-20 12:52:05,2024-03-15 12:53:26,2024-03-15 12:52:41
2024-03-18 09:50:00,2024-03-25 09:30:00,2024-03-18 09:52:54,2024-03-18 09:59:39
2024-03-18 09:52:54,2024-03-25 09:30:00,,
2024-03-18 12:18:49,2024-03-25 09:30:00,,
2024-03-18 15:35:39,2024-03-25 09:30:00,,
2024-03-19 09:30:00,2024-03-25 09:30:00,,
2024-03-19 15:51:53,2024-03-25 09:30:00,2024-03-19 15:52:00,2024-03-19 15:55:32
2024-03-19 15:52:00,2024-03-25 09:30:00,,
2024-03-19 15:59:40,2024-03-25 09:30:00,2024-03-19 15:59:48,2024-03-19 15:59:46
2024-03-19 15:59:46,2024-03-25 09:30:00,,
2024-03-19 15:59:59,2024-03-25 09:30:00,,
2024-03-20 10:39:56,2024-03-25 10:42:48,2024-03-20 10:40:11,2024-03-20 10:39:57
2024-03-20 10:39:57,2024-03-25 10:42:48,,
2024-03-20 12:39:52,2024-03-25 12:40:06,,
2024-03-20 14:02:25,2024-03-25 14:04:01,,
2024-03-21 09:38:03,2024-03-26 09:40:37,2024-03-21 09:38:22,2024-03-21 09:38:39
2024-03-21 09:38:22,2024-03-26 09:40:37,,
2024-03-21 09:38:53,2024-03-26 09:40:37,,
2024-03-21 09:54:27,2024-03-26 09:56:24,,
2024-03-21 10:06:55,2024-03-26 10:10:42,,
2024-03-21 10:10:00,2024-03-26 10:10:42,,
2024-03-21 10:42:27,2024-03-26 10:43:16,2024-03-21 10:47:15,2024-03-21 10:43:11
2024-03-21 10:43:11,2024-03-26 10:43:16,,
2024-03-21 11:39:44,2024-03-26 11:41:31,2024-03-21 11:41:27,2024-03-21 11:41:39
2024-03-21 11:41:27,2024-03-26 11:41:31,,
2024-03-21 12:10:29,2024-03-26 12:15:10,2024-03-21 12:12:29,2024-03-21 12:12:15
2024-03-21 13:00:55,2024-03-26 13:02:04,,
2024-03-21 14:21:21,2024-03-26 14:21:37,,
2024-03-21 15:08:26,2024-03-26 15:08:38,2024-03-21 15:08:36,2024-03-21 15:10:10
2024-03-21 15:27:22,2024-03-26 15:28:21,,
2024-03-21 15:55:26,2024-03-26 15:55:58,,
2024-03-21 15:57:00,2024-03-26 15:57:02,2024-03-21 15:58:07,2024-03-21 15:57:56
2024-03-22 11:28:58,2024-03-27 11:29:02,2024-03-22 11:30:43,2024-03-22 11:29:17
2024-03-22 13:53:11,2024-03-27 13:55:27,2024-03-22 13:59:10,2024-03-22 13:53:13
2024-03-22 13:53:13,2024-03-27 13:55:27,,
2024-03-22 14:11:10,2024-03-27 14:11:38,2024-03-22 14:16:23,2024-03-22 14:13:54
2024-03-22 14:13:54,2024-03-27 14:15:06,,2024-03-27 09:30:00
2024-03-25 10:23:28,2024-04-01 09:30:00,2024-03-25 10:29:07,2024-03-25 10:24:06
2024-03-25 10:36:00,2024-04-01 09:30:00,,
2024-03-25 11:00:33,2024-04-01 09:30:00,2024-03-25 11:05:07,2024-03-25 11:03:06
2024-03-25 12:56:07,2024-04-01 09:30:00,2024-03-25 13:00:50,2024-03-25 12:57:26
2024-03-25 14:17:53,2024-04-01 09:30:00,2024-03-25 14:20:49,2024-03-25 14:22:17
2024-03-25 14:37:09,2024-04-01 09:30:00,,
2024-03-25 14:57:48,2024-04-01 09:30:00,,
2024-03-25 15:14:34,2024-04-01 09:30:00,2024-03-25 15:14:35,2024-03-25 15:15:02
2024-03-25 15:59:45,2024-04-01 09:30:00,2024-03-25 15:59:50,2024-03-25 15:59:51
2024-03-26 10:35:48,2024-04-01 09:30:00,,
2024-03-26 10:45:12,2024-04-01 09:30:00,2024-03-26 10:45:44,2024-03-26 10:51:31
2024-03-26 11:00:03,2024-04-01 09:30:00,,
2024-03-26 11:22:24,2024-04-01 09:30:00,2024-03-26 11:29:28,2024-03-26 11:23:15
2024-03-26 11:48:37,2024-04-01 09:30:00,2024-03-26 11:52:36,2024-03-26 12:03:49
2024-03-26 11:52:36,2024-04-01 09:30:00,,
2024-03-26 12:27:34,2024-04-01 09:30:00,2024-03-26 12:30:51,2024-03-26 12:31:51
2024-03-26 12:30:51,2024-04-01 09:30:00,,
2024-03-26 12:48:18,2024-04-01 09:30:00,2024-03-26 12:48:45,2024-03-26 12:52:57
2024-03-26 12:48:45,2024-04-01 09:30:00,,
2024-03-26 12:59:22,2024-04-01 09:30:00,2024-03-26 13:02:04,2024-03-26 13:00:49
2024-03-26 14:54:54,2024-04-01 09:30:00,,
2024-03-26 15:04:45,2024-04-01 09:30:00,,
2024-03-27 10:20:14,2024-04-01 10:20:21,,
2024-03-27 10:42:57,2024-04-01 10:43:14,,
2024-03-27 10:49:44,2024-04-01 10:49:53,2024-03-27 10:51:47,2024-03-27 10:53:13
2024-03-27 10:51:47,2024-04-01 10:51:49,,
2024-03-27 11:33:27,2024-04-01 11:34:20,2024-03-27 11:33:57,2024-03-27 11:39:13
2024-03-27 11:33:57,2024-04-01 11:34:20,,
2024-03-27 11:56:17,2024-04-01 11:56:19,2024-03-27 12:05:09,2024-03-27 12:00:21
2024-03-27 12:54:36,2024-04-01 12:54:45,2024-03-27 12:57:24,2024-03-27 12:58:53
2024-03-27 12:57:24,2024-04-01 13:00:04,,
2024-03-27 14:07:00,2024-04-01 14:07:19,2024-03-27 14:07:51,2024-03-27 14:15:06
2024-03-27 14:07:51,2024-04-01 14:08:32,,
2024-03-27 14:51:37,2024-04-01 14:51:52,,
2024-03-27 15:05:57,2024-04-01 15:06:06,2024-03-27 15:06:44,2024-03-27 15:07:30
2024-03-27 15:25:02,2024-04-01 15:25:03,2024-03-27 15:26:05,2024-03-27 15:25:05
2024-03-27 15:25:05,2024-04-01 15:25:33,,
2024-03-27 15:43:38,2024-04-01 15:43:39,2024-03-27 15:46:20,2024-03-27 15:45:22
2024-03-27 15:45:22,2024-04-01 15:45:39,,
2024-03-27 15:59:54,2024-04-01 15:59:55,2024-03-28 09:30:00,2024-03-27 15:59:56
2024-03-27 15:59:56,2024-04-01 15:59:57,,
2024-03-28 09:33:55,2024-04-02 09:33:57,2024-03-28 09:37:46,2024-03-28 09:37:02
2024-03-28 09:37:02,2024-04-02 09:37:05,,
2024-03-28 11:40:34,2024-04-02 11:42:56,2024-03-28 11:41:55,2024-03-28 11:41:40
2024-03-28 12:05:45,2024-04-02 12:06:29,2024-03-28 12:06:06,2024-03-28 12:07:00
2024-03-28 12:06:06,2024-04-02 12:06:29,,
2024-03-28 12:09:26,2024-04-02 12:11:00,2024-03-28 12:09:50,2024-03-28 12:09:34
2024-03-28 12:10:20,2024-04-02 12:11:00,2024-03-28 12:13:50,2024-03-28 12:10:24
2024-03-28 14:04:19,2024-04-02 14:05:01,2024-03-28 14:04:48,2024-03-28 14:07:07
2024-03-28 14:04:48,2024-04-02 14:05:01,,
2024-03-28 14:44:48,2024-04-02 14:46:07,,
2024-03-28 14:47:58,2024-04-02 14:50:13,2024-03-28 14:49:09,2024-03-28 14:47:59
2024-03-28 15:11:55,2024-04-02 15:12:31,2024-03-28 15:13:32,2024-03-28 15:14:06
2024-03-28 15:18:54,2024-04-02 15:18:57,2024-03-28 15:20:01,2024-03-28 15:22:26
2024-03-28 15:39:16,2024-04-02 15:40:05,2024-03-28 15:40:17,2024-03-28 15:40:13
2024-03-28 15:41:00,2024-04-02 15:41:10,2024-03-28 15:41:38,2024-03-28 15:43:14
2024-03-28 15:41:38,2024-04-02 15:41:48,,
2024-03-28 15:42:52,2024-04-02 15:43:06,2024-03-28 15:45:17,2024-03-28 15:43:14
2024-03-28 15:55:04,2024-04-02 15:55:12,,
2024-03-28 15:56:26,2024-04-02 15:56:37,2024-03-28 15:57:08,2024-03-28 15:56:35
2024-03-28 15:59:09,2024-04-02 15:59:12,,
2024-04-01 10:14:44,2024-04-08 09:30:00,2024-04-01 10:18:40,2024-04-01 10:15:51
2024-04-01 10:31:32,2024-04-08 09:30:00,2024-04-01 10:31:46,2024-04-01 10:32:12
2024-04-01 10:31:46,2024-04-08 09:30:00,,
2024-04-01 10:48:06,2024-04-08 09:30:00,,
2024-04-01 11:13:15,2024-04-08 09:30:00,2024-04-01 11:13:39,2024-04-01 11:14:16
2024-04-01 11:39:04,2024-04-08 09:30:00,2024-04-01 11:40:53,2024-04-01 11:39:39
2024-04-01 11:39:39,2024-04-08 09:30:00,,
2024-04-01 13:08:29,2024-04-08 09:30:00,,
2024-04-01 13:14:00,2024-04-08 09:30:00,2024-04-01 13:14:39,2024-04-01 13:14:56
2024-04-01 13:14:39,2024-04-08 09:30:00,,
2024-04-01 13:25:53,2024-04-08 09:30:00,2024-04-01 13:26:06,2024-04-01 13:27:09
2024-04-01 13:26:06,2024-04-08 09:30:00,,
2024-04-01 13:30:00,2024-04-08 09:30:00,2024-04-01 13:35:06,2024-04-01 13:31:04
2024-04-01 13:43:58,2024-04-08 09:30:00,2024-04-01 13:45:41,2024-04-01 13:44:27
2024-04-01 13:44:27,2024-04-08 09:30:00,,
2024-04-01 14:03:24,2024-04-08 09:30:00,2024-04-01 14:04:24,2024-04-01 14:05:23
2024-04-01 14:14:15,2024-04-08 09:30:00,,
2024-04-01 14:15:00,2024-04-08 09:30:00,2024-04-01 14:17:13,2024-04-01 14:15:01
2024-04-01 14:52:02,2024-04-08 09:30:00,2024-04-01 14:53:05,2024-04-01 14:52:23
2024-04-01 14:52:23,2024-04-08 09:30:00,,
2024-04-01 15:04:28,2024-04-08 09:30:00,2024-04-01 15:04:31,2024-04-01 15:06:06
2024-04-01 15:04:31,2024-04-08 09:30:00,,
2024-04-01 15:05:25,2024-04-08 09:30:00,2024-04-01 15:05:52,2024-04-01 15:06:06
2024-04-01 15:05:52,2024-04-08 09:30:00,,
2024-04-01 15:11:17,2024-04-08 09:30:00,2024-04-01 15:15:40,2024-04-01 15:12:29
2024-04-01 15:15:40,2024-04-08 09:30:00,2024-04-03 10:04:44,2024-04-02 09:30:19
2024-04-01 15:48:20,2024-04-08 09:30:00,2024-04-01 15:48:30,2024-04-01 15:48:26
2024-04-01 15:58:38,2024-04-08 09:30:00,,
2024-04-01 15:59:27,2024-04-08 09:30:00,2024-04-01 15:59:48,2024-04-01 15:59:32
2024-04-02 09:53:53,2024-04-08 09:30:00,2024-04-02 09:54:03,2024-04-02 09:56:49
2024-04-02 09:54:03,2024-04-08 09:30:00,,
2024-04-02 10:02:06,2024-04-08 09:30:00,2024-04-02 10:04:15,2024-04-02 10:02:31
2024-04-02 10:02:31,2024-04-08 09:30:00,,
2024-04-02 10:05:35,2024-04-08 09:30:00,2024-04-02 10:06:12,2024-04-02 10:08:30
2024-04-02 10:08:30,2024-04-08 09:30:00,,
2024-04-02 10:18:21,2024-04-08 09:30:00,2024-04-02 10:18:28,2024-04-02 10:19:12
2024-04-02 10:21:51,2024-04-08 09:30:00,2024-04-02 10:23:02,2024-04-02 10:22:12
2024-04-02 10:22:12,2024-04-08 09:30:00,,
2024-04-02 10:24:02,2024-04-08 09:30:00,,
2024-04-02 10:30:26,2024-04-08 09:30:00,2024-04-02 10:30:55,2024-04-02 10:31:32
2024-04-02 10:38:36,2024-04-08 09:30:00,2024-04-02 10:40:48,2024-04-02 10:39:28
2024-04-02 10:39:28,2024-04-08 09:30:00,,
2024-04-02 11:12:24,2024-04-08 09:30:00,,
2024-04-02 11:30:04,2024-04-08 09:30:00,,
2024-04-02 11:44:04,2024-04-08 09:30:00,2024-04-02 11:53:37,2024-04-02 11:44:17
2024-04-02 11:53:37,2024-04-08 09:30:00,,
2024-04-02 13:37:41,2024-04-08 09:30:00,2024-04-02 13:41:54,2024-04-02 13:44:41
2024-04-02 14:33:01,2024-04-08 09:30:00,2024-04-02 14:33:27,2024-04-02 14:34:16
2024-04-02 15:04:25,2024-04-08 09:30:00,2024-04-02 15:05:53,2024-04-02 15:05:08
2024-04-02 15:05:08,2024-04-08 09:30:00,,
2024-04-02 15:08:42,2024-04-08 09:30:00,,
2024-04-02 15:19:43,2024-04-08 09:30:00,2024-04-02 15:20:01,2024-04-02 15:20:23
2024-04-02 15:28:09,2024-04-08 09:30:00,2024-04-02 15:28:54,2024-04-02 15:28:30
2024-04-02 15:28:30,2024-04-08 09:30:00,,
2024-04-02 15:31:51,2024-04-08 09:30:00,,
2024-04-02 15:32:19,2024-04-08 09:30:00,,
2024-04-02 15:36:36,2024-04-08 09:30:00,2024-04-02 15:37:34,2024-04-02 15:36:54
2024-04-02 15:36:54,2024-04-08 09:30:00,,
2024-04-02 15:44:50,2024-04-08 09:30:00,2024-04-02 15:46:11,2024-04-02 15:45:31
2024-04-02 15:45:31,2024-04-08 09:30:00,,
2024-04-02 15:48:19,2024-04-08 09:30:00,2024-04-02 15:48:28,2024-04-02 15:48:55
2024-04-02 15:49:51,2024-04-08 09:30:00,2024-04-02 15:50:00,2024-04-02 15:50:07
2024-04-02 15:50:00,2024-04-08 09:30:00,,
2024-04-02 15:50:40,2024-04-08 09:30:00,2024-04-02 15:50:54,2024-04-02 15:51:04
2024-04-02 15:50:54,2024-04-08 09:30:00,,
2024-04-02 15:51:59,2024-04-08 09:30:00,2024-04-02 15:52:19,2024-04-02 15:52:29
2024-04-02 15:52:19,2024-04-08 09:30:00,,
2024-04-03 09:32:31,2024-04-08 09:32:38,,
2024-04-03 09:41:22,2024-04-08 09:41:44,,
2024-04-03 11:53:00,2024-04-08 11:54:07,2024-04-03 11:55:53,2024-04-03 11:53:34
2024-04-03 12:29:55,2024-04-08 12:30:31,2024-04-03 12:37:33,2024-04-03 12:29:58
2024-04-03 12:29:58,2024-04-08 12:30:31,,
2024-04-03 14:26:32,2024-04-08 14:27:25,,
2024-04-03 15:59:16,2024-04-08 15:59:19,,
2024-04-04 11:55:39,2024-04-09 11:59:38,2024-04-04 11:57:52,2024-04-04 11:57:44
2024-04-04 13:22:58,2024-04-09 13:25:59,,
2024-04-04 13:25:59,2024-04-09 13:25:59,2024-04-04 13:30:05,2024-04-04 13:27:21
2024-04-04 13:30:05,2024-04-09 13:32:04,,
2024-04-04 13:36:30,2024-04-09 13:38:58,2024-04-04 13:37:10,2024-04-04 13:38:00
2024-04-04 13:37:10,2024-04-09 13:38:58,,
2024-04-04 13:37:47,2024-04-09 13:38:58,2024-04-04 13:38:51,2024-04-04 13:38:00
2024-04-04 13:51:33,2024-04-09 13:52:22,2024-04-04 13:58:21,2024-04-04 13:52:11
2024-04-04 14:12:19,2024-04-09 14:12:23,2024-04-04 14:14:49,2024-04-04 14:13:41
2024-04-04 15:07:00,2024-04-09 15:07:19,2024-04-04 15:07:44,2024-04-04 15:07:14
2024-04-04 15:07:14,2024-04-09 15:07:19,,
2024-04-04 15:46:43,2024-04-09 15:47:00,2024-04-04 15:47:43,2024-04-04 15:48:14
2024-04-05 11:55:11,2024-04-10 11:55:17,2024-04-05 12:05:09,2024-04-05 11:55:32
2024-04-05 11:55:32,2024-04-10 11:59:28,,
2024-04-05 12:40:57,2024-04-10 12:48:16,,
2024-04-05 12:59:24,2024-04-10 13:01:14,2024-04-05 13:00:40,2024-04-05 13:03:51
2024-04-05 13:00:40,2024-04-10 13:01:14,,
2024-04-05 14:33:56,2024-04-10 14:34:35,,
2024-04-05 14:36:54,2024-04-10 14:38:27,2024-04-05 14:37:09,2024-04-05 14:38:43
2024-04-05 14:37:09,2024-04-10 14:38:27,,
2024-04-05 14:38:34,2024-04-10 14:40:23,2024-04-05 14:40:22,2024-04-05 14:38:43
2024-04-05 14:45:32,2024-04-10 14:46:13,,
2024-04-05 15:14:44,2024-04-10 15:14:52,2024-04-05 15:14:50,2024-04-05 15:23:13
2024-04-05 15:14:50,2024-04-10 15:14:52,,
2024-04-05 15:19:14,2024-04-10 15:19:44,2024-04-05 15:22:10,2024-04-05 15:23:13
2024-04-05 15:22:10,2024-04-10 15:22:54,,
2024-04-05 15:31:57,2024-04-10 15:32:43,2024-04-05 15:34:47,2024-04-05 15:32:05
2024-04-05 15:32:05,2024-04-10 15:32:43,,
2024-04-05 15:32:50,2024-04-10 15:33:18,2024-04-05 15:34:47,2024-04-05 15:33:24
2024-04-05 15:33:24,2024-04-10 15:33:53,,
2024-04-08 12:11:18,2024-04-15 09:29:59,2024-04-08 12:15:02,2024-04-08 12:12:32
2024-04-08 12:48:12,2024-04-15 09:29:59,2024-04-08 12:49:42,2024-04-08 12:53:11
2024-04-08 14:55:17,2024-04-15 09:29:59,,
2024-04-08 15:21:30,2024-04-15 09:29:59,2024-04-08 15:22:40,2024-04-08 15:22:29
2024-04-08 15:59:59,2024-04-15 09:29:59,2024-04-09 09:30:45,2024-04-09 09:47:36
2024-04-09 09:30:45,2024-04-15 09:29:59,,
2024-04-09 10:14:15,2024-04-15 09:29:59,2024-04-09 10:17:32,2024-04-09 10:30:21
2024-04-09 10:17:32,2024-04-15 09:29:59,,
2024-04-09 11:47:31,2024-04-15 09:29:59,2024-04-09 11:49:32,2024-04-09 11:51:54
2024-04-09 13:11:23,2024-04-15 09:29:59,2024-04-09 13:16:41,2024-04-09 13:20:35
2024-04-09 14:33:48,2024-04-15 09:29:59,2024-04-09 14:35:15,2024-04-09 14:37:10
2024-04-09 15:51:14,2024-04-15 09:29:59,,
2024-04-09 15:57:09,2024-04-15 09:29:59,2024-04-09 15:57:29,2024-04-09 15:57:16
2024-04-09 15:57:16,2024-04-15 09:29:59,,
2024-04-10 10:53:10,2024-04-15 10:53:54,,
2024-04-10 15:44:30,2024-04-15 15:44:45,,
2024-04-10 15:47:21,2024-04-15 15:48:21,2024-04-10 15:48:09,2024-04-10 15:47:34
2024-04-10 15:47:34,2024-04-15 15:48:21,,
2024-04-11 09:30:16,2024-04-16 09:30:19,,
2024-04-11 10:24:00,2024-04-16 10:25:07,2024-04-11 10:25:52,2024-04-11 10:25:00
2024-04-11 14:59:51,2024-04-16 15:00:30,2024-04-11 15:01:14,2024-04-11 15:01:16
2024-04-11 15:23:23,2024-04-16 15:24:07,2024-04-11 15:26:55,2024-04-11 15:24:36
2024-04-12 11:06:17,2024-04-17 11:06:37,2024-04-12 11:08:01,2024-04-12 11:14:34
2024-04-12 11:33:25,2024-04-17 11:33:50,2024-04-12 11:33:43,2024-04-12 11:34:07
2024-04-12 14:24:17,2024-04-17 14:24:51,2024-04-12 14:25:26,2024-04-12 14:27:57
2024-04-12 15:45:54,2024-04-17 15:46:55,2024-04-12 15:46:00,2024-04-12 15:46:08
2024-04-12 15:59:44,2024-04-17 15:59:45,2024-04-12 15:59:55,2024-04-12 15:59:47
2024-04-12 15:59:47,2024-04-17 15:59:50,,
2024-04-15 10:33:40,2024-04-22 09:30:00,2024-04-15 10:34:59,2024-04-15 10:44:01
2024-04-15 12:31:36,2024-04-22 09:30:00,,
2024-04-15 15:26:44,2024-04-22 09:30:00,2024-04-15 15:26:54,2024-04-15 15:28:38
2024-04-15 15:51:40,2024-04-22 09:30:00,2024-04-15 15:51:55,2024-04-15 15:53:12
2024-04-15 15:59:22,2024-04-22 09:30:00,,
2024-04-16 09:30:19,2024-04-22 09:30:00,,
2024-04-16 12:49:41,2024-04-22 09:30:00,,
2024-04-16 15:37:41,2024-04-22 09:30:00,2024-04-16 15:41:32,2024-04-16 15:38:48
2024-04-16 15:38:48,2024-04-22 09:30:00,,
2024-04-16 15:51:57,2024-04-22 09:30:00,2024-04-16 15:53:52,2024-04-16 15:52:32
2024-04-17 09:34:57,2024-04-22 09:34:59,2024-04-17 09:35:03,2024-04-17 09:35:09
2024-04-17 10:24:50,2024-04-22 10:25:09,2024-04-17 10:24:57,2024-04-17 10:26:21
2024-04-17 10:24:57,2024-04-22 10:25:09,,
2024-04-17 10:36:15,2024-04-22 10:36:52,,
2024-04-17 11:16:33,2024-04-22 11:17:08,2024-04-17 11:17:39,2024-04-17 11:19:10
2024-04-17 11:17:39,2024-04-22 11:25:20,,
2024-04-17 11:21:49,2024-04-22 11:25:20,,
2024-04-17 11:58:22,2024-04-22 11:58:43,2024-04-17 12:02:12,2024-04-17 12:01:06
2024-04-17 12:04:03,2024-04-22 12:04:04,2024-04-17 12:04:16,2024-04-17 12:07:33
2024-04-17 12:08:34,2024-04-22 12:08:50,2024-04-17 12:08:43,2024-04-17 12:10:11
2024-04-17 12:36:22,2024-04-22 12:36:36,2024-04-17 12:38:23,2024-04-17 12:39:50
2024-04-17 12:38:23,2024-04-22 12:39:19,,
2024-04-17 12:56:29,2024-04-22 12:58:36,2024-04-17 12:57:51,2024-04-17 12:57:47
2024-04-17 12:57:47,2024-04-22 12:58:36,,
2024-04-17 12:59:41,2024-04-22 12:59:59,,
2024-04-17 13:04:27,2024-04-22 13:06:18,2024-04-17 13:06:18,2024-04-17 13:04:50
2024-04-17 13:04:50,2024-04-22 13:06:18,,
2024-04-17 13:24:31,2024-04-22 13:24:52,2024-04-17 13:28:40,2024-04-17 13:29:43
2024-04-17 14:41:05,2024-04-22 14:41:05,2024-04-17 14:41:23,2024-04-17 14:44:18
2024-04-17 14:41:23,2024-04-22 14:42:03,,
2024-04-17 15:17:31,2024-04-22 15:18:18,2024-04-17 15:18:10,2024-04-17 15:18:14
2024-04-17 15:18:10,2024-04-22 15:18:18,,
2024-04-17 15:19:30,2024-04-22 15:20:26,,
2024-04-17 15:33:33,2024-04-22 15:34:13,2024-04-17 15:35:19,2024-04-17 15:34:15
2024-04-17 15:34:15,2024-04-22 15:34:35,,
2024-04-17 15:34:34,2024-04-22 15:34:35,2024-04-17 15:35:19,2024-04-17 15:37:50
2024-04-18 09:33:00,2024-04-23 09:33:02,2024-04-18 09:35:24,2024-04-18 09:34:00
2024-04-18 09:34:00,2024-04-23 09:35:12,,
2024-04-18 09:59:16,2024-04-23 09:59:25,2024-04-18 10:05:01,2024-04-18 10:03:46
2024-04-18 10:03:46,2024-04-23 10:04:28,,
2024-04-18 10:08:31,2024-04-23 10:09:14,,
2024-04-18 10:36:59,2024-04-23 10:37:51,2024-04-18 10:43:08,2024-04-18 10:39:50
2024-04-18 10:39:50,2024-04-23 10:41:56,,
2024-04-18 13:21:47,2024-04-23 13:21:51,,
2024-04-18 16:00:00,2024-04-23 16:00:00,2024-04-19 09:30:00,2024-04-19 09:31:15
2024-04-19 15:32:45,2024-04-24 15:33:02,2024-04-19 15:34:00,2024-04-19 15:33:03
2024-04-19 15:39:25,2024-04-24 15:40:53,2024-04-19 15:40:20,2024-04-19 15:39:39
2024-04-22 12:35:15,2024-04-29 09:30:00,2024-04-22 12:39:19,2024-04-22 12:35:58
2024-04-22 12:35:58,2024-04-29 09:30:00,,
2024-04-22 14:32:07,2024-04-29 09:30:00,2024-04-22 14:32:53,2024-04-22 14:33:35
2024-04-22 15:59:35,2024-04-29 09:30:00,2024-04-22 15:59:36,2024-04-22 15:59:51
2024-04-22 15:59:36,2024-04-29 09:30:00,,
2024-04-23 09:53:09,2024-04-29 09:30:00,2024-04-23 09:55:06,2024-04-23 09:55:30
2024-04-23 12:29:29,2024-04-29 09:30:00,2024-04-23 12:29:43,2024-04-23 12:32:40
2024-04-23 12:29:43,2024-04-29 09:30:00,,
2024-04-23 12:30:14,2024-04-29 09:30:00,2024-04-23 12:31:53,2024-04-23 12:32:40
2024-04-23 12:31:53,2024-04-29 09:30:00,,
2024-04-23 12:41:21,2024-04-29 09:30:00,,
2024-04-23 12:51:27,2024-04-29 09:30:00,,
2024-04-23 12:58:32,2024-04-29 09:30:00,,
2024-04-23 13:03:37,2024-04-29 09:30:00,2024-04-23 13:08:22,2024-04-23 13:06:05
2024-04-23 13:38:31,2024-04-29 09:30:00,2024-04-23 13:43:26,2024-04-23 13:41:24
2024-04-23 13:43:44,2024-04-29 09:30:00,2024-04-23 13:44:18,2024-04-23 13:43:49
2024-04-23 13:54:22,2024-04-29 09:30:00,,2024-04-24 09:30:06
2024-04-23 13:57:39,2024-04-29 09:30:00,2024-04-23 13:59:17,2024-04-23 13:57:49
2024-04-23 13:59:17,2024-04-29 09:30:00,,
2024-04-23 14:15:57,2024-04-29 09:30:00,,
2024-04-23 14:35:43,2024-04-29 09:30:00,2024-04-23 14:35:56,2024-04-23 14:36:19
2024-04-23 14:35:56,2024-04-29 09:30:00,,
2024-04-23 15:28:16,2024-04-29 09:30:00,,
2024-04-23 15:55:00,2024-04-29 09:30:00,2024-04-23 15:55:15,2024-04-23 15:58:08
2024-04-23 15:59:20,2024-04-29 09:30:00,,
2024-04-24 11:03:08,2024-04-29 11:05:05,2024-04-24 11:04:44,2024-04-24 11:06:29
2024-04-24 11:32:59,2024-04-29 11:34:27,2024-04-24 11:34:55,2024-04-24 11:37:18
2024-04-24 11:34:55,2024-04-29 11:38:10,,
2024-04-24 11:42:26,2024-04-29 11:42:57,2024-04-24 11:48:23,2024-04-24 11:43:52
2024-04-24 12:52:20,2024-04-29 12:53:37,2024-04-24 12:57:51,2024-04-24 12:52:24
2024-04-24 12:52:24,2024-04-29 12:53:37,,
2024-04-24 13:45:48,2024-04-29 13:46:27,2024-04-24 13:51:59,2024-04-24 13:46:37
2024-04-24 13:46:37,2024-04-29 13:48:12,,
2024-04-24 14:15:42,2024-04-29 14:16:21,2024-04-24 14:19:17,2024-04-24 14:15:46
2024-04-24 14:15:46,2024-04-29 14:16:21,,
2024-04-24 14:18:23,2024-04-29 14:18:45,2024-04-24 14:19:17,2024-04-24 14:20:00
2024-04-24 14:20:35,2024-04-29 14:22:02,2024-04-24 14:20:47,2024-04-24 14:21:38
2024-04-24 15:13:42,2024-04-29 15:14:14,,
2024-04-24 15:29:26,2024-04-29 15:30:11,2024-04-24 15:29:30,2024-04-24 15:30:55
2024-04-24 15:30:55,2024-04-29 15:33:46,,
2024-04-25 09:33:42,2024-04-30 09:35:06,2024-04-25 09:42:54,2024-04-25 09:34:07
2024-04-25 10:25:47,2024-04-30 10:25:56,2024-04-25 10:28:26,2024-04-25 10:27:02
2024-04-25 10:53:19,2024-04-30 10:57:29,,
2024-04-25 12:10:45,2024-04-30 12:11:34,2024-04-25 12:11:52,2024-04-25 12:13:28
2024-04-25 12:19:15,2024-04-30 12:20:55,2024-04-25 12:22:33,2024-04-25 12:20:55
2024-04-25 12:20:55,2024-04-30 12:20:55,,
2024-04-25 13:50:24,2024-04-30 13:53:53,2024-04-25 13:53:45,2024-04-25 13:55:41
2024-04-25 14:39:46,2024-04-30 14:41:04,2024-04-25 14:42:43,2024-04-25 14:40:13
2024-04-25 14:40:13,2024-04-30 14:41:04,,
2024-04-25 15:43:07,2024-04-30 15:43:11,,
2024-04-26 10:21:53,2024-05-01 10:22:28,2024-04-26 10:23:53,2024-04-26 10:24:17
2024-04-26 11:26:34,2024-05-01 11:29:03,2024-04-26 11:26:36,2024-04-26 11:27:32
2024-04-26 11:26:36,2024-05-01 11:29:03,,
2024-04-26 13:09:56,2024-05-01 13:11:35,,
2024-04-26 14:28:58,2024-05-01 14:30:08,,
2024-04-26 15:14:48,2024-05-01 15:14:48,,
2024-04-29 10:52:17,2024-05-06 09:30:00,,
2024-04-29 12:42:21,2024-05-06 09:30:00,,
2024-04-29 13:10:08,2024-05-06 09:30:00,2024-04-29 13:11:29,2024-04-29 13:14:54
2024-04-29 13:11:29,2024-05-06 09:30:00,,
2024-04-29 14:43:15,2024-05-06 09:30:00,2024-04-29 14:44:19,2024-04-29 14:43:26
2024-04-29 14:47:35,2024-05-06 09:30:00,2024-04-29 14:52:28,2024-04-29 14:48:49
2024-04-29 14:55:24,2024-05-06 09:30:00,,
2024-04-29 15:37:10,2024-05-06 09:30:00,2024-04-29 15:38:57,2024-04-29 15:38:19
2024-04-29 15:49:38,2024-05-06 09:30:00,2024-04-29 15:50:55,2024-04-29 15:51:12
2024-04-29 16:00:00,2024-05-06 09:30:00,2024-04-30 09:30:00,2024-04-30 09:37:09
2024-04-30 12:50:10,2024-05-06 09:30:00,2024-04-30 12:50:54,2024-04-30 12:56:01
2024-04-30 12:50:54,2024-05-06 09:30:00,,
2024-04-30 14:52:06,2024-05-06 09:30:00,,
2024-04-30 15:29:33,2024-05-06 09:30:00,2024-04-30 15:30:59,2024-04-30 15:33:30
2024-04-30 15:53:50,2024-05-06 09:30:00,,
2024-05-01 10:36:52,2024-05-06 10:37:45,2024-05-01 10:38:50,2024-05-01 10:39:43
2024-05-01 11:05:14,2024-05-06 11:05:39,2024-05-01 11:10:00,2024-05-01 11:05:55
2024-05-01 11:05:55,2024-05-06 11:06:20,,
2024-05-01 11:20:16,2024-05-06 11:20:55,2024-05-01 11:22:41,2024-05-01 11:22:56
2024-05-01 11:55:01,2024-05-06 11:57:32,2024-05-01 12:03:02,2024-05-01 11:56:29
2024-05-01 11:56:29,2024-05-06 11:57:32,,
2024-05-01 12:04:35,2024-05-06 12:05:56,2024-05-01 12:09:56,2024-05-01 12:05:38
2024-05-01 12:05:38,2024-05-06 12:05:56,,
2024-05-01 12:34:02,2024-05-06 12:36:21,2024-05-01 12:35:16,2024-05-01 12:37:11
2024-05-01 12:57:19,2024-05-06 12:57:21,2024-05-01 12:59:04,2024-05-01 13:04:28
2024-05-01 13:56:24,2024-05-06 13:57:16,2024-05-01 13:57:04,2024-05-01 13:57:03
2024-05-01 14:10:59,2024-05-06 14:11:31,2024-05-01 14:11:28,2024-05-01 14:11:17
2024-05-01 14:13:41,2024-05-06 14:14:47,2024-05-01 14:14:17,2024-05-01 14:14:11
2024-05-01 14:31:30,2024-05-06 14:31:46,,
2024-05-01 14:48:57,2024-05-06 14:50:45,2024-05-01 14:49:46,2024-05-01 14:50:26
2024-05-01 15:09:11,2024-05-06 15:09:18,2024-05-01 15:10:41,2024-05-01 15:10:10
2024-05-01 15:10:10,2024-05-06 15:11:39,,
2024-05-01 15:30:01,2024-05-06 15:30:46,2024-05-01 15:30:34,2024-05-01 15:30:18
2024-05-01 15:38:37,2024-05-06 15:39:05,2024-05-01 15:38:57,2024-05-01 15:38:38
2024-05-01 15:41:00,2024-05-06 15:41:02,,
2024-05-01 15:51:10,2024-05-06 15:51:31,2024-05-01 15:51:39,2024-05-01 15:51:26
2024-05-01 15:51:26,2024-05-06 15:51:31,,
2024-05-02 09:43:13,2024-05-07 09:43:29,2024-05-02 09:43:56,2024-05-02 09:45:00
2024-05-02 10:24:24,2024-05-07 10:24:59,2024-05-02 10:24:57,2024-05-02 10:24:34
2024-05-02 10:24:34,2024-05-07 10:24:59,,
2024-05-02 10:42:47,2024-05-07 10:43:02,2024-05-02 10:42:55,2024-05-02 10:44:48
2024-05-02 11:07:41,2024-05-07 11:08:50,2024-05-02 11:08:33,2024-05-02 11:08:28
2024-05-02 11:08:28,2024-05-07 11:08:50,,
2024-05-02 11:30:43,2024-05-07 11:31:05,2024-05-02 11:33:16,2024-05-02 11:30:56
2024-05-02 12:00:15,2024-05-07 12:01:19,2024-05-02 12:00:36,2024-05-02 12:01:07
2024-05-02 12:24:24,2024-05-07 12:24:24,,
2024-05-02 12:29:27,2024-05-07 12:29:45,2024-05-02 12:29:29,2024-05-02 12:30:37
2024-05-02 12:29:29,2024-05-07 12:29:45,,
2024-05-02 12:30:35,2024-05-07 12:31:05,2024-05-02 12:31:00,2024-05-02 12:30:37
2024-05-02 12:36:58,2024-05-07 12:37:16,2024-05-02 12:37:28,2024-05-02 12:38:02
2024-05-02 12:37:28,2024-05-07 12:39:14,,
2024-05-02 12:41:51,2024-05-07 12:43:00,2024-05-02 12:43:24,2024-05-02 12:43:41
2024-05-02 12:43:24,2024-05-07 12:44:11,,
2024-05-02 12:58:49,2024-05-07 12:59:12,,
2024-05-02 12:59:49,2024-05-07 13:01:39,2024-05-02 13:02:41,2024-05-02 13:00:31
2024-05-02 13:00:31,2024-05-07 13:01:39,,
2024-05-02 13:43:51,2024-05-07 13:44:35,,
2024-05-02 14:44:34,2024-05-07 14:45:06,,
2024-05-02 15:08:54,2024-05-07 15:09:02,,
2024-05-02 15:50:36,2024-05-07 15:50:47,,
2024-05-03 09:40:58,2024-05-08 09:41:56,2024-05-03 09:41:14,2024-05-03 09:41:16
2024-05-03 09:41:27,2024-05-08 09:41:56,2024-05-03 09:42:59,2024-05-03 09:42:12
2024-05-03 09:42:12,2024-05-08 09:43:03,,
2024-05-03 09:51:36,2024-05-08 09:53:09,2024-05-03 09:51:51,2024-05-03 09:52:15
2024-05-03 09:51:51,2024-05-08 09:53:09,,
2024-05-03 10:10:46,2024-05-08 10:13:58,2024-05-03 10:10:54,2024-05-03 10:11:01
2024-05-03 10:10:54,2024-05-08 10:13:58,,
2024-05-03 10:15:12,2024-05-08 10:18:42,2024-05-03 10:15:30,2024-05-03 10:15:17
2024-05-03 10:17:45,2024-05-08 10:18:42,2024-05-03 10:18:05,2024-05-03 10:17:47
2024-05-03 10:17:47,2024-05-08 10:18:42,,
2024-05-03 10:33:24,2024-05-08 10:34:45,2024-05-03 10:33:48,2024-05-03 10:34:30
2024-05-03 10:33:48,2024-05-08 10:34:45,,
2024-05-03 11:41:33,2024-05-08 11:45:28,2024-05-03 11:45:48,2024-05-03 11:43:41
2024-05-03 11:43:41,2024-05-08 11:45:28,,
2024-05-03 13:12:23,2024-05-08 13:13:15,2024-05-03 13:17:26,2024-05-03 13:14:17
2024-05-03 13:14:17,2024-05-08 13:14:34,,
2024-05-03 13:22:47,2024-05-08 13:25:52,,
2024-05-03 13:42:04,2024-05-08 13:43:20,2024-05-03 13:43:38,2024-05-03 13:43:40
2024-05-03 13:43:38,2024-05-08 13:45:37,,
2024-05-03 13:53:28,2024-05-08 13:53:30,2024-05-03 13:57:04,2024-05-03 13:54:02
2024-05-03 13:58:00,2024-05-08 13:59:59,2024-05-03 13:58:08,2024-05-03 13:58:24
2024-05-03 14:26:40,2024-05-08 14:26:41,2024-05-03 14:27:54,2024-05-03 14:27:53
2024-05-03 14:27:53,2024-05-08 14:28:07,,
2024-05-03 15:04:17,2024-05-08 15:08:13,2024-05-03 15:05:21,2024-05-03 15:10:27
2024-05-03 15:05:21,2024-05-08 15:08:13,,
2024-05-03 15:08:19,2024-05-08 15:09:28,2024-05-03 15:11:46,2024-05-03 15:10:27
2024-05-03 15:12:09,2024-05-08 15:12:15,2024-05-03 15:15:28,2024-05-03 15:13:35
2024-05-03 15:42:53,2024-05-08 15:43:31,2024-05-03 15:43:17,2024-05-03 15:44:17
2024-05-03 15:47:14,2024-05-08 15:47:35,2024-05-03 15:49:03,2024-05-03 15:47:58
2024-05-06 09:33:50,2024-05-13 09:30:00,,
2024-05-06 09:56:03,2024-05-13 09:30:00,,
2024-05-06 10:12:50,2024-05-13 09:30:00,,
2024-05-06 10:38:48,2024-05-13 09:30:00,2024-05-06 10:50:22,2024-05-06 10:38:55
2024-05-06 11:57:32,2024-05-13 09:30:00,2024-05-06 11:57:46,2024-05-06 11:58:01
2024-05-06 11:57:46,2024-05-13 09:30:00,,
2024-05-06 12:42:08,2024-05-13 09:30:00,,
2024-05-06 12:47:48,2024-05-13 09:30:00,2024-05-06 12:47:55,2024-05-06 12:48:00
2024-05-06 13:45:22,2024-05-13 09:30:00,,
2024-05-06 13:52:01,2024-05-13 09:30:00,2024-05-06 13:58:03,2024-05-06 13:54:36
2024-05-06 13:54:36,2024-05-13 09:30:00,,
2024-05-06 13:59:45,2024-05-13 09:30:00,2024-05-06 14:07:20,2024-05-06 14:02:52
2024-05-06 14:02:52,2024-05-13 09:30:00,,
2024-05-06 14:10:43,2024-05-13 09:30:00,,
2024-05-06 14:31:16,2024-05-13 09:30:00,2024-05-06 14:35:38,2024-05-06 14:34:10
2024-05-06 14:34:10,2024-05-13 09:30:00,,
2024-05-06 14:41:46,2024-05-13 09:30:00,,
2024-05-06 15:11:39,2024-05-13 09:30:00,2024-05-06 15:13:39,2024-05-06 15:12:49
2024-05-06 15:31:44,2024-05-13 09:30:00,,
2024-05-06 15:48:54,2024-05-13 09:30:00,,
2024-05-06 15:53:36,2024-05-13 09:30:00,,
2024-05-06 15:58:56,2024-05-13 09:30:00,2024-05-06 15:59:12,2024-05-06 15:59:18
2024-05-07 09:45:30,2024-05-13 09:30:00,2024-05-07 09:46:09,2024-05-07 09:45:42
2024-05-07 09:45:42,2024-05-13 09:30:00,,
2024-05-07 09:49:44,2024-05-13 09:30:00,2024-05-07 09:49:45,2024-05-07 09:51:44
2024-05-07 09:49:45,2024-05-13 09:30:00,,
2024-05-07 09:54:08,2024-05-13 09:30:00,2024-05-07 09:54:31,2024-05-07 09:55:50
2024-05-07 10:06:13,2024-05-13 09:30:00,,
2024-05-07 10:12:55,2024-05-13 09:30:00,,
2024-05-07 10:13:40,2024-05-13 09:30:00,2024-05-07 10:17:30,2024-05-07 10:15:20
2024-05-07 10:20:22,2024-05-13 09:30:00,,
2024-05-07 10:21:00,2024-05-13 09:30:00,2024-05-07 10:21:14,2024-05-07 10:21:19
2024-05-07 10:21:14,2024-05-13 09:30:00,,
2024-05-07 10:24:00,2024-05-13 09:30:00,,
2024-05-07 10:55:13,2024-05-13 09:30:00,2024-05-07 10:57:48,2024-05-07 10:55:45
2024-05-07 11:03:17,2024-05-13 09:30:00,2024-05-07 11:05:23,2024-05-07 11:04:00
2024-05-07 11:08:50,2024-05-13 09:30:00,,
2024-05-07 11:18:07,2024-05-13 09:30:00,2024-05-07 11:21:53,2024-05-07 11:19:12
2024-05-07 11:22:29,2024-05-13 09:30:00,2024-05-07 11:23:11,2024-05-07 11:23:12
2024-05-07 11:23:11,2024-05-13 09:30:00,,
2024-05-07 12:01:19,2024-05-13 09:30:00,2024-05-07 12:07:44,2024-05-07 12:02:23
2024-05-07 12:09:17,2024-05-13 09:30:00,2024-05-07 12:10:35,2024-05-07 12:12:38
2024-05-07 12:10:35,2024-05-13 09:30:00,,
2024-05-07 12:31:05,2024-05-13 09:30:00,2024-05-07 12:34:14,2024-05-07 12:35:13
2024-05-07 12:34:14,2024-05-13 09:30:00,,
2024-05-07 13:49:47,2024-05-13 09:30:00,,
2024-05-07 14:06:16,2024-05-13 09:30:00,2024-05-07 14:10:46,2024-05-07 14:07:09
2024-05-07 14:41:53,2024-05-13 09:30:00,,
2024-05-07 15:01:02,2024-05-13 09:30:00,2024-05-07 15:01:28,2024-05-07 15:01:50
2024-05-07 15:13:35,2024-05-13 09:30:00,,
2024-05-07 15:22:26,2024-05-13 09:30:00,,
2024-05-07 15:24:26,2024-05-13 09:30:00,2024-05-07 15:25:31,2024-05-07 15:28:06
2024-05-07 15:32:33,2024-05-13 09:30:00,,
2024-05-07 15:48:22,2024-05-13 09:30:00,,
2024-05-07 15:50:34,2024-05-13 09:30:00,,
2024-05-07 15:59:45,2024-05-13 09:30:00,,
2024-05-08 10:51:28,2024-05-13 10:56:52,2024-05-08 11:04:21,2024-05-08 10:52:47
2024-05-08 10:52:47,2024-05-13 10:56:52,,
2024-05-08 13:38:43,2024-05-13 13:41:19,2024-05-08 13:41:16,2024-05-08 13:39:16
2024-05-08 14:04:59,2024-05-13 14:05:57,2024-05-08 14:05:44,2024-05-08 14:05:09
2024-05-08 14:05:09,2024-05-13 14:05:57,,
2024-05-08 14:15:48,2024-05-13 14:16:28,2024-05-08 14:17:50,2024-05-08 14:18:40
2024-05-08 14:31:21,2024-05-13 14:31:21,,
2024-05-08 14:35:07,2024-05-13 14:35:58,2024-05-08 14:37:34,2024-05-08 14:41:26
2024-05-08 15:45:24,2024-05-13 15:45:32,2024-05-08 15:48:08,2024-05-08 15:47:35
2024-05-08 15:47:35,2024-05-13 15:49:20,,
2024-05-09 09:33:46,2024-05-14 09:34:23,2024-05-09 09:34:22,2024-05-09 09:34:07
2024-05-09 09:34:35,2024-05-14 09:35:01,2024-05-09 09:36:09,2024-05-09 09:35:26
2024-05-09 10:02:40,2024-05-14 10:06:31,2024-05-09 10:31:11,2024-05-09 10:05:26
2024-05-09 10:05:26,2024-05-14 10:06:31,,
2024-05-09 10:17:15,2024-05-14 10:18:14,2024-05-09 10:31:11,2024-05-09 10:21:38
2024-05-09 10:21:38,2024-05-14 10:25:26,,
2024-05-09 11:36:37,2024-05-14 11:37:24,2024-05-09 11:45:02,2024-05-09 11:42:18
2024-05-09 11:42:18,2024-05-14 11:43:23,,
2024-05-09 12:30:50,2024-05-14 12:33:27,,
2024-05-09 13:15:04,2024-05-14 13:16:40,2024-05-09 13:25:15,2024-05-09 13:17:39
2024-05-09 15:08:03,2024-05-14 15:11:18,2024-05-09 15:08:23,2024-05-09 15:09:52
2024-05-09 15:41:38,2024-05-14 15:42:00,2024-05-09 15:42:06,2024-05-09 15:43:14
2024-05-09 15:58:52,2024-05-14 15:59:15,,
2024-05-10 09:59:58,2024-05-15 10:01:13,2024-05-10 10:00:13,2024-05-10 10:00:00
2024-05-10 10:00:00,2024-05-15 10:01:13,,
2024-05-10 12:18:38,2024-05-15 12:22:56,,
2024-05-10 13:40:50,2024-05-15 13:41:28,2024-05-10 13:44:01,2024-05-10 13:44:34
2024-05-10 13:44:01,2024-05-15 13:46:04,,
2024-05-10 13:51:45,2024-05-15 13:53:36,2024-05-10 13:55:23,2024-05-10 13:57:35
2024-05-10 13:55:23,2024-05-15 13:56:24,,
2024-05-10 14:53:42,2024-05-15 14:54:22,2024-05-10 14:54:50,2024-05-10 14:59:25
2024-05-10 15:19:12,2024-05-15 15:19:56,,
2024-05-13 10:25:56,2024-05-20 09:29:59,2024-05-13 10:28:10,2024-05-13 10:31:19
2024-05-13 11:12:48,2024-05-20 09:29:59,2024-05-13 11:17:52,2024-05-13 11:27:42
2024-05-13 11:17:52,2024-05-20 09:29:59,,
2024-05-13 13:46:32,2024-05-20 09:29:59,2024-05-13 13:48:08,2024-05-13 13:46:35
2024-05-13 14:14:18,2024-05-20 09:29:59,2024-05-13 14:16:28,2024-05-13 14:17:12
2024-05-13 14:16:28,2024-05-20 09:29:59,,
2024-05-13 14:24:51,2024-05-20 09:29:59,2024-05-13 14:27:25,2024-05-13 14:28:45
2024-05-13 14:27:25,2024-05-20 09:29:59,,
2024-05-14 09:48:18,2024-05-20 09:29:59,,
2024-05-14 13:38:43,2024-05-20 09:29:59,,
2024-05-14 13:41:43,2024-05-20 09:29:59,2024-05-14 13:44:20,2024-05-14 13:51:47
2024-05-14 13:44:20,2024-05-20 09:29:59,,
2024-05-15 09:35:12,2024-05-20 09:38:36,2024-05-15 09:35:17,2024-05-15 09:37:06
2024-05-15 09:42:26,2024-05-20 09:47:46,2024-05-15 09:44:30,2024-05-15 09:49:31
2024-05-15 10:26:43,2024-05-20 10:28:08,2024-05-15 10:30:55,2024-05-15 10:31:03
2024-05-15 13:06:53,2024-05-20 13:08:14,2024-05-15 13:07:07,2024-05-15 13:07:58
2024-05-15 13:07:07,2024-05-20 13:08:14,,
2024-05-15 15:06:30,2024-05-20 15:07:24,2024-05-15 15:09:27,2024-05-15 15:07:09
2024-05-15 15:16:54,2024-05-20 15:16:58,2024-05-15 15:17:26,2024-05-15 15:18:59
2024-05-15 15:17:26,2024-05-20 15:18:33,,
2024-05-16 09:30:37,2024-05-21 09:31:32,2024-05-16 09:31:29,2024-05-16 09:30:50
2024-05-16 09:30:50,2024-05-21 09:31:32,,
2024-05-16 09:43:16,2024-05-21 09:44:22,,
2024-05-16 11:55:57,2024-05-21 12:02:20,,
2024-05-16 12:19:02,2024-05-21 12:21:24,2024-05-16 12:21:02,2024-05-16 12:20:28
2024-05-16 13:59:52,2024-05-21 14:02:30,,
2024-05-17 09:47:16,2024-05-22 09:50:22,2024-05-17 09:47:21,2024-05-17 09:47:55
2024-05-17 09:47:21,2024-05-22 09:50:22,,
2024-05-17 09:51:32,2024-05-22 09:52:02,2024-05-17 09:52:50,2024-05-17 09:52:23
2024-05-17 10:27:34,2024-05-22 10:28:39,2024-05-17 10:28:38,2024-05-17 10:27:59
2024-05-17 10:27:59,2024-05-22 10:28:39,,
2024-05-17 10:30:41,2024-05-22 10:31:23,2024-05-17 10:32:07,2024-05-17 10:35:51
2024-05-17 10:35:51,2024-05-22 10:39:19,,
2024-05-17 11:10:16,2024-05-22 11:11:43,2024-05-17 11:12:31,2024-05-17 11:22:33
2024-05-17 14:42:19,2024-05-22 14:44:00,2024-05-17 14:48:59,2024-05-17 14:46:10
2024-05-17 15:59:22,2024-05-22 15:59:46,,
2024-05-20 10:08:02,2024-05-28 09:29:59,,
2024-05-20 10:14:27,2024-05-28 09:29:59,,
2024-05-20 12:05:43,2024-05-28 09:29:59,2024-05-20 12:07:33,2024-05-20 12:06:01
2024-05-20 12:07:33,2024-05-28 09:29:59,,
2024-05-20 14:33:03,2024-05-28 09:29:59,2024-05-20 14:33:36,2024-05-20 14:37:00
2024-05-20 14:33:36,2024-05-28 09:29:59,,
2024-05-21 12:08:03,2024-05-28 09:29:59,,
2024-05-21 12:10:35,2024-05-28 09:29:59,,
2024-05-21 13:33:55,2024-05-28 09:29:59,2024-05-21 13:34:11,2024-05-21 13:35:12
2024-05-21 13:59:23,2024-05-28 09:29:59,2024-05-21 14:06:52,2024-05-21 14:02:30
2024-05-21 14:02:30,2024-05-28 09:29:59,,
2024-05-21 14:59:26,2024-05-28 09:29:59,2024-05-21 15:01:52,2024-05-21 15:00:01
2024-05-21 15:34:54,2024-05-28 09:29:59,2024-05-21 15:37:22,2024-05-21 15:35:34
2024-05-21 15:35:34,2024-05-28 09:29:59,,
2024-05-21 15:50:52,2024-05-28 09:29:59,2024-05-21 15:51:57,2024-05-21 15:52:06
2024-05-22 10:29:31,2024-05-28 09:29:59,,
2024-05-22 12:59:08,2024-05-28 09:29:59,,
2024-05-22 14:19:35,2024-05-28 09:29:59,,
2024-05-22 15:25:38,2024-05-28 09:29:59,2024-05-22 15:28:42,2024-05-22 15:26:35
2024-05-23 09:31:41,2024-05-28 09:32:16,2024-05-23 09:32:30,2024-05-23 09:34:58
2024-05-23 11:23:23,2024-05-28 11:24:21,2024-05-23 11:27:36,2024-05-23 11:28:58
2024-05-23 14:15:33,2024-05-28 14:15:37,2024-05-23 14:19:40,2024-05-23 14:20:04
2024-05-23 14:19:40,2024-05-28 14:20:30,,
2024-05-23 14:55:59,2024-05-28 14:56:08,2024-05-23 14:57:49,2024-05-23 14:57:44
2024-05-23 14:57:44,2024-05-28 14:58:23,,
2024-05-23 15:15:32,2024-05-28 15:17:01,,
2024-05-23 15:52:41,2024-05-28 15:53:08,2024-05-23 15:54:14,2024-05-23 15:53:10
2024-05-23 15:53:10,2024-05-28 15:54:22,,
2024-05-23 15:57:06,2024-05-28 15:57:10,2024-05-23 15:58:31,2024-05-23 15:57:40
2024-05-23 15:57:40,2024-05-28 15:57:41,,
2024-05-24 09:37:40,2024-05-29 09:38:49,2024-05-24 09:40:01,2024-05-24 09:38:10
2024-05-24 09:38:10,2024-05-29 09:38:49,,
2024-05-24 11:12:54,2024-05-29 11:14:52,2024-05-24 11:16:11,2024-05-24 11:14:35
2024-05-24 13:38:11,2024-05-29 13:41:02,2024-05-24 13:39:50,2024-05-24 13:44:52
2024-05-24 13:39:50,2024-05-29 13:41:02,,
2024-05-24 14:13:35,2024-05-29 14:14:05,2024-05-24 14:20:20,2024-05-24 14:15:15
2024-05-24 14:20:20,2024-05-29 14:24:28,,
2024-05-24 15:09:47,2024-05-29 15:10:07,2024-05-24 15:10:56,2024-05-24 15:15:23
2024-05-24 15:10:56,2024-05-29 15:12:33,,
2024-05-24 15:55:05,2024-05-29 15:56:00,2024-05-24 15:56:27,2024-05-24 15:55:42
2024-05-24 15:55:42,2024-05-29 15:56:00,,
2024-05-24 15:58:54,2024-05-29 15:58:58,2024-05-24 15:59:52,2024-05-24 15:59:07
2024-05-24 15:59:07,2024-05-29 15:59:29,,
2024-05-24 16:00:00,2024-05-29 16:00:00,,
2024-05-28 09:37:48,2024-06-03 09:30:00,,
2024-05-28 10:04:44,2024-06-03 09:30:00,,
2024-05-28 10:42:33,2024-06-03 09:30:00,,
2024-05-28 13:33:49,2024-06-03 09:30:00,2024-05-28 13:49:33,2024-05-28 13:40:35
2024-05-28 13:50:02,2024-06-03 09:30:00,2024-05-28 13:51:55,2024-05-28 13:50:32
2024-05-28 14:18:19,2024-06-03 09:30:00,,
2024-05-28 15:59:56,2024-06-03 09:30:00,2024-05-28 16:00:00,2024-05-29 09:30:00
2024-05-29 11:04:55,2024-06-03 11:40:54,2024-05-29 11:06:16,2024-05-29 11:07:16
2024-05-29 11:22:32,2024-06-03 11:40:54,2024-05-29 11:26:41,2024-05-29 11:22:46
2024-05-29 11:22:46,2024-06-03 11:40:54,,
2024-05-29 12:00:02,2024-06-03 12:00:02,2024-05-29 12:00:25,2024-05-29 12:13:08
2024-05-29 13:34:05,2024-06-03 13:34:50,2024-05-29 13:35:09,2024-05-29 13:42:46
2024-05-29 13:42:46,2024-06-03 13:43:18,,
2024-05-29 15:58:53,2024-06-03 15:59:01,2024-05-29 15:58:58,2024-05-29 15:59:29
2024-05-30 09:52:16,2024-06-04 09:53:36,,
2024-05-30 11:22:14,2024-06-04 11:23:12,2024-05-30 11:22:33,2024-05-30 11:31:08
2024-05-30 12:10:16,2024-06-04 12:14:11,2024-05-30 12:12:19,2024-05-30 12:12:16
2024-05-30 12:12:16,2024-06-04 12:14:11,,
2024-05-30 13:11:37,2024-06-04 13:22:20,2024-05-30 13:13:56,2024-05-30 13:11:54
2024-05-30 13:11:54,2024-06-04 13:22:20,,
2024-05-30 13:17:46,2024-06-04 13:22:20,,
2024-05-30 13:59:56,2024-06-04 14:00:09,,
2024-05-30 14:58:17,2024-06-04 14:59:04,2024-05-30 14:58:52,2024-05-30 15:02:28
2024-05-30 14:58:52,2024-06-04 14:59:04,,
2024-05-30 15:50:04,2024-06-04 15:50:49,2024-05-30 15:50:32,2024-05-30 15:50:37
2024-05-30 15:50:32,2024-06-04 15:50:49,,
2024-05-30 15:59:51,2024-06-04 15:59:52,2024-05-30 15:59:59,2024-05-31 09:30:41
2024-05-31 09:33:32,2024-06-05 09:34:23,2024-05-31 09:37:34,2024-05-31 09:33:33
2024-05-31 09:33:33,2024-06-05 09:34:23,,
2024-05-31 09:42:00,2024-06-05 09:42:48,2024-05-31 09:44:16,2024-05-31 09:42:02
2024-05-31 09:42:02,2024-06-05 09:42:48,,
2024-05-31 09:54:30,2024-06-05 09:55:00,,
2024-05-31 10:55:26,2024-06-05 10:56:21,2024-05-31 10:56:17,2024-05-31 11:02:15
2024-05-31 10:56:17,2024-06-05 10:56:21,,
2024-05-31 11:43:25,2024-06-05 11:45:08,,
2024-05-31 11:51:11,2024-06-05 11:54:59,2024-05-31 11:53:47,2024-05-31 11:55:20
2024-05-31 11:53:47,2024-06-05 11:54:59,,
2024-05-31 12:00:12,2024-06-05 12:03:53,2024-05-31 12:09:59,2024-05-31 12:00:40
2024-05-31 14:23:42,2024-06-05 14:23:58,2024-05-31 14:25:00,2024-05-31 14:26:47
2024-05-31 15:11:37,2024-06-05 15:12:39,2024-05-31 15:15:38,2024-05-31 15:14:35
2024-05-31 15:14:35,2024-06-05 15:15:22,,
2024-05-31 15:22:55,2024-06-05 15:22:59,2024-05-31 15:25:08,2024-05-31 15:23:18
2024-05-31 15:23:18,2024-06-05 15:24:01,,
2024-06-03 09:35:48,2024-06-10 09:30:00,2024-06-03 09:35:57,2024-06-03 09:36:18
2024-06-03 09:35:57,2024-06-10 09:30:00,,
2024-06-03 12:11:44,2024-06-10 09:30:00,2024-06-03 12:11:51,2024-06-03 12:12:54
2024-06-03 12:11:51,2024-06-10 09:30:00,,
2024-06-03 13:55:11,2024-06-10 09:30:00,,
2024-06-03 14:58:05,2024-06-10 09:30:00,,
2024-06-03 14:58:50,2024-06-10 09:30:00,2024-06-03 15:05:43,2024-06-03 14:59:36
2024-06-03 14:59:36,2024-06-10 09:30:00,,
2024-06-03 15:30:33,2024-06-10 09:30:00,,
2024-06-04 09:38:48,2024-06-10 09:30:00,,
2024-06-04 09:44:01,2024-06-10 09:30:00,2024-06-04 09:46:48,2024-06-04 09:52:03
2024-06-04 09:46:48,2024-06-10 09:30:00,,
2024-06-04 10:12:29,2024-06-10 09:30:00,,
2024-06-04 10:26:50,2024-06-10 09:30:00,,
2024-06-04 10:42:02,2024-06-10 09:30:00,2024-06-04 10:44:32,2024-06-04 10:43:07
2024-06-04 10:43:07,2024-06-10 09:30:00,,
2024-06-04 13:49:07,2024-06-10 09:30:00,,
2024-06-04 15:24:20,2024-06-10 09:30:00,,
2024-06-04 15:24:55,2024-06-10 09:30:00,2024-06-04 15:25:34,2024-06-04 15:27:19
2024-06-04 15:25:34,2024-06-10 09:30:00,,
2024-06-04 15:25:52,2024-06-10 09:30:00,2024-06-04 15:26:08,2024-06-04 15:27:19
2024-06-04 15:26:08,2024-06-10 09:30:00,,
2024-06-04 15:59:00,2024-06-10 09:30:00,2024-06-04 15:59:26,2024-06-04 15:59:13
2024-06-04 15:59:41,2024-06-10 09:30:00,2024-06-04 16:00:00,2024-06-04 15:59:46
2024-06-05 10:28:59,2024-06-10 10:31:06,,
2024-06-05 14:23:21,2024-06-10 14:25:52,,
2024-06-05 14:30:01,2024-06-10 14:30:45,2024-06-05 14:31:21,2024-06-05 14:32:17
2024-06-05 14:55:02,2024-06-10 14:57:52,2024-06-05 14:56:36,2024-06-05 14:56:14
2024-06-05 14:56:14,2024-06-10 14:57:52,,
2024-06-06 11:06:36,2024-06-11 11:08:28,2024-06-06 11:07:57,2024-06-06 11:12:02
2024-06-06 11:07:57,2024-06-11 11:08:28,,
2024-06-06 15:07:00,2024-06-11 15:07:56,2024-06-06 15:07:04,2024-06-06 15:07:09
2024-06-06 15:08:29,2024-06-11 15:08:58,,
2024-06-07 09:52:01,2024-06-12 09:52:13,,
2024-06-07 10:37:04,2024-06-12 10:40:47,,
2024-06-07 14:38:04,2024-06-12 14:38:48,2024-06-07 14:41:18,2024-06-07 14:45:15
2024-06-07 14:41:18,2024-06-12 14:44:10,,
2024-06-07 15:59:37,2024-06-12 15:59:42,2024-06-10 09:30:00,2024-06-07 15:59:43
2024-06-10 10:06:36,2024-06-17 09:30:00,2024-06-10 10:09:02,2024-06-10 10:17:19
2024-06-10 10:09:02,2024-06-17 09:30:00,,
2024-06-10 10:20:23,2024-06-17 09:30:00,,
2024-06-10 10:55:35,2024-06-17 09:30:00,2024-06-10 11:07:48,2024-06-10 11:00:21
2024-06-10 11:27:23,2024-06-17 09:30:00,,
2024-06-10 12:15:35,2024-06-17 09:30:00,,
2024-06-10 13:29:29,2024-06-17 09:30:00,2024-06-10 13:32:08,2024-06-10 13:30:44
2024-06-10 13:30:44,2024-06-17 09:30:00,,
2024-06-10 15:55:01,2024-06-17 09:30:00,2024-06-10 15:56:00,2024-06-10 15:55:20
2024-06-11 12:47:36,2024-06-17 09:30:00,2024-06-11 12:48:41,2024-06-11 12:54:07
2024-06-11 14:29:34,2024-06-17 09:30:00,,
2024-06-11 14:33:11,2024-06-17 09:30:00,2024-06-11 14:33:38,2024-06-11 14:40:49
2024-06-11 15:59:10,2024-06-17 09:30:00,2024-06-11 15:59:14,2024-06-11 15:59:16
2024-06-12 10:01:02,2024-06-17 10:01:15,2024-06-12 10:03:00,2024-06-12 10:06:26
2024-06-12 12:10:02,2024-06-17 12:10:55,,
2024-06-12 13:55:20,2024-06-17 13:55:41,2024-06-12 13:56:33,2024-06-12 14:00:01
2024-06-12 13:56:33,2024-06-17 13:56:36,,
2024-06-12 13:58:54,2024-06-17 14:01:17,2024-06-12 14:02:38,2024-06-12 14:00:01
2024-06-13 12:28:30,2024-06-18 12:30:20,2024-06-13 12:29:37,2024-06-13 12:32:24
2024-06-13 12:53:48,2024-06-18 12:53:50,2024-06-13 12:54:35,2024-06-13 12:54:16
2024-06-13 12:54:16,2024-06-18 12:54:23,,
2024-06-13 15:14:02,2024-06-18 15:17:55,2024-06-13 15:14:12,2024-06-13 15:14:57
2024-06-14 09:40:50,2024-06-20 09:29:59,2024-06-14 09:42:03,2024-06-14 09:43:07
2024-06-14 09:42:03,2024-06-20 09:29:59,,
2024-06-14 12:40:27,2024-06-20 09:29:59,2024-06-14 12:47:29,2024-06-14 12:48:52
2024-06-14 13:10:43,2024-06-20 09:29:59,,
2024-06-14 14:39:42,2024-06-20 09:29:59,2024-06-14 14:46:26,2024-06-14 14:41:11
2024-06-14 15:06:18,2024-06-20 09:29:59,2024-06-14 15:07:44,2024-06-14 15:07:19
2024-06-14 15:07:19,2024-06-20 09:29:59,,
2024-06-14 15:17:44,2024-06-20 09:29:59,2024-06-14 15:18:41,2024-06-14 15:19:00
2024-06-14 15:26:02,2024-06-20 09:29:59,2024-06-14 15:26:38,2024-06-14 15:29:56
2024-06-14 15:59:10,2024-06-20 09:29:59,2024-06-14 15:59:37,2024-06-17 09:31:07
2024-06-14 15:59:37,2024-06-20 09:29:59,,
2024-06-17 14:02:52,2024-06-24 09:29:59,,
2024-06-17 14:18:31,2024-06-24 09:29:59,,
2024-06-18 09:30:00,2024-06-24 09:29:59,,
2024-06-18 10:57:16,2024-06-24 09:29:59,2024-06-18 10:58:53,2024-06-18 10:57:51
2024-06-18 11:39:48,2024-06-24 09:29:59,2024-06-18 11:42:00,2024-06-18 11:41:27
2024-06-18 12:49:29,2024-06-24 09:29:59,2024-06-18 12:50:39,2024-06-18 12:50:09
2024-06-18 12:57:14,2024-06-24 09:29:59,2024-06-18 12:57:49,2024-06-18 13:00:13
2024-06-18 12:57:49,2024-06-24 09:29:59,,
2024-06-18 12:58:25,2024-06-24 09:29:59,2024-06-18 13:02:15,2024-06-18 13:00:13
2024-06-18 13:04:46,2024-06-24 09:29:59,2024-06-18 13:05:56,2024-06-18 13:06:25
2024-06-18 13:05:56,2024-06-24 09:29:59,,
2024-06-18 13:09:43,2024-06-24 09:29:59,2024-06-18 13:09:57,2024-06-18 13:11:09
2024-06-18 13:09:57,2024-06-24 09:29:59,,
2024-06-18 13:32:29,2024-06-24 09:29:59,,
2024-06-18 13:34:10,2024-06-24 09:29:59,2024-06-18 13:35:09,2024-06-18 13:34:37
2024-06-18 13:34:37,2024-06-24 09:29:59,,
2024-06-18 13:38:00,2024-06-24 09:29:59,2024-06-18 13:38:52,2024-06-18 13:38:36
2024-06-18 13:38:36,2024-06-24 09:29:59,,
2024-06-18 13:44:11,2024-06-24 09:29:59,,
2024-06-18 13:44:43,2024-06-24 09:29:59,2024-06-18 13:45:17,2024-06-18 13:45:54
2024-06-18 13:47:33,2024-06-24 09:29:59,2024-06-18 13:48:44,2024-06-18 13:49:05
2024-06-18 13:49:59,2024-06-24 09:29:59,2024-06-18 13:51:18,2024-06-18 13:50:38
2024-06-18 13:50:38,2024-06-24 09:29:59,,
2024-06-18 13:56:03,2024-06-24 09:29:59,2024-06-18 13:56:41,2024-06-18 13:56:22
2024-06-18 13:56:22,2024-06-24 09:29:59,,
2024-06-18 13:59:21,2024-06-24 09:29:59,,
2024-06-18 14:02:31,2024-06-24 09:29:59,2024-06-18 14:03:10,2024-06-18 14:03:24
2024-06-18 14:13:15,2024-06-24 09:29:59,2024-06-18 14:17:35,2024-06-18 14:13:46
2024-06-18 14:22:14,2024-06-24 09:29:59,2024-06-18 14:23:35,2024-06-18 14:22:26
2024-06-18 14:31:43,2024-06-24 09:29:59,2024-06-18 14:32:22,2024-06-18 14:31:44
2024-06-18 14:33:14,2024-06-24 09:29:59,2024-06-18 14:34:51,2024-06-18 14:33:48
2024-06-18 14:33:48,2024-06-24 09:29:59,,
2024-06-18 14:38:29,2024-06-24 09:29:59,2024-06-18 14:40:07,2024-06-18 14:39:03
2024-06-18 14:43:56,2024-06-24 09:29:59,2024-06-18 14:44:05,2024-06-18 14:44:38
2024-06-18 14:46:09,2024-06-24 09:29:59,,
2024-06-18 14:51:14,2024-06-24 09:29:59,2024-06-18 14:52:55,2024-06-18 14:51:23
2024-06-18 14:58:12,2024-06-24 09:29:59,,
2024-06-18 14:58:17,2024-06-24 09:29:59,2024-06-18 14:59:19,2024-06-18 14:58:52
2024-06-18 14:59:30,2024-06-24 09:29:59,2024-06-18 14:59:49,2024-06-18 15:00:13
2024-06-18 15:18:52,2024-06-24 09:29:59,,
2024-06-20 11:45:10,2024-06-25 11:46:03,2024-06-20 11:49:42,2024-06-20 11:47:04
2024-06-20 12:57:58,2024-06-25 12:59:28,2024-06-20 13:04:02,2024-06-20 13:00:22
2024-06-20 13:00:22,2024-06-25 13:02:12,,
2024-06-20 14:20:01,2024-06-25 14:21:56,2024-06-20 14:21:00,2024-06-20 14:25:55
2024-06-20 14:47:31,2024-06-25 14:48:24,2024-06-20 14:52:00,2024-06-20 14:48:05
2024-06-20 14:48:05,2024-06-25 14:48:24,,
2024-06-20 15:13:14,2024-06-25 15:13:18,,
2024-06-20 15:59:45,2024-06-25 15:59:46,2024-06-20 15:59:55,2024-06-20 15:59:51
2024-06-21 09:47:54,2024-06-26 09:48:44,2024-06-21 09:47:55,2024-06-21 09:50:09
2024-06-21 09:47:55,2024-06-26 09:48:44,,
2024-06-21 10:00:47,2024-06-26 10:01:39,2024-06-21 10:00:54,2024-06-21 10:01:01
2024-06-21 10:05:24,2024-06-26 10:09:00,2024-06-21 10:05:37,2024-06-21 10:06:40
2024-06-21 10:41:51,2024-06-26 10:43:26,2024-06-21 10:41:55,2024-06-21 10:45:06
2024-06-21 10:51:12,2024-06-26 10:54:07,2024-06-21 10:51:31,2024-06-21 10:51:46
2024-06-21 10:52:15,2024-06-26 10:54:07,,
2024-06-21 11:09:01,2024-06-26 11:12:10,2024-06-21 11:21:17,2024-06-21 11:13:35
2024-06-21 14:16:41,2024-06-26 14:17:55,2024-06-21 14:18:27,2024-06-21 14:16:50
2024-06-21 14:16:50,2024-06-26 14:17:55,,
2024-06-21 14:17:37,2024-06-26 14:17:55,2024-06-21 14:18:27,2024-06-21 14:17:45
2024-06-21 14:17:45,2024-06-26 14:17:55,,
2024-06-21 14:17:58,2024-06-26 14:20:23,2024-06-21 14:18:27,2024-06-21 14:18:49
2024-06-21 14:25:16,2024-06-26 14:25:22,,
2024-06-21 14:35:48,2024-06-26 14:38:19,,
2024-06-21 14:55:02,2024-06-26 14:56:36,,
2024-06-21 15:12:52,2024-06-26 15:13:19,2024-06-21 15:12:53,2024-06-21 15:14:18
2024-06-21 15:35:19,2024-06-26 15:35:20,2024-06-21 15:36:20,2024-06-21 15:35:51
2024-06-21 15:58:19,2024-06-26 15:58:44,,
2024-06-21 15:58:45,2024-06-26 15:58:46,2024-06-21 15:58:54,2024-06-21 15:58:53
2024-06-21 15:58:53,2024-06-26 15:59:01,,
2024-06-24 11:27:50,2024-07-01 09:30:00,2024-06-24 11:36:47,2024-06-24 11:34:34
2024-06-24 11:34:34,2024-07-01 09:30:00,,
2024-06-24 11:51:54,2024-07-01 09:30:00,,
2024-06-24 12:44:37,2024-07-01 09:30:00,,
2024-06-24 13:39:08,2024-07-01 09:30:00,2024-06-24 13:45:24,2024-06-24 13:47:13
2024-06-24 13:45:24,2024-07-01 09:30:00,,
2024-06-24 15:43:30,2024-07-01 09:30:00,2024-06-24 15:45:28,2024-06-24 15:46:04
2024-06-24 15:45:28,2024-07-01 09:30:00,,
2024-06-24 15:51:50,2024-07-01 09:30:00,2024-06-24 15:55:00,2024-06-24 15:53:56
2024-06-25 12:21:28,2024-07-01 09:30:00,2024-06-25 12:21:54,2024-06-25 12:21:36
2024-06-25 12:22:06,2024-07-01 09:30:00,2024-06-25 12:22:17,2024-06-25 12:23:18
2024-06-25 12:22:17,2024-07-01 09:30:00,,
2024-06-25 12:22:55,2024-07-01 09:30:00,2024-06-25 12:23:18,2024-06-25 12:23:51
2024-06-25 12:26:01,2024-07-01 09:30:00,2024-06-25 12:26:13,2024-06-25 12:26:42
2024-06-25 12:26:42,2024-07-01 09:30:00,,
2024-06-25 14:04:51,2024-07-01 09:30:00,2024-06-25 14:05:20,2024-06-25 14:04:59
2024-06-25 14:04:59,2024-07-01 09:30:00,,
2024-06-25 14:05:09,2024-07-01 09:30:00,2024-06-25 14:05:20,2024-06-25 14:05:27
2024-06-25 14:05:53,2024-07-01 09:30:00,,
2024-06-25 14:07:18,2024-07-01 09:30:00,,
2024-06-25 14:08:30,2024-07-01 09:30:00,2024-06-25 14:08:41,2024-06-25 14:08:45
2024-06-25 14:09:02,2024-07-01 09:30:00,2024-06-25 14:09:32,2024-06-25 14:09:11
2024-06-25 14:09:11,2024-07-01 09:30:00,,
2024-06-25 14:09:17,2024-07-01 09:30:00,2024-06-25 14:09:32,2024-06-25 14:09:36
2024-06-25 15:04:34,2024-07-01 09:30:00,2024-06-25 15:05:08,2024-06-25 15:05:28
2024-06-25 15:59:25,2024-07-01 09:30:00,2024-06-25 15:59:40,2024-06-25 15:59:46
2024-06-26 12:47:57,2024-07-01 12:49:36,2024-06-26 12:55:55,2024-06-26 12:53:33
2024-06-26 12:53:33,2024-07-01 12:54:57,,
2024-06-26 15:14:16,2024-07-01 15:15:47,2024-06-26 15:15:34,2024-06-26 15:17:43
2024-06-26 15:55:08,2024-07-01 15:55:40,2024-06-26 15:55:58,2024-06-26 15:55:28
2024-06-26 15:55:28,2024-07-01 15:55:40,,
2024-06-27 09:43:29,2024-07-02 09:43:39,2024-06-27 09:45:00,2024-06-27 09:50:39
2024-06-27 09:45:00,2024-07-02 09:45:01,,
2024-06-27 10:01:19,2024-07-02 10:03:52,,
2024-06-27 12:52:10,2024-07-02 12:52:25,,
2024-06-27 15:44:33,2024-07-02 15:45:47,2024-06-27 15:45:54,2024-06-27 15:45:09
2024-06-27 15:45:09,2024-07-02 15:45:47,,
2024-06-28 14:56:44,2024-07-05 09:30:00,,
2024-06-28 14:58:12,2024-07-05 09:30:00,2024-06-28 15:04:15,2024-06-28 15:02:04
2024-06-28 15:56:37,2024-07-05 09:30:00,2024-06-28 15:56:39,2024-06-28 15:57:51
2024-07-01 10:22:48,2024-07-08 09:30:00,2024-07-01 10:22:49,2024-07-01 10:22:54
2024-07-01 10:22:49,2024-07-08 09:30:00,,
2024-07-01 10:24:56,2024-07-08 09:30:00,,
2024-07-01 14:18:09,2024-07-08 09:30:00,2024-07-01 14:19:44,2024-07-01 14:24:00
2024-07-01 15:06:35,2024-07-08 09:30:00,2024-07-01 15:07:39,2024-07-01 15:09:03
2024-07-01 15:07:39,2024-07-08 09:30:00,,
2024-07-02 11:19:44,2024-07-08 09:30:00,,
2024-07-02 14:40:58,2024-07-08 09:30:00,2024-07-02 14:43:38,2024-07-02 14:44:06
2024-07-02 14:57:02,2024-07-08 09:30:00,,
2024-07-02 15:08:58,2024-07-08 09:30:00,,
2024-07-02 15:43:44,2024-07-08 09:30:00,2024-07-02 15:47:56,2024-07-02 15:45:47
2024-07-02 15:45:47,2024-07-08 09:30:00,,
2024-07-03 11:26:24,2024-07-08 11:26:54,2024-07-03 11:34:21,2024-07-03 11:26:31
2024-07-03 11:48:44,2024-07-08 11:51:48,,
2024-07-03 12:33:07,2024-07-08 12:33:49,,
2024-07-03 12:36:45,2024-07-08 12:40:26,2024-07-03 12:37:16,2024-07-03 12:36:58
2024-07-03 12:36:58,2024-07-08 12:40:26,,
2024-07-05 09:30:30,2024-07-10 09:30:33,,
2024-07-05 14:32:54,2024-07-10 14:33:10,,
2024-07-08 09:30:17,2024-07-15 09:30:00,,
2024-07-08 15:37:31,2024-07-15 09:30:00,2024-07-08 15:39:04,2024-07-08 15:39:39
2024-07-08 15:49:33,2024-07-15 09:30:00,2024-07-08 15:50:38,2024-07-08 15:50:00
2024-07-08 15:50:00,2024-07-15 09:30:00,,
2024-07-08 15:59:37,2024-07-15 09:30:00,,
2024-07-09 12:47:17,2024-07-15 09:30:00,2024-07-09 12:57:43,2024-07-09 12:49:45
2024-07-09 12:49:45,2024-07-15 09:30:00,,
2024-07-09 15:15:35,2024-07-15 09:30:00,2024-07-09 15:17:08,2024-07-09 15:15:54
2024-07-09 15:20:18,2024-07-15 09:30:00,2024-07-09 15:21:00,2024-07-09 15:21:22
2024-07-09 15:21:00,2024-07-15 09:30:00,,
2024-07-09 15:39:49,2024-07-15 09:30:00,,
2024-07-09 15:46:09,2024-07-15 09:30:00,,
2024-07-09 15:46:42,2024-07-15 09:30:00,2024-07-09 15:48:40,2024-07-09 15:48:15
2024-07-09 15:48:40,2024-07-15 09:30:00,,
2024-07-09 15:49:57,2024-07-15 09:30:00,2024-07-09 15:51:11,2024-07-09 15:51:57
2024-07-09 15:51:11,2024-07-15 09:30:00,,
2024-07-10 12:31:26,2024-07-15 12:33:30,2024-07-10 12:34:41,2024-07-10 12:38:03
2024-07-10 12:51:55,2024-07-15 12:56:05,2024-07-10 12:57:44,2024-07-10 13:01:17
2024-07-10 15:07:45,2024-07-15 15:07:58,2024-07-10 15:11:05,2024-07-10 15:10:33
2024-07-10 15:16:06,2024-07-15 15:17:35,2024-07-10 15:16:07,2024-07-10 15:18:52
2024-07-10 15:18:52,2024-07-15 15:19:33,,
2024-07-11 11:30:35,2024-07-16 11:31:46,,
2024-07-11 12:36:32,2024-07-16 12:42:08,2024-07-11 12:49:56,2024-07-11 12:36:54
2024-07-11 13:07:46,2024-07-16 13:11:07,2024-07-11 13:11:47,2024-07-11 13:12:46
2024-07-11 13:11:47,2024-07-16 13:13:12,,
2024-07-11 14:46:02,2024-07-16 14:48:06,,
2024-07-11 15:16:01,2024-07-16 15:16:04,,
2024-07-11 15:58:33,2024-07-16 15:58:43,,
2024-07-11 15:59:16,2024-07-16 15:59:19,2024-07-11 15:59:24,2024-07-11 15:59:32
2024-07-12 12:56:59,2024-07-17 12:58:00,2024-07-12 12:57:33,2024-07-12 12:59:51
2024-07-12 12:57:33,2024-07-17 12:58:00,,
2024-07-12 13:11:06,2024-07-17 13:11:08,,
2024-07-12 13:21:21,2024-07-17 13:22:16,2024-07-12 13:21:52,2024-07-12 13:21:41
2024-07-12 13:30:06,2024-07-17 13:32:03,2024-07-12 13:32:08,2024-07-12 13:30:45
2024-07-15 10:38:04,2024-07-22 09:30:00,2024-07-15 10:38:54,2024-07-15 10:40:13
2024-07-15 14:32:25,2024-07-22 09:30:00,2024-07-15 14:34:14,2024-07-15 14:37:34
2024-07-15 14:34:14,2024-07-22 09:30:00,,
2024-07-15 14:55:26,2024-07-22 09:30:00,2024-07-15 14:57:43,2024-07-15 14:59:13
2024-07-15 15:15:04,2024-07-22 09:30:00,2024-07-15 15:19:33,2024-07-15 15:18:41
2024-07-15 15:18:41,2024-07-22 09:30:00,,
2024-07-15 15:53:56,2024-07-22 09:30:00,,
2024-07-15 15:58:39,2024-07-22 09:30:00,2024-07-15 15:59:38,2024-07-15 15:58:57
2024-07-16 13:56:38,2024-07-22 09:30:00,2024-07-16 13:59:18,2024-07-16 14:03:38
2024-07-16 13:59:18,2024-07-22 09:30:00,,
2024-07-16 14:36:25,2024-07-22 09:30:00,2024-07-16 14:39:02,2024-07-16 14:42:31
2024-07-16 14:39:02,2024-07-22 09:30:00,,
2024-07-16 15:00:03,2024-07-22 09:30:00,2024-07-16 15:01:30,2024-07-16 15:04:53
2024-07-16 15:57:51,2024-07-22 09:30:00,2024-07-16 15:58:43,2024-07-16 15:58:28
2024-07-16 15:58:28,2024-07-22 09:30:00,,
2024-07-17 10:45:23,2024-07-22 10:48:57,2024-07-17 10:46:44,2024-07-17 10:49:36
2024-07-17 10:51:46,2024-07-22 10:55:41,2024-07-17 10:55:09,2024-07-17 10:52:11
2024-07-17 10:52:11,2024-07-22 10:55:41,,
2024-07-17 11:00:29,2024-07-22 11:02:04,2024-07-17 11:01:05,2024-07-17 11:01:19
2024-07-17 11:01:05,2024-07-22 11:02:04,,
2024-07-17 11:25:25,2024-07-22 11:26:28,2024-07-17 11:28:03,2024-07-17 11:26:59
2024-07-17 12:45:18,2024-07-22 12:46:59,,
2024-07-17 15:21:02,2024-07-22 15:23:21,2024-07-17 15:21:32,2024-07-17 15:21:22
2024-07-17 15:27:12,2024-07-22 15:27:14,2024-07-17 15:27:50,2024-07-17 15:28:58
2024-07-17 15:27:50,2024-07-22 15:28:08,,
2024-07-17 15:46:59,2024-07-22 15:47:26,2024-07-17 15:47:11,2024-07-17 15:47:32
2024-07-17 15:51:35,2024-07-22 15:51:50,2024-07-17 15:52:25,2024-07-17 15:52:15
2024-07-17 15:52:15,2024-07-22 15:54:04,,
2024-07-17 15:56:38,2024-07-22 15:58:16,2024-07-17 15:56:41,2024-07-17 15:56:49
2024-07-17 15:59:00,2024-07-22 15:59:23,2024-07-17 15:59:04,2024-07-17 15:59:03
2024-07-17 15:59:27,2024-07-22 15:59:34,,
2024-07-18 09:40:15,2024-07-23 09:40:15,2024-07-18 09:40:54,2024-07-18 09:42:09
2024-07-18 09:40:54,2024-07-23 09:41:47,,
2024-07-18 11:50:00,2024-07-23 11:50:14,2024-07-18 11:53:18,2024-07-18 11:50:51
2024-07-18 12:01:22,2024-07-23 12:02:39,2024-07-18 12:04:00,2024-07-18 12:06:07
2024-07-18 12:04:00,2024-07-23 12:07:29,,
2024-07-18 12:52:31,2024-07-23 12:52:46,2024-07-18 12:57:17,2024-07-18 13:00:00
2024-07-18 12:57:17,2024-07-23 12:57:17,,
2024-07-18 14:11:46,2024-07-23 14:11:52,,
2024-07-18 14:20:53,2024-07-23 14:20:57,2024-07-18 14:23:10,2024-07-18 14:21:59
2024-07-18 14:35:13,2024-07-23 14:35:43,2024-07-18 14:35:59,2024-07-18 14:37:39
2024-07-18 14:42:00,2024-07-23 14:42:05,2024-07-18 14:42:19,2024-07-18 14:43:32
2024-07-18 14:57:23,2024-07-23 14:57:48,2024-07-18 14:57:41,2024-07-18 14:58:13
2024-07-18 15:00:49,2024-07-23 15:01:32,2024-07-18 15:02:28,2024-07-18 15:01:08
2024-07-18 15:01:08,2024-07-23 15:01:32,,
2024-07-18 15:04:46,2024-07-23 15:05:33,2024-07-18 15:05:18,2024-07-18 15:05:34
2024-07-18 15:15:42,2024-07-23 15:16:06,2024-07-18 15:17:19,2024-07-18 15:16:03
2024-07-18 15:16:03,2024-07-23 15:16:06,,
2024-07-18 15:20:19,2024-07-23 15:20:29,,
2024-07-18 15:45:45,2024-07-23 15:45:52,2024-07-18 15:45:59,2024-07-18 15:46:24
2024-07-18 15:51:30,2024-07-23 15:51:33,2024-07-18 15:51:40,2024-07-18 15:52:38
2024-07-19 12:51:03,2024-07-24 12:51:05,2024-07-19 12:53:35,2024-07-19 12:52:36
2024-07-19 12:52:36,2024-07-24 12:53:33,,
2024-07-19 14:35:13,2024-07-24 14:35:21,,
2024-07-19 15:46:33,2024-07-24 15:47:01,2024-07-19 15:46:45,2024-07-19 15:47:14
2024-07-19 15:46:45,2024-07-24 15:47:01,,
2024-07-19 15:49:35,2024-07-24 15:49:48,2024-07-19 15:50:22,2024-07-19 15:51:45
2024-07-19 15:50:22,2024-07-24 15:50:39,,
2024-07-19 15:50:36,2024-07-24 15:50:39,2024-07-19 15:50:39,2024-07-19 15:51:45
2024-07-19 15:50:39,2024-07-24 15:50:39,,
2024-07-19 15:57:23,2024-07-24 15:57:27,2024-07-19 15:57:34,2024-07-19 15:57:25
2024-07-22 09:31:35,2024-07-29 09:30:00,,
2024-07-22 11:47:51,2024-07-29 09:30:00,2024-07-22 11:52:00,2024-07-22 11:49:55
2024-07-22 11:49:55,2024-07-29 09:30:00,,
2024-07-22 12:01:37,2024-07-29 09:30:00,2024-07-22 12:05:17,2024-07-22 12:06:36
2024-07-22 12:45:05,2024-07-29 09:30:00,2024-07-22 12:51:58,2024-07-22 12:46:59
2024-07-22 13:17:12,2024-07-29 09:30:00,,
2024-07-22 14:02:16,2024-07-29 09:30:00,2024-07-22 14:05:17,2024-07-22 14:07:54
2024-07-22 16:00:00,2024-07-29 09:30:00,2024-07-23 09:30:00,2024-07-23 09:31:02
2024-07-23 10:58:47,2024-07-29 09:30:00,2024-07-23 10:59:11,2024-07-23 10:59:00
2024-07-23 11:33:40,2024-07-29 09:30:00,,
2024-07-23 12:18:14,2024-07-29 09:30:00,,
2024-07-23 12:36:09,2024-07-29 09:30:00,,
2024-07-23 12:40:32,2024-07-29 09:30:00,2024-07-23 12:42:32,2024-07-23 12:41:13
2024-07-23 13:08:10,2024-07-29 09:30:00,,
2024-07-23 13:14:50,2024-07-29 09:30:00,2024-07-23 13:15:00,2024-07-23 13:17:09
2024-07-23 13:17:09,2024-07-29 09:30:00,,
2024-07-23 15:23:46,2024-07-29 09:30:00,,
2024-07-23 15:38:55,2024-07-29 09:30:00,,
2024-07-23 15:39:41,2024-07-29 09:30:00,2024-07-23 15:40:36,2024-07-23 15:40:30
2024-07-23 15:41:24,2024-07-29 09:30:00,2024-07-23 15:45:13,2024-07-23 15:42:14
2024-07-23 15:55:48,2024-07-29 09:30:00,2024-07-23 15:57:09,2024-07-23 15:56:06
2024-07-23 15:59:03,2024-07-29 09:30:00,,
2024-07-23 15:59:54,2024-07-29 09:30:00,2024-07-23 15:59:58,2024-07-23 15:59:55
2024-07-23 15:59:55,2024-07-29 09:30:00,,
2024-07-24 11:49:28,2024-07-29 11:50:18,2024-07-24 11:49:39,2024-07-24 11:51:03
2024-07-24 12:42:45,2024-07-29 12:45:00,2024-07-24 12:44:39,2024-07-24 12:47:14
2024-07-24 14:49:32,2024-07-29 14:50:36,2024-07-24 14:52:34,2024-07-24 14:50:39
2024-07-24 15:58:45,2024-07-29 15:58:59,2024-07-24 15:58:56,2024-07-24 15:59:01
2024-07-24 15:58:56,2024-07-29 15:58:59,,
2024-07-25 10:49:29,2024-07-30 10:52:38,,
2024-07-25 11:37:13,2024-07-30 11:37:43,2024-07-25 11:40:06,2024-07-25 11:38:13
2024-07-25 15:16:19,2024-07-30 15:19:03,,
2024-07-26 07:17:32,2024-07-31 09:30:00,2024-07-26 09:30:00,2024-07-26 09:36:24
2024-07-26 09:30:00,2024-07-31 09:30:00,,
2024-07-26 13:28:50,2024-07-31 13:28:52,2024-07-26 13:31:59,2024-07-26 13:31:44
2024-07-26 13:31:44,2024-07-31 13:33:39,,
2024-07-26 15:23:16,2024-07-31 15:24:01,2024-07-26 15:24:51,2024-07-26 15:24:06
2024-07-26 15:49:41,2024-07-31 15:49:53,2024-07-26 15:51:54,2024-07-26 15:50:00
2024-07-26 15:50:00,2024-07-31 15:50:00,,
2024-07-26 15:59:01,2024-07-31 15:59:09,,
2024-07-29 11:13:48,2024-08-05 04:00:00,2024-07-29 11:14:12,2024-07-29 11:14:24
2024-07-29 15:59:51,2024-08-05 04:00:00,2024-07-29 16:00:00,2024-07-29 15:59:54
2024-07-30 09:55:08,2024-08-05 04:00:00,2024-07-30 09:55:12,2024-07-30 09:56:25
2024-07-30 10:13:33,2024-08-05 04:00:00,2024-07-30 10:17:29,2024-07-30 10:15:31
2024-07-30 10:15:31,2024-08-05 04:00:00,,
2024-07-30 10:40:50,2024-08-05 04:00:00,2024-07-30 10:41:37,2024-07-30 10:43:02
2024-07-31 10:19:15,2024-08-05 10:19:27,,
2024-07-31 13:41:48,2024-08-05 13:42:36,,
2024-08-01 15:29:51,2024-08-06 15:30:57,2024-08-01 15:32:38,2024-08-01 15:31:09
2024-08-01 15:31:09,2024-08-06 15:32:21,,
2024-08-01 15:58:14,2024-08-06 15:58:14,2024-08-01 15:58:36,2024-08-01 15:58:35
2024-08-01 15:58:35,2024-08-06 15:58:36,,
2024-08-02 10:34:09,2024-08-07 10:36:23,2024-08-02 10:37:44,2024-08-02 10:35:14
2024-08-02 13:03:28,2024-08-07 13:06:30,,
2024-08-05 12:11:26,2024-08-12 09:29:59,2024-08-05 12:12:30,2024-08-05 12:15:38
2024-08-05 15:56:55,2024-08-12 09:29:59,,
2024-08-05 15:58:36,2024-08-12 09:29:59,2024-08-05 15:59:07,2024-08-05 15:58:49
2024-08-05 15:58:49,2024-08-12 09:29:59,,
2024-08-06 14:04:33,2024-08-12 09:29:59,2024-08-06 14:10:12,2024-08-06 14:05:33
2024-08-06 15:53:59,2024-08-12 09:29:59,2024-08-06 15:54:27,2024-08-06 15:55:01
2024-08-06 15:54:27,2024-08-12 09:29:59,,
2024-08-06 15:58:57,2024-08-12 09:29:59,,
2024-08-07 10:39:22,2024-08-12 10:40:23,,
2024-08-07 15:07:09,2024-08-12 15:09:22,2024-08-07 15:12:02,2024-08-07 15:07:25
2024-08-07 15:07:25,2024-08-12 15:09:22,,
2024-08-08 12:11:02,2024-08-13 12:13:03,2024-08-08 12:15:04,2024-08-08 12:11:29
2024-08-08 14:51:19,2024-08-13 14:53:27,2024-08-08 14:54:01,2024-08-08 14:52:20
2024-08-08 14:52:20,2024-08-13 14:53:27,,
2024-08-09 10:36:43,2024-08-14 10:37:24,,
2024-08-09 10:37:05,2024-08-14 10:37:24,2024-08-09 10:40:47,2024-08-09 10:41:47
2024-08-09 10:40:47,2024-08-14 10:42:38,,
2024-08-09 10:44:48,2024-08-14 10:47:06,,
2024-08-09 11:08:36,2024-08-14 11:09:50,2024-08-09 11:13:24,2024-08-09 11:10:29
2024-08-09 11:10:29,2024-08-14 11:11:29,,
2024-08-09 11:12:17,2024-08-14 11:12:56,2024-08-09 11:13:24,2024-08-09 11:15:46
2024-08-09 15:50:23,2024-08-14 15:50:26,,
2024-08-12 12:40:55,2024-08-19 09:30:00,2024-08-12 12:41:59,2024-08-12 12:44:33
2024-08-12 12:41:59,2024-08-19 09:30:00,,
2024-08-12 15:58:19,2024-08-19 09:30:00,2024-08-12 15:59:24,2024-08-12 15:58:47
2024-08-12 15:58:47,2024-08-19 09:30:00,,
2024-08-13 12:50:50,2024-08-19 09:30:00,2024-08-13 12:58:38,2024-08-13 12:55:41
2024-08-13 12:55:41,2024-08-19 09:30:00,,
2024-08-13 13:21:31,2024-08-19 09:30:00,,
2024-08-13 13:25:01,2024-08-19 09:30:00,2024-08-13 13:27:42,2024-08-13 13:32:03
2024-08-13 13:32:03,2024-08-19 09:30:00,,
2024-08-13 15:50:18,2024-08-19 09:30:00,2024-08-13 15:51:39,2024-08-13 15:50:34
2024-08-13 15:59:21,2024-08-19 09:30:00,2024-08-13 15:59:30,2024-08-13 15:59:35
2024-08-13 15:59:30,2024-08-19 09:30:00,,
2024-08-14 09:31:11,2024-08-19 09:32:14,2024-08-14 09:31:19,2024-08-14 09:32:47
2024-08-14 09:31:19,2024-08-19 09:32:14,,
2024-08-14 09:57:43,2024-08-19 09:58:46,2024-08-14 09:58:21,2024-08-14 10:06:20
2024-08-14 12:02:40,2024-08-19 12:03:58,2024-08-14 12:08:24,2024-08-14 12:03:07
2024-08-14 12:03:07,2024-08-19 12:03:58,,
2024-08-14 13:20:03,2024-08-19 13:21:16,,
2024-08-14 13:51:52,2024-08-19 13:52:54,,
2024-08-14 14:29:59,2024-08-19 14:30:57,,
2024-08-14 15:42:07,2024-08-19 15:42:10,,
2024-08-14 15:59:49,2024-08-19 15:59:52,,
2024-08-15 10:02:52,2024-08-20 10:03:05,2024-08-15 10:03:25,2024-08-15 10:11:10
2024-08-15 12:31:10,2024-08-20 12:32:52,2024-08-15 12:37:29,2024-08-15 12:34:26
2024-08-15 13:57:32,2024-08-20 13:58:49,2024-08-15 13:59:24,2024-08-15 13:58:46
2024-08-15 14:37:17,2024-08-20 14:38:12,,
2024-08-15 14:38:56,2024-08-20 14:42:59,2024-08-15 14:43:39,2024-08-15 14:40:16
2024-08-15 15:12:51,2024-08-20 15:13:26,2024-08-15 15:12:57,2024-08-15 15:14:08
2024-08-16 12:57:53,2024-08-21 12:58:58,2024-08-16 13:02:17,2024-08-16 12:58:16
2024-08-16 12:58:16,2024-08-21 12:58:58,,
2024-08-16 14:00:27,2024-08-21 14:01:05,2024-08-16 14:00:53,2024-08-16 14:01:12
2024-08-16 14:10:23,2024-08-21 14:11:45,2024-08-16 14:12:49,2024-08-16 14:17:11
2024-08-16 14:57:08,2024-08-21 14:58:00,2024-08-16 14:59:06,2024-08-16 15:06:05
2024-08-16 14:59:06,2024-08-21 14:59:38,,
2024-08-19 10:04:31,2024-08-26 09:30:00,2024-08-19 10:04:46,2024-08-19 10:04:40
2024-08-19 11:56:02,2024-08-26 09:30:00,2024-08-19 12:04:24,2024-08-19 11:56:41
2024-08-19 13:46:10,2024-08-26 09:30:00,2024-08-19 13:51:33,2024-08-19 13:49:12
2024-08-19 14:35:23,2024-08-26 09:30:00,,
2024-08-19 14:40:24,2024-08-26 09:30:00,,
2024-08-19 14:43:07,2024-08-26 09:30:00,2024-08-19 14:45:45,2024-08-19 14:48:07
2024-08-19 14:45:45,2024-08-26 09:30:00,,
2024-08-19 15:23:33,2024-08-26 09:30:00,2024-08-19 15:24:04,2024-08-19 15:32:15
2024-08-19 15:24:04,2024-08-26 09:30:00,,
2024-08-20 15:32:41,2024-08-26 09:30:00,2024-08-20 15:36:26,2024-08-20 15:34:04
2024-08-20 15:58:48,2024-08-26 09:30:00,,
2024-08-20 15:59:02,2024-08-26 09:30:00,2024-08-20 15:59:26,2024-08-20 15:59:07
2024-08-20 15:59:26,2024-08-26 09:30:00,,
2024-08-21 15:20:32,2024-08-26 15:20:35,2024-08-21 15:25:36,2024-08-21 15:22:34
2024-08-23 12:51:01,2024-08-28 12:55:24,2024-08-23 12:52:15,2024-08-23 13:01:38
2024-08-23 12:52:15,2024-08-28 12:55:24,,
2024-08-23 14:04:08,2024-08-28 14:04:30,2024-08-23 14:04:10,2024-08-23 14:04:47
2024-08-23 14:04:10,2024-08-28 14:04:30,,
2024-08-23 14:51:34,2024-08-28 14:51:46,,
2024-08-23 15:12:59,2024-08-28 15:13:45,2024-08-23 15:16:44,2024-08-23 15:16:00
2024-08-23 15:16:00,2024-08-28 15:17:08,,
2024-08-27 10:56:11,2024-09-03 09:30:00,2024-08-27 11:00:52,2024-08-27 10:57:53
2024-08-27 10:57:53,2024-09-03 09:30:00,,
2024-08-27 11:24:01,2024-09-03 09:30:00,,
2024-08-27 15:45:15,2024-09-03 09:30:00,,
2024-08-28 11:12:30,2024-09-03 09:30:00,,
2024-08-28 13:21:18,2024-09-03 09:30:00,2024-08-28 13:29:06,2024-08-28 13:24:46
2024-08-28 15:15:51,2024-09-03 09:30:00,2024-08-28 15:17:08,2024-08-28 15:19:41
2024-08-28 15:17:08,2024-09-03 09:30:00,,
2024-08-29 13:56:53,2024-09-03 13:58:24,2024-08-29 13:59:25,2024-08-29 13:57:03
2024-08-29 13:57:03,2024-09-03 13:58:24,,
2024-08-29 15:59:11,2024-09-03 15:59:36,,
2024-08-30 15:45:05,2024-09-04 15:45:18,2024-08-30 15:47:37,2024-08-30 15:50:10
2024-08-30 15:59:48,2024-09-04 15:59:48,2024-08-30 15:59:50,2024-08-30 16:00:00
2024-09-03 15:23:48,2024-09-09 09:30:00,,
2024-09-05 11:47:58,2024-09-10 11:47:59,2024-09-05 11:49:30,2024-09-05 11:47:59
2024-09-05 14:35:20,2024-09-10 14:38:47,2024-09-05 14:36:00,2024-09-05 14:36:14
2024-09-05 14:36:00,2024-09-10 14:38:47,,
2024-09-05 14:36:23,2024-09-10 14:38:47,2024-09-05 14:37:01,2024-09-05 14:39:06
2024-09-05 14:37:01,2024-09-10 14:38:47,,
2024-09-05 15:36:42,2024-09-10 15:37:55,2024-09-05 15:38:24,2024-09-05 15:37:47
2024-09-06 10:14:42,2024-09-11 10:15:19,,
2024-09-06 15:49:03,2024-09-11 15:49:35,2024-09-06 15:50:31,2024-09-06 15:49:26
2024-09-06 15:49:26,2024-09-11 15:49:35,,
2024-09-09 09:53:38,2024-09-16 09:30:00,2024-09-09 09:55:22,2024-09-09 09:53:48
2024-09-09 09:53:48,2024-09-16 09:30:00,,
2024-09-09 12:37:21,2024-09-16 09:30:00,2024-09-09 12:46:52,2024-09-09 12:42:44
2024-09-09 12:42:44,2024-09-16 09:30:00,,
2024-09-09 15:03:59,2024-09-16 09:30:00,2024-09-09 15:06:10,2024-09-09 15:05:57
2024-09-09 15:29:32,2024-09-16 09:30:00,2024-09-09 15:29:50,2024-09-09 15:31:49
2024-09-09 15:29:50,2024-09-16 09:30:00,,
2024-09-09 15:57:49,2024-09-16 09:30:00,2024-09-09 15:57:57,2024-09-09 15:58:10
2024-09-09 15:57:57,2024-09-16 09:30:00,,
2024-09-10 09:55:25,2024-09-16 09:30:00,2024-09-10 09:58:00,2024-09-10 10:00:51
2024-09-10 10:00:51,2024-09-16 09:30:00,,
2024-09-10 10:32:13,2024-09-16 09:30:00,2024-09-10 10:38:02,2024-09-10 10:33:31
2024-09-10 12:17:47,2024-09-16 09:30:00,,
2024-09-10 14:34:42,2024-09-16 09:30:00,2024-09-10 14:39:04,2024-09-10 14:38:47
2024-09-10 14:38:47,2024-09-16 09:30:00,,
2024-09-10 15:13:06,2024-09-16 09:30:00,2024-09-10 15:17:06,2024-09-10 15:13:49
2024-09-10 15:13:49,2024-09-16 09:30:00,,
2024-09-10 15:19:35,2024-09-16 09:30:00,2024-09-10 15:26:47,2024-09-10 15:19:53
2024-09-10 15:19:53,2024-09-16 09:30:00,,
2024-09-10 15:47:10,2024-09-16 09:30:00,,
2024-09-11 09:40:50,2024-09-16 09:41:37,,
2024-09-11 15:30:07,2024-09-16 15:30:45,2024-09-11 15:36:24,2024-09-11 15:34:12
2024-09-11 15:34:12,2024-09-16 15:35:59,,
2024-09-12 10:11:04,2024-09-17 10:12:53,2024-09-12 10:16:10,2024-09-12 10:25:36
2024-09-12 10:16:10,2024-09-17 10:17:18,,
2024-09-12 14:25:28,2024-09-17 14:28:04,,
2024-09-12 14:42:42,2024-09-17 14:43:39,,
2024-09-12 15:38:11,2024-09-17 15:38:11,,
2024-09-12 15:45:44,2024-09-17 15:48:11,2024-09-12 15:46:30,2024-09-12 15:48:08
2024-09-12 15:54:56,2024-09-17 15:55:18,2024-09-12 15:55:18,2024-09-12 15:56:24
2024-09-12 15:55:18,2024-09-17 15:55:18,,
2024-09-13 14:15:37,2024-09-18 14:16:29,2024-09-13 14:16:51,2024-09-13 14:16:40
2024-09-16 10:44:55,2024-09-23 09:30:00,2024-09-16 10:45:47,2024-09-16 10:48:36
2024-09-16 10:45:47,2024-09-23 09:30:00,,
2024-09-16 11:11:23,2024-09-23 09:30:00,2024-09-16 11:32:21,2024-09-16 11:16:10
2024-09-16 15:59:12,2024-09-23 09:30:00,2024-09-16 15:59:32,2024-09-16 16:00:00
2024-09-17 11:01:01,2024-09-23 09:30:00,,
2024-09-17 11:09:38,2024-09-23 09:30:00,2024-09-17 11:10:55,2024-09-17 11:17:34
2024-09-17 14:40:04,2024-09-23 09:30:00,2024-09-17 14:41:08,2024-09-17 14:41:00
2024-09-17 15:16:13,2024-09-23 09:30:00,2024-09-17 15:17:29,2024-09-17 15:18:28
2024-09-17 15:17:29,2024-09-23 09:30:00,,
2024-09-17 15:20:34,2024-09-23 09:30:00,,
2024-09-18 10:38:36,2024-09-23 10:38:48,,
2024-09-20 10:48:49,2024-09-25 10:55:34,2024-09-20 10:53:30,2024-09-20 10:51:36
2024-09-20 14:56:05,2024-09-25 14:57:16,2024-09-20 14:56:44,2024-09-20 15:00:12
2024-09-23 14:20:03,2024-09-30 09:30:00,2024-09-23 14:22:16,2024-09-23 14:26:41
2024-09-23 14:22:16,2024-09-30 09:30:00,,
2024-09-24 09:30:00,2024-09-30 09:30:00,2024-09-24 09:30:30,2024-09-24 09:30:20
2024-09-24 09:30:20,2024-09-30 09:30:00,,
2024-09-24 12:55:41,2024-09-30 09:30:00,2024-09-24 12:55:47,2024-09-24 12:58:23
2024-09-24 13:24:15,2024-09-30 09:30:00,2024-09-24 13:24:21,2024-09-24 13:24:43
2024-09-24 13:52:22,2024-09-30 09:30:00,2024-09-24 13:54:31,2024-09-24 13:53:11
2024-09-24 14:51:58,2024-09-30 09:30:00,,
2024-09-24 15:25:22,2024-09-30 09:30:00,2024-09-24 15:27:59,2024-09-24 15:29:05
2024-09-25 09:43:41,2024-09-30 09:44:12,,
2024-09-25 12:29:42,2024-09-30 12:30:16,2024-09-25 12:32:32,2024-09-25 12:29:43
2024-09-25 12:29:43,2024-09-30 12:30:16,,
2024-09-25 14:04:06,2024-09-30 14:04:21,2024-09-25 14:08:15,2024-09-25 14:04:08
2024-09-25 14:04:08,2024-09-30 14:04:21,,
2024-09-25 14:53:26,2024-09-30 14:53:35,2024-09-25 14:57:16,2024-09-25 14:54:37
2024-09-25 14:54:37,2024-09-30 14:55:17,,
2024-09-25 15:17:54,2024-09-30 15:18:11,2024-09-25 15:18:02,2024-09-25 15:18:50
2024-09-25 15:56:04,2024-09-30 15:56:40,,
2024-09-26 11:03:43,2024-10-01 11:06:13,,
2024-09-26 15:59:15,2024-10-01 15:59:15,,
2024-09-27 09:36:42,2024-10-02 09:36:48,,
2024-09-27 10:12:56,2024-10-02 10:16:12,2024-09-27 10:16:10,2024-09-27 10:13:25
2024-09-27 10:13:25,2024-10-02 10:16:12,,
2024-09-27 13:02:03,2024-10-02 13:04:11,2024-09-27 13:02:28,2024-09-27 13:04:29
2024-09-27 13:02:28,2024-10-02 13:04:11,,
2024-09-27 14:00:29,2024-10-02 14:02:50,,
2024-09-27 14:16:47,2024-10-02 14:17:34,2024-09-27 14:21:58,2024-09-27 14:20:03
2024-09-27 14:39:15,2024-10-02 14:42:09,2024-09-27 14:39:56,2024-09-27 14:41:25
2024-09-27 14:39:56,2024-10-02 14:42:09,,
2024-09-27 15:58:51,2024-10-02 15:58:57,2024-09-27 15:59:17,2024-09-27 15:59:15
2024-09-30 12:04:54,2024-10-07 09:30:00,2024-09-30 12:06:06,2024-09-30 12:14:30
2024-09-30 12:06:06,2024-10-07 09:30:00,,
2024-09-30 12:09:24,2024-10-07 09:30:00,2024-09-30 12:11:47,2024-09-30 12:14:30
2024-09-30 12:11:47,2024-10-07 09:30:00,,
2024-09-30 13:20:04,2024-10-07 09:30:00,2024-09-30 13:32:42,2024-09-30 13:22:27
2024-09-30 13:22:27,2024-10-07 09:30:00,,
2024-09-30 15:49:56,2024-10-07 09:30:00,2024-09-30 15:50:00,2024-09-30 15:50:26
2024-09-30 15:59:28,2024-10-07 09:30:00,,
2024-10-01 11:01:54,2024-10-07 09:30:00,2024-10-01 11:12:12,2024-10-01 11:02:08
2024-10-01 11:25:37,2024-10-07 09:30:00,,
2024-10-01 11:28:34,2024-10-07 09:30:00,,
2024-10-01 12:30:11,2024-10-07 09:30:00,2024-10-01 12:31:28,2024-10-01 12:32:40
2024-10-01 12:31:28,2024-10-07 09:30:00,,
2024-10-01 14:33:20,2024-10-07 09:30:00,2024-10-01 14:33:28,2024-10-01 14:33:25
2024-10-01 14:33:25,2024-10-07 09:30:00,,
2024-10-01 15:18:33,2024-10-07 09:30:00,,
2024-10-01 15:20:23,2024-10-07 09:30:00,,
2024-10-01 15:32:57,2024-10-07 09:30:00,2024-10-01 15:33:50,2024-10-01 15:33:01
2024-10-01 15:40:41,2024-10-07 09:30:00,2024-10-01 15:41:17,2024-10-01 15:41:38
2024-10-01 15:41:17,2024-10-07 09:30:00,,
2024-10-01 15:58:06,2024-10-07 09:30:00,2024-10-01 15:58:17,2024-10-01 15:58:13
2024-10-02 11:44:11,2024-10-07 11:48:53,,
2024-10-02 11:57:30,2024-10-07 11:59:57,2024-10-02 11:58:28,2024-10-02 12:00:17
2024-10-02 12:31:17,2024-10-07 12:33:17,2024-10-02 12:38:23,2024-10-02 12:33:43
2024-10-02 15:04:40,2024-10-07 15:05:05,2024-10-02 15:04:51,2024-10-02 15:04:47
2024-10-02 15:04:47,2024-10-07 15:05:05,,
2024-10-02 15:37:21,2024-10-07 15:38:51,2024-10-02 15:38:08,2024-10-02 15:38:17
2024-10-02 15:38:08,2024-10-07 15:38:51,,
2024-10-03 12:37:04,2024-10-08 12:38:45,2024-10-03 12:38:28,2024-10-03 12:39:40
2024-10-03 14:26:38,2024-10-08 14:28:04,,
2024-10-04 10:34:44,2024-10-09 10:38:08,2024-10-04 10:44:38,2024-10-04 10:36:07
2024-10-04 15:45:29,2024-10-09 15:46:19,2024-10-04 15:46:23,2024-10-04 15:51:09
2024-10-07 10:04:14,2024-10-14 09:30:00,2024-10-07 10:08:12,2024-10-07 10:05:22
2024-10-07 12:49:24,2024-10-14 09:30:00,2024-10-07 12:50:24,2024-10-07 12:53:14
2024-10-07 12:50:24,2024-10-14 09:30:00,,
2024-10-07 14:57:46,2024-10-14 09:30:00,2024-10-07 15:00:06,2024-10-07 14:58:50
2024-10-08 10:14:26,2024-10-14 09:30:00,2024-10-08 10:14:39,2024-10-08 10:16:44
2024-10-08 10:42:49,2024-10-14 09:30:00,2024-10-08 10:42:52,2024-10-08 10:43:12
2024-10-08 10:42:52,2024-10-14 09:30:00,,
2024-10-09 13:01:23,2024-10-14 13:08:15,2024-10-09 13:02:02,2024-10-09 13:02:01
2024-10-09 13:02:01,2024-10-14 13:08:15,,
2024-10-09 14:28:01,2024-10-14 14:30:20,2024-10-09 14:32:26,2024-10-09 14:29:22
2024-10-09 15:51:09,2024-10-14 15:51:16,2024-10-09 15:53:55,2024-10-09 15:52:01
2024-10-09 15:52:01,2024-10-14 15:52:01,,
2024-10-09 15:58:26,2024-10-14 15:58:34,2024-10-09 15:59:24,2024-10-09 15:58:41
2024-10-09 15:58:41,2024-10-14 15:59:00,,
2024-10-10 09:45:10,2024-10-15 09:47:56,2024-10-10 09:48:30,2024-10-10 09:46:40
2024-10-10 09:52:26,2024-10-15 09:53:55,,
2024-10-10 10:24:46,2024-10-15 10:26:20,,
2024-10-10 15:23:44,2024-10-15 15:24:33,,
2024-10-10 15:35:07,2024-10-15 15:37:00,,
2024-10-10 15:48:25,2024-10-15 15:49:10,2024-10-10 15:48:47,2024-10-10 15:50:51
2024-10-10 15:50:51,2024-10-15 15:50:54,,
2024-10-11 11:46:36,2024-10-16 11:47:27,2024-10-11 11:48:24,2024-10-11 11:47:33
2024-10-11 11:47:33,2024-10-16 11:48:31,,
2024-10-11 13:27:58,2024-10-16 13:30:26,,
2024-10-11 14:13:31,2024-10-16 14:14:17,,
2024-10-11 14:37:43,2024-10-16 14:38:29,,
2024-10-14 10:10:01,2024-10-21 09:30:00,,
2024-10-14 10:37:40,2024-10-21 09:30:00,,
2024-10-14 10:47:39,2024-10-21 09:30:00,2024-10-14 10:55:10,2024-10-14 10:57:25
2024-10-15 10:56:39,2024-10-21 09:30:00,2024-10-15 10:59:22,2024-10-15 10:56:40
2024-10-16 09:41:30,2024-10-21 09:44:05,2024-10-16 09:44:42,2024-10-16 09:45:20
2024-10-16 12:57:24,2024-10-21 12:57:39,,
2024-10-16 13:41:27,2024-10-21 13:42:25,,
2024-10-16 13:52:56,2024-10-21 13:55:27,,
2024-10-16 14:36:54,2024-10-21 14:38:00,2024-10-16 14:41:01,2024-10-16 14:45:05
2024-10-16 14:46:48,2024-10-21 14:47:42,2024-10-16 14:47:40,2024-10-16 14:47:20
2024-10-16 15:52:40,2024-10-21 15:52:53,2024-10-16 15:54:37,2024-10-16 15:54:59
2024-10-16 15:54:37,2024-10-21 15:55:00,,
2024-10-17 12:23:17,2024-10-22 12:25:09,2024-10-17 12:24:14,2024-10-17 12:24:46
2024-10-17 12:26:17,2024-10-22 12:26:40,2024-10-17 12:29:17,2024-10-17 12:28:38
2024-10-17 12:28:38,2024-10-22 12:29:19,,
2024-10-17 14:26:12,2024-10-22 14:26:43,2024-10-17 14:27:24,2024-10-17 14:26:23
2024-10-17 14:47:50,2024-10-22 14:47:54,2024-10-17 14:51:20,2024-10-17 14:52:20
2024-10-17 14:51:20,2024-10-22 14:54:27,,
2024-10-17 15:48:55,2024-10-22 15:49:13,2024-10-17 15:49:35,2024-10-17 15:49:16
2024-10-17 15:52:26,2024-10-22 15:53:55,,
2024-10-17 15:53:59,2024-10-22 15:55:09,2024-10-17 15:55:16,2024-10-17 15:54:08
2024-10-17 15:54:08,2024-10-22 15:55:09,,
2024-10-18 09:30:00,2024-10-23 09:30:00,,
2024-10-18 13:16:50,2024-10-23 13:18:57,2024-10-18 13:18:14,2024-10-18 13:26:05
2024-10-18 14:59:27,2024-10-23 14:59:57,,
2024-10-18 15:21:17,2024-10-23 15:21:37,2024-10-18 15:21:53,2024-10-18 15:21:21
2024-10-18 15:22:01,2024-10-23 15:23:00,2024-10-18 15:24:04,2024-10-18 15:22:50
2024-10-18 15:36:38,2024-10-23 15:37:13,,
2024-10-18 15:44:29,2024-10-23 15:44:56,2024-10-18 15:45:18,2024-10-18 15:46:05
2024-10-18 15:45:18,2024-10-23 15:45:56,,
2024-10-18 15:59:00,2024-10-23 15:59:07,2024-10-18 15:59:23,2024-10-18 15:59:45
2024-10-18 15:59:45,2024-10-23 15:59:50,,
2024-10-21 10:59:09,2024-10-28 09:30:00,2024-10-21 11:01:40,2024-10-21 10:59:34
2024-10-21 13:21:58,2024-10-28 09:30:00,2024-10-21 13:29:22,2024-10-21 13:24:19
2024-10-21 13:24:19,2024-10-28 09:30:00,,
2024-10-22 12:30:33,2024-10-28 09:30:00,2024-10-22 12:38:45,2024-10-22 12:31:17
2024-10-22 12:31:17,2024-10-28 09:30:00,,
2024-10-22 15:30:07,2024-10-28 09:30:00,2024-10-22 15:30:42,2024-10-22 15:31:13
2024-10-22 15:30:42,2024-10-28 09:30:00,,
2024-10-23 11:32:01,2024-10-28 11:32:07,2024-10-23 11:42:22,2024-10-23 11:40:46
2024-10-23 12:31:37,2024-10-28 12:32:38,2024-10-23 12:33:46,2024-10-23 12:34:01
2024-10-23 13:01:47,2024-10-28 13:02:02,2024-10-23 13:07:37,2024-10-23 13:16:31
2024-10-23 13:41:33,2024-10-28 13:43:02,,
2024-10-23 14:36:24,2024-10-28 14:38:22,2024-10-23 14:36:58,2024-10-23 14:36:38
2024-10-23 14:36:38,2024-10-28 14:38:22,,
2024-10-23 14:50:28,2024-10-28 14:54:25,,
2024-10-23 15:44:20,2024-10-28 15:45:03,2024-10-23 15:47:22,2024-10-23 15:45:56
2024-10-23 15:45:56,2024-10-28 15:47:35,,
2024-10-23 15:49:14,2024-10-28 15:51:32,2024-10-23 15:50:00,2024-10-23 15:50:10
2024-10-23 15:56:01,2024-10-28 15:56:02,2024-10-23 15:56:21,2024-10-23 15:56:31
2024-10-24 10:10:10,2024-10-29 10:17:16,,
2024-10-25 09:43:20,2024-10-30 09:43:27,,
2024-10-25 11:50:47,2024-10-30 11:52:08,2024-10-25 12:00:00,2024-10-25 11:51:11
2024-10-25 12:19:50,2024-10-30 12:21:21,,
2024-10-25 14:20:38,2024-10-30 14:20:38,2024-10-25 14:22:00,2024-10-25 14:28:29
2024-10-25 14:22:00,2024-10-30 14:26:43,,
2024-10-25 15:42:40,2024-10-30 15:43:55,,
2024-10-25 15:58:25,2024-10-30 15:58:29,2024-10-25 15:58:49,2024-10-25 15:58:59
2024-10-25 15:58:49,2024-10-30 15:58:50,,
2024-10-28 12:08:10,2024-11-04 09:30:00,2024-10-28 12:09:32,2024-10-28 12:21:30
2024-10-28 12:09:32,2024-11-04 09:30:00,,
2024-10-28 15:56:39,2024-11-04 09:30:00,2024-10-28 15:57:06,2024-10-28 15:56:56
2024-10-29 14:35:50,2024-11-04 09:30:00,2024-10-29 14:37:19,2024-10-29 14:39:52
2024-10-29 14:58:31,2024-11-04 09:30:00,2024-10-29 15:00:11,2024-10-29 15:01:07
2024-10-29 15:25:15,2024-11-04 09:30:00,2024-10-29 15:26:55,2024-10-29 15:26:12
2024-10-29 15:26:12,2024-11-04 09:30:00,,
2024-10-29 15:36:01,2024-11-04 09:30:00,,
2024-10-29 15:46:50,2024-11-04 09:30:00,,
2024-10-29 15:59:37,2024-11-04 09:30:00,,
2024-10-30 11:37:44,2024-11-04 11:38:07,,
2024-10-30 13:03:03,2024-11-04 13:06:08,,
2024-10-30 13:24:51,2024-11-04 13:30:53,2024-10-30 13:39:35,2024-10-30 13:28:38
2024-10-30 13:56:46,2024-11-04 14:01:42,2024-10-30 14:00:01,2024-10-30 14:00:00
2024-10-30 14:18:21,2024-11-04 14:19:31,2024-10-30 14:20:38,2024-10-30 14:19:48
2024-10-30 15:02:05,2024-11-04 15:04:02,2024-10-30 15:02:44,2024-10-30 15:02:55
2024-10-30 15:02:44,2024-11-04 15:04:02,,
2024-10-30 15:23:50,2024-11-04 15:25:22,,
2024-10-30 15:27:08,2024-11-04 15:27:42,2024-10-30 15:28:59,2024-10-30 15:28:27
2024-10-30 15:28:27,2024-11-04 15:31:58,,
2024-10-30 15:44:21,2024-11-04 15:44:30,2024-10-30 15:45:00,2024-10-30 15:44:57
2024-10-30 15:44:57,2024-11-04 15:45:13,,
2024-10-30 15:49:20,2024-11-04 15:49:56,2024-10-30 15:49:32,2024-10-30 15:49:57
2024-10-30 15:49:32,2024-11-04 15:49:56,,
2024-10-30 15:51:46,2024-11-04 15:52:44,2024-10-30 15:51:51,2024-10-30 15:53:42
2024-10-30 15:51:51,2024-11-04 15:52:44,,
2024-10-30 15:54:33,2024-11-04 15:54:45,2024-10-30 15:54:52,2024-10-30 15:54:40
2024-10-30 15:54:40,2024-11-04 15:54:45,,
2024-10-30 15:57:02,2024-11-04 15:57:38,,
2024-10-30 15:58:00,2024-11-04 15:58:47,2024-10-30 15:58:02,2024-10-30 15:58:34
2024-10-30 15:58:02,2024-11-04 15:58:47,,
2024-10-30 15:58:18,2024-11-04 15:58:47,2024-10-30 15:58:19,2024-10-30 15:58:34
2024-10-30 15:58:19,2024-11-04 15:58:47,,
2024-10-30 15:58:50,2024-11-04 15:59:33,2024-10-30 15:58:54,2024-10-30 15:59:00
2024-10-30 15:58:54,2024-11-04 15:59:33,,
2024-10-31 13:25:16,2024-11-05 13:27:17,2024-10-31 13:27:42,2024-10-31 13:26:13
2024-10-31 13:26:13,2024-11-05 13:27:17,,
2024-11-01 12:06:02,2024-11-06 12:06:28,2024-11-01 12:28:35,2024-11-01 12:11:46
2024-11-04 14:35:37,2024-11-11 09:30:00,2024-11-04 14:39:05,2024-11-04 14:37:19
2024-11-04 14:37:19,2024-11-11 09:30:00,,
2024-11-05 09:36:21,2024-11-11 09:30:00,2024-11-05 09:38:42,2024-11-05 09:41:09
2024-11-05 10:48:15,2024-11-11 09:30:00,2024-11-05 10:52:55,2024-11-05 10:48:43
2024-11-05 10:48:43,2024-11-11 09:30:00,,
2024-11-05 14:40:32,2024-11-11 09:30:00,,
2024-11-05 15:58:48,2024-11-11 09:30:00,,
2024-11-06 09:38:44,2024-11-11 09:38:47,2024-11-06 09:39:45,2024-11-06 09:38:54
2024-11-06 09:38:54,2024-11-11 09:39:55,,
2024-11-06 10:46:00,2024-11-11 10:47:58,,
2024-11-06 14:58:18,2024-11-11 14:58:39,,
2024-11-06 15:36:25,2024-11-11 15:36:30,,
2024-11-06 15:57:00,2024-11-11 15:57:29,,
2024-11-06 15:58:08,2024-11-11 15:58:09,2024-11-06 15:58:10,2024-11-06 15:58:53
2024-11-06 15:58:10,2024-11-11 15:58:42,,
2024-11-07 15:30:37,2024-11-12 15:31:33,2024-11-07 15:31:58,2024-11-07 15:31:03
2024-11-07 15:31:03,2024-11-12 15:31:33,,
2024-11-08 11:04:53,2024-11-13 11:06:28,2024-11-08 11:04:54,2024-11-08 11:06:27
2024-11-08 11:41:55,2024-11-13 11:43:21,,
2024-11-08 14:14:06,2024-11-13 14:15:27,2024-11-08 14:14:24,2024-11-08 14:15:23
2024-11-08 14:39:16,2024-11-13 14:39:17,,
2024-11-11 10:13:42,2024-11-18 09:30:00,2024-11-11 10:15:06,2024-11-11 10:20:23
2024-11-11 10:20:23,2024-11-18 09:30:00,,
2024-11-11 13:29:18,2024-11-18 09:30:00,2024-11-11 13:29:44,2024-11-11 13:32:01
2024-11-11 13:29:44,2024-11-18 09:30:00,,
2024-11-11 15:10:35,2024-11-18 09:30:00,2024-11-11 15:13:30,2024-11-11 15:12:36
2024-11-11 15:12:36,2024-11-18 09:30:00,,
2024-11-11 15:26:10,2024-11-18 09:30:00,2024-11-11 15:30:22,2024-11-11 15:26:38
2024-11-11 15:59:26,2024-11-18 09:30:00,2024-11-11 15:59:36,2024-11-11 16:00:00
2024-11-11 15:59:36,2024-11-18 09:30:00,,
2024-11-13 09:31:48,2024-11-18 09:32:41,,
2024-11-13 15:33:23,2024-11-18 15:33:58,,
2024-11-14 09:40:17,2024-11-19 09:42:09,2024-11-14 09:40:25,2024-11-14 09:40:21
2024-11-14 09:44:30,2024-11-19 09:45:09,2024-11-14 09:44:43,2024-11-14 09:44:38
2024-11-14 09:51:58,2024-11-19 09:52:09,,
2024-11-14 10:05:20,2024-11-19 10:05:39,,
2024-11-14 11:44:15,2024-11-19 11:44:58,,
2024-11-14 11:45:40,2024-11-19 11:48:13,,
2024-11-14 14:31:52,2024-11-19 14:32:31,2024-11-14 14:33:01,2024-11-14 14:32:16
2024-11-14 14:32:16,2024-11-19 14:32:31,,
2024-11-14 14:57:01,2024-11-19 14:57:51,2024-11-14 14:57:49,2024-11-14 15:00:02
2024-11-14 15:53:51,2024-11-19 15:54:31,,
2024-11-15 11:45:21,2024-11-20 11:45:25,2024-11-15 11:49:08,2024-11-15 11:47:39
2024-11-15 11:47:39,2024-11-20 11:49:02,,
2024-11-15 13:51:24,2024-11-20 13:52:10,,
2024-11-15 15:05:42,2024-11-20 15:06:08,2024-11-15 15:06:01,2024-11-15 15:10:24
2024-11-15 15:58:40,2024-11-20 15:58:58,,
2024-11-18 10:55:05,2024-11-25 09:30:00,,
2024-11-18 12:04:14,2024-11-25 09:30:00,2024-11-18 12:11:13,2024-11-18 12:04:34
2024-11-18 12:04:34,2024-11-25 09:30:00,,
2024-11-18 12:28:43,2024-11-25 09:30:00,2024-11-18 12:39:03,2024-11-18 12:30:22
2024-11-18 13:36:33,2024-11-25 09:30:00,,
2024-11-18 14:12:32,2024-11-25 09:30:00,2024-11-18 14:13:55,2024-11-18 14:13:00
2024-11-18 14:14:40,2024-11-25 09:30:00,,
2024-11-18 14:19:15,2024-11-25 09:30:00,,
2024-11-18 15:31:35,2024-11-25 09:30:00,2024-11-18 15:32:55,2024-11-18 15:32:26
2024-11-18 15:37:13,2024-11-25 09:30:00,2024-11-18 15:40:17,2024-11-18 15:37:34
2024-11-18 15:40:17,2024-11-25 09:30:00,,
2024-11-18 15:42:02,2024-11-25 09:30:00,,
2024-11-18 15:42:41,2024-11-25 09:30:00,2024-11-18 15:44:05,2024-11-18 15:43:01
2024-11-18 15:45:44,2024-11-25 09:30:00,2024-11-18 15:49:42,2024-11-18 15:47:17
2024-11-18 15:52:18,2024-11-25 09:30:00,2024-11-18 15:52:55,2024-11-18 15:54:11
2024-11-19 14:11:23,2024-11-25 09:30:00,2024-11-19 14:12:28,2024-11-19 14:13:58
2024-11-19 15:01:05,2024-11-25 09:30:00,,
2024-11-19 15:10:42,2024-11-25 09:30:00,2024-11-19 15:11:54,2024-11-19 15:14:44
2024-11-19 15:11:54,2024-11-25 09:30:00,,
2024-11-19 15:51:30,2024-11-25 09:30:00,2024-11-19 15:53:16,2024-11-19 15:53:27
2024-11-20 11:09:54,2024-11-25 11:10:42,2024-11-20 11:09:57,2024-11-20 11:11:05
2024-11-20 11:13:51,2024-11-25 11:14:06,,
2024-11-20 11:41:53,2024-11-25 11:42:11,2024-11-20 11:42:28,2024-11-20 11:45:25
2024-11-20 11:42:28,2024-11-25 11:42:34,,
2024-11-20 11:47:28,2024-11-25 11:48:20,2024-11-20 11:49:02,2024-11-20 11:58:04
2024-11-20 11:49:02,2024-11-25 11:49:26,,
2024-11-20 12:02:02,2024-11-25 12:03:30,2024-11-20 12:03:04,2024-11-20 12:07:35
2024-11-20 15:24:15,2024-11-25 15:25:48,2024-11-20 15:24:34,2024-11-20 15:25:21
2024-11-21 12:36:28,2024-11-26 12:36:54,2024-11-21 12:40:40,2024-11-21 12:42:33
2024-11-21 12:40:40,2024-11-26 12:43:09,,
2024-11-21 12:51:37,2024-11-26 12:54:01,2024-11-21 12:52:31,2024-11-21 12:51:56
2024-11-21 13:24:12,2024-11-26 13:24:13,2024-11-21 13:27:16,2024-11-21 13:24:43
2024-11-22 11:37:51,2024-11-27 11:37:56,,
2024-11-22 13:58:12,2024-11-27 13:58:23,2024-11-22 14:01:22,2024-11-22 14:01:42
2024-11-22 14:01:22,2024-11-27 14:02:33,,
2024-11-22 14:23:02,2024-11-27 14:23:50,2024-11-22 14:24:06,2024-11-22 14:25:45
2024-11-22 14:24:06,2024-11-27 14:25:02,,
2024-11-25 12:24:02,2024-12-02 09:30:00,2024-11-25 12:24:13,2024-11-25 12:25:51
2024-11-25 12:24:13,2024-12-02 09:30:00,,
2024-11-25 13:31:41,2024-12-02 09:30:00,2024-11-25 13:36:01,2024-11-25 13:34:15
2024-11-25 13:37:31,2024-12-02 09:30:00,2024-11-25 13:38:10,2024-11-25 13:40:15
2024-11-25 13:38:10,2024-12-02 09:30:00,,
2024-11-25 14:13:23,2024-12-02 09:30:00,2024-11-25 14:14:16,2024-11-25 14:13:51
2024-11-25 14:13:51,2024-12-02 09:30:00,,
2024-11-25 14:38:45,2024-12-02 09:30:00,,
2024-11-25 14:41:50,2024-12-02 09:30:00,,
2024-11-25 14:43:43,2024-12-02 09:30:00,2024-11-25 14:48:20,2024-11-25 14:45:35
2024-11-25 15:34:11,2024-12-02 09:30:00,2024-11-25 15:36:31,2024-11-25 15:34:33
2024-11-25 15:34:33,2024-12-02 09:30:00,,
2024-11-26 10:40:36,2024-12-02 09:30:00,2024-11-26 10:43:08,2024-11-26 10:42:12
2024-11-26 10:53:05,2024-12-02 09:30:00,2024-11-26 10:53:34,2024-11-26 10:57:00
2024-11-26 10:53:34,2024-12-02 09:30:00,,
2024-11-26 11:49:13,2024-12-02 09:30:00,,
2024-11-26 12:14:03,2024-12-02 09:30:00,2024-11-26 12:15:37,2024-11-26 12:14:31
2024-11-26 12:14:31,2024-12-02 09:30:00,,
2024-11-26 14:20:30,2024-12-02 09:30:00,2024-11-26 14:23:52,2024-11-26 14:23:23
2024-11-26 14:23:23,2024-12-02 09:30:00,,
2024-11-27 11:35:58,2024-12-02 11:36:04,2024-11-27 11:36:55,2024-11-27 11:37:00
2024-11-27 11:36:55,2024-12-02 11:37:26,,
2024-11-27 13:16:15,2024-12-02 13:18:21,2024-11-27 13:18:49,2024-11-27 13:17:44
2024-11-27 15:56:10,2024-12-02 15:56:52,2024-11-27 15:56:37,2024-11-27 15:56:25
2024-11-27 15:56:25,2024-12-02 15:56:52,,
2024-11-29 10:17:03,2024-12-04 10:17:10,2024-11-29 10:19:54,2024-11-29 10:22:49
2024-11-29 10:30:12,2024-12-04 10:34:00,2024-11-29 10:32:08,2024-11-29 10:34:40
2024-11-29 10:53:27,2024-12-04 10:53:59,,
2024-12-02 10:00:00,2024-12-09 09:30:00,2024-12-02 10:00:22,2024-12-02 10:01:01
2024-12-02 10:00:22,2024-12-09 09:30:00,,
2024-12-02 10:08:15,2024-12-09 09:30:00,2024-12-02 10:08:24,2024-12-02 10:11:00
2024-12-02 10:08:24,2024-12-09 09:30:00,,
2024-12-02 10:09:09,2024-12-09 09:30:00,2024-12-02 10:09:15,2024-12-02 10:11:00
2024-12-02 10:09:15,2024-12-09 09:30:00,,
2024-12-02 12:00:54,2024-12-09 09:30:00,2024-12-02 12:05:02,2024-12-02 12:02:33
2024-12-02 12:02:33,2024-12-09 09:30:00,,
2024-12-02 12:35:51,2024-12-09 09:30:00,2024-12-02 12:39:38,2024-12-02 12:39:29
2024-12-02 12:39:29,2024-12-09 09:30:00,,
2024-12-02 13:25:31,2024-12-09 09:30:00,,
2024-12-02 14:17:50,2024-12-09 09:30:00,2024-12-02 14:17:55,2024-12-02 14:20:55
2024-12-02 14:21:02,2024-12-09 09:30:00,2024-12-02 14:25:03,2024-12-02 14:21:48
2024-12-02 15:23:29,2024-12-09 09:30:00,2024-12-02 15:23:44,2024-12-02 15:24:03
2024-12-02 16:00:00,2024-12-09 09:30:00,,
2024-12-03 11:30:45,2024-12-09 09:30:00,2024-12-03 11:31:36,2024-12-03 11:33:35
2024-12-03 15:35:13,2024-12-09 09:30:00,2024-12-03 15:36:34,2024-12-03 15:36:21
2024-12-04 10:18:41,2024-12-09 10:18:41,,
2024-12-04 10:23:37,2024-12-09 10:24:00,,
2024-12-04 10:25:01,2024-12-09 10:26:31,2024-12-04 10:25:33,2024-12-04 10:27:29
2024-12-04 10:25:33,2024-12-09 10:26:31,,
2024-12-04 10:44:30,2024-12-09 10:44:57,2024-12-04 10:46:40,2024-12-04 10:45:32
2024-12-04 10:45:32,2024-12-09 10:46:28,,
2024-12-04 10:56:08,2024-12-09 10:56:15,,
2024-12-04 15:42:03,2024-12-09 15:42:06,2024-12-04 15:42:44,2024-12-04 15:43:43
2024-12-05 09:56:44,2024-12-10 09:57:36,,
2024-12-05 10:09:16,2024-12-10 10:10:03,2024-12-05 10:10:44,2024-12-05 10:19:23
2024-12-05 11:20:11,2024-12-10 11:22:20,,
2024-12-05 12:54:15,2024-12-10 12:54:18,2024-12-05 12:55:31,2024-12-05 12:54:20
2024-12-05 12:54:20,2024-12-10 12:55:49,,
2024-12-05 12:54:26,2024-12-10 12:55:49,2024-12-05 12:55:31,2024-12-05 13:00:39
2024-12-05 14:23:41,2024-12-10 14:24:57,2024-12-05 14:26:26,2024-12-05 14:25:15
2024-12-06 09:48:34,2024-12-11 09:49:01,2024-12-06 09:49:05,2024-12-06 09:49:16
2024-12-06 09:49:05,2024-12-11 09:49:11,,
2024-12-06 10:07:40,2024-12-11 10:08:03,2024-12-06 10:11:52,2024-12-06 10:07:41
2024-12-06 10:11:52,2024-12-11 10:12:02,,
2024-12-06 12:21:13,2024-12-11 12:24:48,,
2024-12-06 12:53:21,2024-12-11 12:55:28,,
2024-12-06 13:56:10,2024-12-11 13:57:03,,
2024-12-06 14:36:16,2024-12-11 14:36:17,,
2024-12-09 09:47:08,2024-12-16 09:30:00,2024-12-09 09:47:55,2024-12-09 09:47:37
2024-12-09 10:55:35,2024-12-16 09:30:00,2024-12-09 10:55:55,2024-12-09 10:56:01
2024-12-09 10:55:55,2024-12-16 09:30:00,,
2024-12-09 11:03:31,2024-12-16 09:30:00,2024-12-09 11:04:31,2024-12-09 11:03:58
2024-12-09 11:40:51,2024-12-16 09:30:00,2024-12-09 11:41:17,2024-12-09 11:47:12
2024-12-09 11:41:17,2024-12-16 09:30:00,,
2024-12-09 12:17:15,2024-12-16 09:30:00,,
2024-12-09 12:25:37,2024-12-16 09:30:00,2024-12-09 12:26:09,2024-12-09 12:26:08
2024-12-09 12:26:08,2024-12-16 09:30:00,,
2024-12-09 12:33:43,2024-12-16 09:30:00,,
2024-12-09 12:43:43,2024-12-16 09:30:00,,
2024-12-09 13:05:26,2024-12-16 09:30:00,,
2024-12-09 13:28:51,2024-12-16 09:30:00,,
2024-12-09 13:31:04,2024-12-16 09:30:00,,
2024-12-09 13:42:07,2024-12-16 09:30:00,2024-12-09 13:42:18,2024-12-09 13:44:52
2024-12-09 14:13:10,2024-12-16 09:30:00,2024-12-09 14:15:35,2024-12-09 14:14:28
2024-12-09 14:14:28,2024-12-16 09:30:00,,
2024-12-09 14:51:07,2024-12-16 09:30:00,,
2024-12-09 15:14:21,2024-12-16 09:30:00,2024-12-09 15:14:55,2024-12-09 15:16:10
2024-12-09 15:14:55,2024-12-16 09:30:00,,
2024-12-09 15:35:24,2024-12-16 09:30:00,,
2024-12-09 15:40:11,2024-12-16 09:30:00,2024-12-09 15:41:04,2024-12-09 15:42:06
2024-12-09 15:41:04,2024-12-16 09:30:00,,
2024-12-09 15:46:41,2024-12-16 09:30:00,2024-12-09 15:47:15,2024-12-09 15:47:42
2024-12-09 15:56:55,2024-12-16 09:30:00,2024-12-09 15:57:12,2024-12-09 15:56:56
2024-12-09 15:59:25,2024-12-16 09:30:00,2024-12-09 15:59:32,2024-12-09 15:59:27
2024-12-10 11:00:34,2024-12-16 09:30:00,2024-12-10 11:06:15,2024-12-10 11:03:35
2024-12-10 11:03:35,2024-12-16 09:30:00,,
2024-12-10 12:15:59,2024-12-16 09:30:00,2024-12-10 12:22:55,2024-12-10 12:19:38
2024-12-10 12:19:38,2024-12-16 09:30:00,,
2024-12-10 13:56:22,2024-12-16 09:30:00,2024-12-10 13:59:31,2024-12-10 14:01:40
2024-12-10 15:04:46,2024-12-16 09:30:00,2024-12-10 15:06:12,2024-12-10 15:05:53
2024-12-10 15:05:53,2024-12-16 09:30:00,,
2024-12-10 15:57:22,2024-12-16 09:30:00,2024-12-10 15:57:34,2024-12-10 15:57:37
2024-12-10 15:57:34,2024-12-16 09:30:00,,
2024-12-10 15:58:18,2024-12-16 09:30:00,,
2024-12-10 15:58:22,2024-12-16 09:30:00,2024-12-10 15:58:30,2024-12-10 15:58:46
2024-12-10 15:58:30,2024-12-16 09:30:00,,
2024-12-10 15:58:44,2024-12-16 09:30:00,2024-12-10 15:58:47,2024-12-10 15:58:46
2024-12-10 15:58:59,2024-12-16 09:30:00,2024-12-10 15:59:00,2024-12-10 15:59:45
2024-12-10 15:59:00,2024-12-16 09:30:00,,
2024-12-10 15:59:27,2024-12-16 09:30:00,2024-12-10 15:59:45,2024-12-10 15:59:37
2024-12-10 15:59:37,2024-12-16 09:30:00,,
2024-12-11 09:50:50,2024-12-16 09:51:45,2024-12-11 09:51:23,2024-12-11 09:51:27
2024-12-11 11:38:53,2024-12-16 11:39:50,,
2024-12-11 11:58:00,2024-12-16 12:01:09,,
2024-12-11 13:52:13,2024-12-16 13:52:37,2024-12-11 13:55:05,2024-12-11 13:52:38
2024-12-11 14:25:55,2024-12-16 14:26:36,,
2024-12-11 14:46:49,2024-12-16 14:47:22,2024-12-11 14:47:22,2024-12-11 14:48:00
2024-12-11 15:50:00,2024-12-16 15:50:00,2024-12-11 15:53:04,2024-12-11 15:55:17
2024-12-11 15:53:04,2024-12-16 15:53:04,,
2024-12-12 11:41:26,2024-12-17 11:42:50,2024-12-12 11:42:40,2024-12-12 11:44:01
2024-12-12 14:38:33,2024-12-17 14:39:56,2024-12-12 14:39:04,2024-12-12 14:40:17
2024-12-12 14:39:04,2024-12-17 14:39:56,,
2024-12-12 14:58:55,2024-12-17 15:00:22,,
2024-12-12 15:37:32,2024-12-17 15:38:12,2024-12-12 15:38:34,2024-12-12 15:40:42
2024-12-13 10:22:19,2024-12-18 10:22:28,,
2024-12-13 11:57:36,2024-12-18 11:58:32,2024-12-13 12:00:03,2024-12-13 11:59:34
2024-12-13 11:59:34,2024-12-18 11:59:38,,
2024-12-13 12:09:28,2024-12-18 12:10:30,,
2024-12-13 12:12:55,2024-12-18 12:15:41,2024-12-13 12:22:01,2024-12-13 12:13:05
2024-12-13 12:42:58,2024-12-18 12:44:53,,
2024-12-13 15:36:04,2024-12-18 15:36:20,,
2024-12-16 10:03:41,2024-12-23 08:33:58,2024-12-16 10:05:38,2024-12-16 10:04:45
2024-12-16 10:04:45,2024-12-23 08:33:58,,
2024-12-16 10:53:00,2024-12-23 08:33:58,2024-12-16 10:53:50,2024-12-16 10:54:54
2024-12-16 10:57:52,2024-12-23 08:33:58,,
2024-12-16 11:10:36,2024-12-23 08:33:58,2024-12-16 11:12:04,2024-12-16 11:15:01
2024-12-16 11:12:04,2024-12-23 08:33:58,,
2024-12-16 11:32:51,2024-12-23 08:33:58,2024-12-16 11:38:30,2024-12-16 11:43:07
2024-12-16 11:38:30,2024-12-23 08:33:58,,
2024-12-16 12:55:12,2024-12-23 08:33:58,2024-12-16 12:55:59,2024-12-16 12:56:56
2024-12-16 12:55:59,2024-12-23 08:33:58,,
2024-12-16 13:18:06,2024-12-23 08:33:58,2024-12-16 13:19:11,2024-12-16 13:19:08
2024-12-16 13:35:42,2024-12-23 08:33:58,2024-12-16 13:37:40,2024-12-16 13:38:49
2024-12-16 14:04:29,2024-12-23 08:33:58,2024-12-16 14:05:22,2024-12-16 14:07:24
2024-12-16 14:38:42,2024-12-23 08:33:58,,
2024-12-16 15:00:02,2024-12-23 08:33:58,2024-12-16 15:01:35,2024-12-16 15:03:06
2024-12-16 15:11:01,2024-12-23 08:33:58,,
2024-12-16 15:33:05,2024-12-23 08:33:58,2024-12-16 15:34:10,2024-12-16 15:35:27
2024-12-16 15:35:54,2024-12-23 08:33:58,2024-12-16 15:40:07,2024-12-16 15:36:27
2024-12-16 15:53:02,2024-12-23 08:33:58,2024-12-16 15:54:40,2024-12-16 15:53:03
2024-12-17 12:57:07,2024-12-23 08:33:58,,
2024-12-17 13:06:03,2024-12-23 08:33:58,,
2024-12-17 15:43:19,2024-12-23 08:33:58,2024-12-17 15:47:19,2024-12-17 15:43:42
2024-12-17 15:43:42,2024-12-23 08:33:58,,
2024-12-17 15:45:43,2024-12-23 08:33:58,2024-12-17 15:47:19,2024-12-17 15:46:37
2024-12-17 15:46:37,2024-12-23 08:33:58,,
2024-12-18 15:02:13,2024-12-23 15:02:24,2024-12-18 15:02:23,2024-12-18 15:03:58
2024-12-18 15:02:23,2024-12-23 15:02:24,,
2024-12-19 10:29:41,2024-12-24 10:30:05,2024-12-19 10:31:28,2024-12-19 10:30:31
2024-12-19 10:30:31,2024-12-24 10:31:00,,
2024-12-19 10:37:05,2024-12-24 10:40:09,2024-12-19 10:38:11,2024-12-19 10:37:36
2024-12-19 11:10:42,2024-12-24 11:11:16,2024-12-19 11:15:24,2024-12-19 11:12:02
2024-12-19 11:12:02,2024-12-24 11:12:20,,
2024-12-19 11:22:41,2024-12-24 11:22:44,2024-12-19 11:24:27,2024-12-19 11:22:49
2024-12-19 11:22:49,2024-12-24 11:24:16,,
2024-12-19 12:18:07,2024-12-24 12:18:31,2024-12-19 12:18:55,2024-12-19 12:21:17
2024-12-19 12:18:55,2024-12-24 12:19:13,,
2024-12-19 13:59:55,2024-12-26 09:30:00,2024-12-19 14:01:52,2024-12-19 14:01:06
2024-12-19 14:01:06,2024-12-26 09:30:00,,
2024-12-19 14:14:46,2024-12-26 09:30:00,,
2024-12-19 15:12:17,2024-12-26 09:30:00,,
2024-12-19 15:34:38,2024-12-26 09:30:00,2024-12-19 15:36:27,2024-12-19 15:34:58
2024-12-20 09:59:14,2024-12-26 09:30:00,2024-12-20 10:00:52,2024-12-20 10:01:48
2024-12-20 10:06:04,2024-12-26 09:30:00,,
2024-12-20 15:51:19,2024-12-26 09:30:00,2024-12-20 15:51:24,2024-12-20 15:51:48
2024-12-20 15:51:48,2024-12-26 09:30:00,,
2024-12-20 15:54:51,2024-12-26 09:30:00,,
2024-12-23 09:42:55,2024-12-30 09:30:00,,
2024-12-23 09:53:10,2024-12-30 09:30:00,2024-12-23 09:53:22,2024-12-23 09:53:13
2024-12-23 09:54:46,2024-12-30 09:30:00,,
2024-12-23 11:20:38,2024-12-30 09:30:00,2024-12-23 11:21:09,2024-12-23 11:20:45
2024-12-23 11:20:45,2024-12-30 09:30:00,,
2024-12-23 13:54:10,2024-12-30 09:30:00,2024-12-23 13:54:44,2024-12-23 13:54:42
2024-12-23 13:54:42,2024-12-30 09:30:00,,
2024-12-23 14:38:44,2024-12-30 09:30:00,2024-12-23 14:38:47,2024-12-23 14:40:24
2024-12-23 14:38:47,2024-12-30 09:30:00,,
2024-12-23 15:25:26,2024-12-30 09:30:00,,
2024-12-23 15:57:05,2024-12-30 09:30:00,2024-12-23 15:57:16,2024-12-23 15:57:31
2024-12-26 09:33:03,2024-12-31 09:33:21,,
2024-12-26 10:05:31,2024-12-31 10:07:06,2024-12-26 10:08:45,2024-12-26 10:08:53
2024-12-26 10:08:45,2024-12-31 10:09:21,,
2024-12-26 10:16:14,2024-12-31 10:16:54,,
2024-12-26 10:23:46,2024-12-31 10:26:06,,
2024-12-26 14:23:37,2024-12-31 14:27:36,,
2024-12-26 15:22:24,2024-12-31 15:22:45,2024-12-26 15:31:18,2024-12-26 15:22:59
2024-12-26 15:22:59,2024-12-31 15:23:04,,
2024-12-27 12:50:58,2025-01-02 09:30:00,2024-12-27 12:51:25,2024-12-27 12:51:08
2024-12-30 09:53:58,2025-01-06 09:30:00,2024-12-30 09:54:12,2024-12-30 09:54:11
2024-12-30 09:54:18,2025-01-06 09:30:00,2024-12-30 09:55:21,2024-12-30 09:57:24
2024-12-30 09:55:21,2025-01-06 09:30:00,,
2024-12-30 10:02:03,2025-01-06 09:30:00,,
2024-12-30 13:53:52,2025-01-06 09:30:00,,
2024-12-30 14:34:13,2025-01-06 09:30:00,,
2024-12-30 14:36:25,2025-01-06 09:30:00,2024-12-30 14:36:58,2024-12-30 14:39:31
2024-12-30 14:36:58,2025-01-06 09:30:00,,
2024-12-31 09:43:06,2025-01-06 09:30:00,2024-12-31 09:43:32,2024-12-31 09:43:52
2024-12-31 09:59:44,2025-01-06 09:30:00,2024-12-31 10:04:48,2024-12-31 10:02:05
2024-12-31 10:02:05,2025-01-06 09:30:00,,
2024-12-31 11:40:01,2025-01-06 09:30:00,,
2024-12-31 14:10:47,2025-01-06 09:30:00,2024-12-31 14:11:24,2024-12-31 14:10:49
2024-12-31 14:10:49,2025-01-06 09:30:00,,
2024-12-31 15:07:33,2025-01-06 09:30:00,,
2024-12-31 15:18:38,2025-01-06 09:30:00,,
2025-01-02 10:05:59,2025-01-07 10:06:18,2025-01-02 10:06:08,2025-01-02 10:07:21
2025-01-02 10:06:08,2025-01-07 10:06:18,,
2025-01-02 10:33:52,2025-01-07 10:35:09,2025-01-02 10:35:28,2025-01-02 10:35:47
2025-01-02 10:35:28,2025-01-07 10:35:36,,
2025-01-02 13:17:02,2025-01-07 13:19:14,2025-01-02 13:20:31,2025-01-02 13:17:45
2025-01-02 13:17:45,2025-01-07 13:19:14,,
2025-01-02 13:35:50,2025-01-07 13:37:05,2025-01-02 13:37:35,2025-01-02 13:36:57
2025-01-02 14:45:27,2025-01-07 14:46:08,2025-01-02 14:45:38,2025-01-02 14:46:41
2025-01-02 15:12:41,2025-01-07 15:12:42,2025-01-02 15:13:38,2025-01-02 15:14:12
2025-01-02 15:57:14,2025-01-07 15:57:23,,
2025-01-02 15:59:26,2025-01-07 15:59:27,2025-01-02 15:59:28,2025-01-02 15:59:42
2025-01-02 15:59:28,2025-01-07 15:59:30,,
2025-01-03 11:44:56,2025-01-08 11:46:43,2025-01-03 11:45:48,2025-01-03 11:48:01
2025-01-03 13:57:21,2025-01-08 13:59:00,,
2025-01-03 14:30:28,2025-01-08 14:30:49,,
2025-01-03 15:33:33,2025-01-08 15:34:18,2025-01-03 15:34:46,2025-01-03 15:34:18
2025-01-03 15:43:13,2025-01-08 15:43:34,2025-01-03 15:45:52,2025-01-03 15:45:05
2025-01-06 09:47:44,2025-01-13 09:30:00,2025-01-06 09:49:34,2025-01-06 09:50:27
2025-01-06 10:55:39,2025-01-13 09:30:00,2025-01-06 10:56:07,2025-01-06 10:58:44
2025-01-06 10:56:07,2025-01-13 09:30:00,,
2025-01-06 14:11:50,2025-01-13 09:30:00,2025-01-06 14:15:14,2025-01-06 14:21:53
2025-01-06 14:15:14,2025-01-13 09:30:00,,
2025-01-06 14:34:17,2025-01-13 09:30:00,,
2025-01-06 15:34:00,2025-01-13 09:30:00,,
2025-01-07 12:13:34,2025-01-13 09:30:00,2025-01-07 12:13:41,2025-01-07 12:14:53
2025-01-07 12:13:41,2025-01-13 09:30:00,,
2025-01-07 14:28:57,2025-01-13 09:30:00,2025-01-07 14:29:10,2025-01-07 14:30:28
2025-01-07 15:40:11,2025-01-13 09:30:00,2025-01-07 15:40:22,2025-01-07 15:40:34
2025-01-07 15:40:22,2025-01-13 09:30:00,,
2025-01-08 11:39:09,2025-01-13 11:39:48,,
2025-01-08 11:39:41,2025-01-13 11:39:48,,
2025-01-10 14:51:54,2025-01-15 14:52:49,2025-01-10 14:52:22,2025-01-10 14:53:09
2025-01-10 14:52:22,2025-01-15 14:52:49,,
2025-01-10 15:10:07,2025-01-15 15:10:25,,
2025-01-13 09:34:26,2025-01-21 09:30:00,2025-01-13 09:36:16,2025-01-13 09:34:35
2025-01-13 12:23:32,2025-01-21 09:30:00,2025-01-13 12:23:41,2025-01-13 12:27:43
2025-01-13 12:23:41,2025-01-21 09:30:00,,
2025-01-13 13:44:17,2025-01-21 09:30:00,2025-01-13 13:47:21,2025-01-13 13:44:34
2025-01-14 15:37:22,2025-01-21 09:30:00,2025-01-14 15:38:24,2025-01-14 15:39:52
2025-01-14 15:38:24,2025-01-21 09:30:00,,
2025-01-14 15:56:40,2025-01-21 09:30:00,2025-01-14 15:59:00,2025-01-14 15:57:32
2025-01-14 15:57:32,2025-01-21 09:30:00,,
2025-01-15 12:04:15,2025-01-21 09:30:00,,
2025-01-15 13:47:18,2025-01-21 09:30:00,2025-01-15 13:47:50,2025-01-15 13:47:27
2025-01-15 15:17:00,2025-01-21 09:30:00,,
2025-01-15 15:39:55,2025-01-21 09:30:00,2025-01-15 15:42:56,2025-01-15 15:41:39
2025-01-15 15:41:39,2025-01-21 09:30:00,,
2025-01-16 11:51:07,2025-01-21 11:51:19,2025-01-16 11:52:54,2025-01-16 11:53:44
2025-01-16 12:38:06,2025-01-21 12:42:07,2025-01-16 12:39:11,2025-01-16 12:43:00
2025-01-16 13:25:57,2025-01-21 13:26:59,,
2025-01-16 13:43:58,2025-01-21 13:44:08,,
2025-01-16 13:49:22,2025-01-21 13:51:13,2025-01-16 13:49:42,2025-01-16 13:51:15
2025-01-16 13:49:42,2025-01-21 13:51:13,,
2025-01-16 14:04:45,2025-01-21 14:05:00,,
2025-01-16 14:10:35,2025-01-21 14:11:40,,
2025-01-16 14:13:26,2025-01-21 14:14:46,2025-01-16 14:14:54,2025-01-16 14:14:34
2025-01-16 14:14:34,2025-01-21 14:14:46,,
2025-01-16 14:32:22,2025-01-21 14:32:33,,
2025-01-16 14:37:03,2025-01-21 14:40:06,,
2025-01-16 14:38:06,2025-01-21 14:40:06,2025-01-16 14:38:48,2025-01-16 14:38:54
2025-01-16 14:51:57,2025-01-21 14:52:48,,
2025-01-16 15:23:55,2025-01-21 15:24:14,2025-01-16 15:24:00,2025-01-16 15:24:16
2025-01-16 15:24:00,2025-01-21 15:24:14,,
2025-01-16 15:24:19,2025-01-21 15:24:32,2025-01-16 15:25:00,2025-01-16 15:24:28
2025-01-16 15:45:05,2025-01-21 15:47:02,2025-01-16 15:45:17,2025-01-16 15:45:31
2025-01-16 15:51:06,2025-01-21 15:51:45,2025-01-16 15:52:11,2025-01-16 15:51:50
2025-01-16 15:51:50,2025-01-21 15:52:22,,
2025-01-16 15:53:10,2025-01-21 15:53:42,,
2025-01-16 15:53:30,2025-01-21 15:53:42,2025-01-16 15:54:14,2025-01-16 15:55:00
2025-01-17 10:22:52,2025-01-22 10:25:13,2025-01-17 10:24:26,2025-01-17 10:27:36
2025-01-17 10:24:26,2025-01-22 10:25:13,,
2025-01-17 10:46:28,2025-01-22 10:48:10,,
2025-01-17 15:40:51,2025-01-22 15:40:51,,
2025-01-17 15:42:18,2025-01-22 15:44:15,2025-01-17 15:42:29,2025-01-17 15:44:24
2025-01-17 15:50:12,2025-01-22 15:50:25,2025-01-17 15:51:01,2025-01-17 15:50:23
2025-01-21 09:45:09,2025-01-27 08:10:49,2025-01-21 09:46:21,2025-01-21 09:47:11
2025-01-21 13:37:13,2025-01-27 08:10:49,,
2025-01-21 14:15:20,2025-01-27 08:10:49,2025-01-21 14:16:50,2025-01-21 14:15:21
2025-01-21 14:19:01,2025-01-27 08:10:49,,
2025-01-21 14:26:30,2025-01-27 08:10:49,2025-01-21 14:30:04,2025-01-21 14:26:39
2025-01-21 15:15:10,2025-01-27 08:10:49,2025-01-21 15:15:55,2025-01-21 15:15:42
2025-01-21 15:15:55,2025-01-27 08:10:49,,
2025-01-21 15:16:38,2025-01-27 08:10:49,2025-01-21 15:16:39,2025-01-21 15:16:40
2025-01-21 15:16:39,2025-01-27 08:10:49,,
2025-01-21 15:17:27,2025-01-27 08:10:49,,
2025-01-21 15:24:49,2025-01-27 08:10:49,,
2025-01-21 15:29:02,2025-01-27 08:10:49,,
2025-01-21 15:54:47,2025-01-27 08:10:49,2025-01-21 15:55:27,2025-01-21 15:55:14
2025-01-21 15:55:14,2025-01-27 08:10:49,,
2025-01-21 15:56:54,2025-01-27 08:10:49,,
2025-01-21 15:58:46,2025-01-27 08:10:49,,
2025-01-22 13:23:00,2025-01-27 13:23:23,2025-01-22 13:29:23,2025-01-22 13:25:45
2025-01-22 14:18:05,2025-01-27 14:18:36,2025-01-22 14:20:48,2025-01-22 14:18:39
2025-01-22 14:45:42,2025-01-27 14:45:46,,
2025-01-22 14:49:38,2025-01-27 14:50:04,,
2025-01-22 14:52:50,2025-01-27 14:52:54,,
2025-01-22 15:16:38,2025-01-27 15:17:19,,
2025-01-22 15:23:52,2025-01-27 15:24:59,2025-01-22 15:24:08,2025-01-22 15:26:20
2025-01-22 15:24:08,2025-01-27 15:24:59,,
2025-01-22 15:53:40,2025-01-27 15:54:16,,
2025-01-23 10:31:46,2025-01-28 10:32:11,,
2025-01-23 10:34:20,2025-01-28 10:35:47,,
2025-01-23 10:47:35,2025-01-28 10:49:05,,
2025-01-23 13:05:06,2025-01-28 13:07:09,2025-01-23 13:08:20,2025-01-23 13:12:38
2025-01-23 15:12:44,2025-01-28 15:12:49,2025-01-23 15:15:07,2025-01-23 15:20:12
2025-01-23 15:15:07,2025-01-28 15:17:36,,
2025-01-23 15:42:33,2025-01-28 15:42:48,,
2025-01-23 15:53:57,2025-01-28 15:54:10,2025-01-23 15:54:55,2025-01-23 15:54:10
2025-01-23 15:54:10,2025-01-28 15:54:10,,
2025-01-23 15:58:00,2025-01-28 15:58:27,,
2025-01-23 15:59:46,2025-01-28 15:59:53,2025-01-23 15:59:54,2025-01-23 15:59:59
2025-01-24 10:52:01,2025-01-29 10:52:35,,
2025-01-24 11:35:08,2025-01-29 11:37:23,2025-01-24 11:38:26,2025-01-24 11:35:32
2025-01-24 11:35:32,2025-01-29 11:37:23,,
2025-01-24 14:44:00,2025-01-29 14:44:17,2025-01-24 14:47:29,2025-01-24 14:46:16
2025-01-24 14:46:16,2025-01-29 14:47:27,,
2025-01-24 15:17:10,2025-01-29 15:17:17,,
2025-01-24 15:49:06,2025-01-29 15:49:42,,
2025-01-27 11:11:44,2025-02-03 09:30:00,,
2025-01-27 11:14:12,2025-02-03 09:30:00,2025-01-27 11:14:48,2025-01-27 11:14:15
2025-01-27 11:20:03,2025-02-03 09:30:00,,
2025-01-27 12:27:14,2025-02-03 09:30:00,2025-01-27 12:31:28,2025-01-27 12:28:08
2025-01-27 12:28:08,2025-02-03 09:30:00,,
2025-01-27 13:30:05,2025-02-03 09:30:00,,
2025-01-27 13:32:31,2025-02-03 09:30:00,2025-01-27 13:32:44,2025-01-27 13:33:31
2025-01-27 13:33:43,2025-02-03 09:30:00,2025-01-27 13:34:50,2025-01-27 13:34:02
2025-01-27 13:34:02,2025-02-03 09:30:00,,
2025-01-27 13:40:44,2025-02-03 09:30:00,,
2025-01-27 13:49:29,2025-02-03 09:30:00,2025-01-27 13:51:32,2025-01-27 13:51:08
2025-01-27 13:58:25,2025-02-03 09:30:00,2025-01-27 14:01:41,2025-01-27 14:00:01
2025-01-27 14:00:01,2025-02-03 09:30:00,,
2025-01-27 15:58:16,2025-02-03 09:30:00,2025-01-27 15:58:59,2025-01-27 15:58:33
2025-01-27 15:59:29,2025-02-03 09:30:00,2025-01-27 15:59:46,2025-01-27 15:59:53
2025-01-28 09:30:00,2025-02-03 09:30:00,2025-01-28 09:31:18,2025-01-28 09:34:23
2025-01-28 10:37:57,2025-02-03 09:30:00,2025-01-28 10:42:08,2025-01-28 10:38:45
2025-01-28 10:38:45,2025-02-03 09:30:00,,
2025-01-28 11:30:52,2025-02-03 09:30:00,2025-01-28 11:32:47,2025-01-28 11:31:09
2025-01-28 11:34:34,2025-02-03 09:30:00,,
2025-01-28 12:05:41,2025-02-03 09:30:00,2025-01-28 12:07:07,2025-01-28 12:09:05
2025-01-28 12:07:07,2025-02-03 09:30:00,,
2025-01-28 12:07:29,2025-02-03 09:30:00,2025-01-28 12:07:57,2025-01-28 12:09:05
2025-01-28 12:07:57,2025-02-03 09:30:00,,
2025-01-28 12:26:28,2025-02-03 09:30:00,,
2025-01-28 12:28:00,2025-02-03 09:30:00,,
2025-01-28 14:44:12,2025-02-03 09:30:00,2025-01-28 14:45:18,2025-01-28 14:44:18
2025-01-28 14:44:18,2025-02-03 09:30:00,,
2025-01-28 15:53:24,2025-02-03 09:30:00,2025-01-28 15:54:14,2025-01-28 15:54:10
2025-01-28 15:54:10,2025-02-03 09:30:00,,
2025-01-29 10:21:28,2025-02-03 10:21:49,2025-01-29 10:27:03,2025-01-29 10:23:28
2025-01-29 10:23:28,2025-02-03 10:24:37,,
2025-01-29 15:22:51,2025-02-03 15:23:43,2025-01-29 15:24:47,2025-01-29 15:23:55
2025-01-29 15:23:55,2025-02-03 15:25:24,,
2025-01-30 10:23:32,2025-02-04 10:23:47,2025-01-30 10:26:09,2025-01-30 10:29:30
2025-01-30 10:47:32,2025-02-04 10:48:03,2025-01-30 10:49:56,2025-01-30 10:52:11
2025-01-30 11:22:22,2025-02-04 11:23:38,2025-01-30 11:22:55,2025-01-30 11:24:11
2025-01-30 11:22:55,2025-02-04 11:23:38,,
2025-01-30 11:27:34,2025-02-04 11:27:37,,
2025-01-30 11:31:11,2025-02-04 11:31:57,2025-01-30 11:31:44,2025-01-30 11:37:28
2025-01-30 11:42:59,2025-02-04 11:43:22,2025-01-30 11:43:25,2025-01-30 11:43:42
2025-01-30 11:47:47,2025-02-04 11:52:10,,
2025-01-30 11:55:35,2025-02-04 11:55:36,,
2025-01-30 11:58:45,2025-02-04 11:59:50,2025-01-30 11:59:15,2025-01-30 12:00:48
2025-01-30 12:04:39,2025-02-04 12:07:00,,
2025-01-30 12:26:05,2025-02-04 12:27:51,,
2025-01-30 12:57:25,2025-02-04 12:57:43,2025-01-30 12:58:32,2025-01-30 12:59:38
2025-01-30 12:58:32,2025-02-04 12:59:08,,
2025-01-30 14:41:53,2025-02-04 14:42:35,,
2025-01-30 14:51:20,2025-02-04 14:52:30,2025-01-30 14:52:19,2025-01-30 14:51:46
2025-01-30 14:51:46,2025-02-04 14:52:30,,
2025-01-30 15:26:38,2025-02-04 15:27:30,2025-01-30 15:27:13,2025-01-30 15:27:24
2025-01-31 10:10:00,2025-02-05 10:10:03,2025-01-31 10:12:03,2025-01-31 10:10:39
2025-01-31 10:10:39,2025-02-05 10:11:01,,
2025-01-31 10:20:34,2025-02-05 10:20:51,2025-01-31 10:23:38,2025-01-31 10:21:24
2025-01-31 10:21:24,2025-02-05 10:24:48,,
2025-01-31 10:28:57,2025-02-05 10:30:25,2025-01-31 10:31:00,2025-01-31 10:29:56
2025-01-31 10:35:18,2025-02-05 10:38:45,2025-01-31 10:35:58,2025-01-31 10:36:29
2025-01-31 10:35:58,2025-02-05 10:38:45,,
2025-01-31 11:40:29,2025-02-05 11:44:56,,
2025-02-03 12:36:31,2025-02-10 09:30:00,,
2025-02-04 10:14:44,2025-02-10 09:30:00,2025-02-04 10:15:03,2025-02-04 10:15:23
2025-02-04 10:15:03,2025-02-10 09:30:00,,
2025-02-04 10:41:59,2025-02-10 09:30:00,,
2025-02-04 15:41:46,2025-02-10 09:30:00,,
2025-02-04 15:59:32,2025-02-10 09:30:00,2025-02-04 15:59:45,2025-02-04 15:59:47
2025-02-04 15:59:45,2025-02-10 09:30:00,,
2025-02-05 11:47:47,2025-02-10 11:48:37,2025-02-05 11:48:38,2025-02-05 11:51:07
2025-02-05 12:22:23,2025-02-10 12:26:22,,
2025-02-05 13:30:14,2025-02-10 13:33:14,2025-02-05 13:37:54,2025-02-05 13:39:04
2025-02-05 14:32:08,2025-02-10 14:33:12,2025-02-05 14:33:07,2025-02-05 14:35:41
2025-02-05 14:45:43,2025-02-10 14:45:56,2025-02-05 14:46:35,2025-02-05 14:48:31
2025-02-05 14:52:33,2025-02-10 14:52:55,2025-02-05 14:56:08,2025-02-05 14:53:17
2025-02-06 10:05:10,2025-02-11 10:08:54,2025-02-06 10:06:37,2025-02-06 10:08:31
2025-02-06 14:19:59,2025-02-11 14:20:33,2025-02-06 14:24:01,2025-02-06 14:21:11
2025-02-06 14:47:42,2025-02-11 14:48:51,2025-02-06 14:48:37,2025-02-06 14:47:46
2025-02-06 15:06:25,2025-02-11 15:07:00,2025-02-06 15:07:31,2025-02-06 15:11:02
2025-02-06 15:07:31,2025-02-11 15:07:42,,
2025-02-06 15:49:31,2025-02-11 15:50:58,2025-02-06 15:50:14,2025-02-06 15:50:00
2025-02-06 15:50:00,2025-02-11 15:50:58,,
2025-02-07 10:39:32,2025-02-12 10:40:52,2025-02-07 10:43:07,2025-02-07 10:41:43
2025-02-07 11:19:37,2025-02-12 11:20:34,2025-02-07 11:19:38,2025-02-07 11:20:12
2025-02-07 11:19:38,2025-02-12 11:20:34,,
2025-02-07 12:16:00,2025-02-12 12:17:12,2025-02-07 12:16:15,2025-02-07 12:16:14
2025-02-07 13:10:26,2025-02-12 13:10:45,2025-02-07 13:13:27,2025-02-07 13:11:55
2025-02-07 13:11:55,2025-02-12 13:13:50,,
2025-02-07 13:30:37,2025-02-12 13:30:42,2025-02-07 13:32:04,2025-02-07 13:33:11
2025-02-07 13:35:31,2025-02-12 13:36:47,2025-02-07 13:40:28,2025-02-07 13:38:50
2025-02-07 13:38:50,2025-02-12 13:39:14,,
2025-02-07 14:40:24,2025-02-12 14:40:34,2025-02-07 14:40:31,2025-02-07 14:44:04
2025-02-07 14:40:31,2025-02-12 14:40:34,,
2025-02-07 15:20:53,2025-02-12 15:21:03,2025-02-07 15:25:34,2025-02-07 15:21:34
2025-02-07 15:37:36,2025-02-12 15:39:38,2025-02-07 15:41:49,2025-02-07 15:38:18
2025-02-10 14:04:55,2025-02-18 09:30:00,2025-02-10 14:19:02,2025-02-10 14:08:36
2025-02-10 14:08:36,2025-02-18 09:30:00,,
2025-02-10 14:31:10,2025-02-18 09:30:00,2025-02-10 14:31:28,2025-02-10 14:33:12
2025-02-10 14:31:28,2025-02-18 09:30:00,,
2025-02-10 14:50:01,2025-02-18 09:30:00,,
2025-02-10 15:00:36,2025-02-18 09:30:00,2025-02-10 15:00:52,2025-02-10 15:01:52
2025-02-10 15:00:52,2025-02-18 09:30:00,,
2025-02-10 15:16:29,2025-02-18 09:30:00,2025-02-10 15:17:43,2025-02-10 15:18:43
2025-02-10 15:17:43,2025-02-18 09:30:00,,
2025-02-10 15:41:48,2025-02-18 09:30:00,2025-02-10 15:42:01,2025-02-10 15:43:17
2025-02-10 15:42:01,2025-02-18 09:30:00,,
2025-02-11 15:45:28,2025-02-18 09:30:00,,
2025-02-12 12:04:51,2025-02-18 09:30:00,,
2025-02-12 12:37:22,2025-02-18 09:30:00,,
2025-02-12 12:37:53,2025-02-18 09:30:00,2025-02-12 12:40:41,2025-02-12 12:41:56
2025-02-12 12:52:28,2025-02-18 09:30:00,2025-02-12 12:52:44,2025-02-12 12:56:42
2025-02-12 12:57:41,2025-02-18 09:30:00,2025-02-12 13:02:01,2025-02-12 12:58:51
2025-02-12 12:58:51,2025-02-18 09:30:00,,
2025-02-12 14:18:51,2025-02-18 09:30:00,2025-02-12 14:22:15,2025-02-12 14:21:34
2025-02-12 14:31:58,2025-02-18 09:30:00,2025-02-12 14:32:58,2025-02-12 14:37:38
2025-02-12 14:32:58,2025-02-18 09:30:00,,
2025-02-12 14:58:53,2025-02-18 09:30:00,2025-02-12 15:00:02,2025-02-12 15:00:09
2025-02-12 15:12:56,2025-02-18 09:30:00,,
2025-02-12 15:23:31,2025-02-18 09:30:00,,
2025-02-12 15:31:56,2025-02-18 09:30:00,2025-02-12 15:33:13,2025-02-12 15:37:17
2025-02-12 15:33:13,2025-02-18 09:30:00,,
2025-02-13 13:16:49,2025-02-18 13:20:39,2025-02-13 13:19:04,2025-02-13 13:19:03
2025-02-13 13:58:03,2025-02-18 13:59:18,2025-02-13 13:58:05,2025-02-13 13:59:44
2025-02-13 13:58:05,2025-02-18 13:59:18,,
2025-02-13 15:06:56,2025-02-18 15:07:31,2025-02-13 15:08:12,2025-02-13 15:09:57
2025-02-13 15:08:12,2025-02-18 15:09:21,,
2025-02-13 15:58:24,2025-02-18 15:58:38,2025-02-13 15:58:54,2025-02-13 15:58:37
2025-02-14 09:30:00,2025-02-19 09:30:00,,
2025-02-14 10:47:21,2025-02-19 10:48:02,2025-02-14 10:48:51,2025-02-14 10:47:53
2025-02-14 10:52:27,2025-02-19 10:53:39,2025-02-14 10:55:06,2025-02-14 10:53:19
2025-02-14 11:04:10,2025-02-19 11:06:04,2025-02-14 11:04:35,2025-02-14 11:05:04
2025-02-14 11:22:05,2025-02-19 11:22:42,2025-02-14 11:22:13,2025-02-14 11:23:25
2025-02-14 11:22:13,2025-02-19 11:22:42,,
2025-02-14 11:22:57,2025-02-19 11:23:35,2025-02-14 11:23:13,2025-02-14 11:23:25
2025-02-14 11:23:13,2025-02-19 11:23:35,,
2025-02-14 11:25:09,2025-02-19 11:26:08,2025-02-14 11:26:05,2025-02-14 11:25:28
2025-02-14 11:53:55,2025-02-19 11:56:32,2025-02-14 11:56:41,2025-02-14 11:54:56
2025-02-14 11:54:56,2025-02-19 11:56:32,,
2025-02-14 12:01:56,2025-02-19 12:03:06,,
2025-02-14 12:13:08,2025-02-19 12:14:59,2025-02-14 12:13:34,2025-02-14 12:13:14
2025-02-14 12:17:44,2025-02-19 12:18:33,2025-02-14 12:18:47,2025-02-14 12:18:26
2025-02-14 12:28:28,2025-02-19 12:30:54,,
2025-02-14 12:46:32,2025-02-19 12:49:30,2025-02-14 12:47:31,2025-02-14 12:46:58
2025-02-14 12:47:34,2025-02-19 12:49:30,2025-02-14 12:48:17,2025-02-14 12:47:36
2025-02-14 12:48:17,2025-02-19 12:49:30,,
2025-02-14 12:49:53,2025-02-19 12:51:52,2025-02-14 12:53:28,2025-02-14 12:50:03
2025-02-14 12:50:03,2025-02-19 12:51:52,,
2025-02-14 12:52:52,2025-02-19 12:53:18,2025-02-14 12:53:28,2025-02-14 12:53:18
2025-02-14 12:53:18,2025-02-19 12:53:18,,
2025-02-14 12:54:57,2025-02-19 12:57:29,2025-02-14 12:56:27,2025-02-14 12:55:10
2025-02-14 12:55:10,2025-02-19 12:57:29,,
2025-02-14 13:08:00,2025-02-19 13:12:02,2025-02-14 13:08:42,2025-02-14 13:09:10
2025-02-14 13:09:22,2025-02-19 13:12:02,2025-02-14 13:09:26,2025-02-14 13:09:56
2025-02-14 13:37:56,2025-02-19 13:38:50,2025-02-14 13:38:33,2025-02-14 13:39:27
2025-02-14 13:41:03,2025-02-19 13:47:10,,
2025-02-14 13:44:38,2025-02-19 13:47:10,,
2025-02-14 13:45:20,2025-02-19 13:47:10,2025-02-14 13:45:52,2025-02-14 13:45:48
2025-02-14 13:45:48,2025-02-19 13:47:10,,
2025-02-14 13:45:56,2025-02-19 13:47:10,2025-02-14 13:46:00,2025-02-14 13:46:16
2025-02-14 13:49:16,2025-02-19 13:51:29,,
2025-02-14 14:02:55,2025-02-19 14:04:28,2025-02-14 14:03:40,2025-02-14 14:03:47
2025-02-14 14:03:40,2025-02-19 14:04:28,,
2025-02-14 14:04:22,2025-02-19 14:04:28,,
2025-02-14 14:12:46,2025-02-19 14:14:10,2025-02-14 14:15:23,2025-02-14 14:13:08
2025-02-14 14:16:04,2025-02-19 14:17:14,2025-02-14 14:17:17,2025-02-14 14:16:18
2025-02-14 14:20:57,2025-02-19 14:21:25,2025-02-14 14:24:33,2025-02-14 14:22:10
2025-02-14 14:59:18,2025-02-19 15:00:27,2025-02-14 14:59:36,2025-02-14 14:59:51
2025-02-14 14:59:36,2025-02-19 15:00:27,,
2025-02-14 15:07:08,2025-02-19 15:07:18,2025-02-14 15:07:27,2025-02-14 15:07:54
2025-02-14 15:07:27,2025-02-19 15:08:57,,
2025-02-14 15:18:24,2025-02-19 15:19:24,2025-02-14 15:19:43,2025-02-14 15:19:32
2025-02-14 15:19:32,2025-02-19 15:20:11,,
2025-02-14 15:20:39,2025-02-19 15:20:47,,
2025-02-14 15:23:58,2025-02-19 15:25:11,,
2025-02-14 15:29:56,2025-02-19 15:30:44,2025-02-14 15:29:58,2025-02-14 15:30:50
2025-02-14 15:29:58,2025-02-19 15:30:44,,
2025-02-14 15:34:23,2025-02-19 15:34:56,,
2025-02-14 15:35:52,2025-02-19 15:36:08,2025-02-14 15:35:59,2025-02-14 15:37:18
2025-02-14 15:35:59,2025-02-19 15:36:08,,
2025-02-14 15:37:00,2025-02-19 15:37:58,2025-02-14 15:37:33,2025-02-14 15:37:18
2025-02-14 15:51:51,2025-02-19 15:52:33,2025-02-14 15:53:05,2025-02-14 15:52:02
2025-02-14 15:52:02,2025-02-19 15:52:33,,
2025-02-14 15:59:32,2025-02-19 15:59:49,,
2025-02-14 15:59:51,2025-02-19 16:00:00,,
2025-02-18 10:36:12,2025-02-24 09:30:00,2025-02-18 10:39:08,2025-02-18 10:37:57
2025-02-18 10:37:57,2025-02-24 09:30:00,,
2025-02-18 11:54:45,2025-02-24 09:30:00,2025-02-18 11:54:51,2025-02-18 11:55:02
2025-02-18 12:59:42,2025-02-24 09:30:00,2025-02-18 12:59:56,2025-02-18 13:05:41
2025-02-18 13:05:41,2025-02-24 09:30:00,,
2025-02-18 14:23:22,2025-02-24 09:30:00,2025-02-18 14:24:22,2025-02-18 14:24:43
2025-02-18 14:24:22,2025-02-24 09:30:00,,
2025-02-18 14:35:51,2025-02-24 09:30:00,2025-02-18 14:36:37,2025-02-18 14:39:02
2025-02-18 14:36:37,2025-02-24 09:30:00,,
2025-02-18 15:09:21,2025-02-24 09:30:00,2025-02-18 15:09:49,2025-02-18 15:10:34
2025-02-18 15:42:13,2025-02-24 09:30:00,2025-02-18 15:44:16,2025-02-18 15:44:17
2025-02-18 15:58:57,2025-02-24 09:30:00,2025-02-18 15:59:14,2025-02-18 15:59:26
2025-02-19 11:58:06,2025-02-24 12:01:27,,
2025-02-19 14:30:55,2025-02-24 14:32:02,2025-02-19 14:33:56,2025-02-19 14:32:49
2025-02-19 14:32:49,2025-02-24 14:33:33,,
2025-02-19 15:41:08,2025-02-24 15:43:57,2025-02-19 15:42:03,2025-02-19 15:41:23
2025-02-19 15:48:16,2025-02-24 15:48:42,2025-02-19 15:49:27,2025-02-19 15:49:34
2025-02-19 15:49:27,2025-02-24 15:49:27,,
2025-02-19 15:56:56,2025-02-24 15:57:03,,
2025-02-20 14:41:46,2025-02-25 14:43:18,2025-02-20 14:51:15,2025-02-20 14:45:05
2025-02-20 14:45:05,2025-02-25 14:45:54,,
2025-02-20 14:46:51,2025-02-25 14:47:00,2025-02-20 14:51:15,2025-02-20 14:47:43
2025-02-20 14:47:43,2025-02-25 14:50:12,,
2025-02-20 14:56:57,2025-02-25 15:00:00,2025-02-20 14:58:31,2025-02-20 14:57:36
2025-02-20 14:57:36,2025-02-25 15:00:00,,
2025-02-20 15:50:00,2025-02-25 15:52:28,2025-02-20 15:53:57,2025-02-20 15:51:18
2025-02-20 15:51:18,2025-02-25 15:52:28,,
2025-02-20 16:00:00,2025-02-25 16:00:00,,
2025-02-21 11:15:30,2025-02-26 11:18:15,,
2025-02-21 12:43:06,2025-02-26 12:43:11,,
2025-02-21 14:40:40,2025-02-26 14:40:51,2025-02-21 14:41:39,2025-02-21 14:43:27
2025-02-21 15:01:17,2025-02-26 15:01:24,2025-02-21 15:02:00,2025-02-21 15:02:45
2025-02-21 15:11:56,2025-02-26 15:13:25,2025-02-21 15:12:13,2025-02-21 15:12:45
2025-02-21 15:29:17,2025-02-26 15:31:58,2025-02-21 15:29:30,2025-02-21 15:30:48
2025-02-21 15:37:42,2025-02-26 15:37:45,2025-02-21 15:38:07,2025-02-21 15:40:10
2025-02-24 10:15:53,2025-03-03 09:30:00,2025-02-24 10:19:14,2025-02-24 10:20:54
2025-02-24 10:59:21,2025-03-03 09:30:00,,
2025-02-24 14:34:58,2025-03-03 09:30:00,2025-02-24 14:38:20,2025-02-24 14:36:44
2025-02-25 10:36:10,2025-03-03 09:30:00,2025-02-25 10:37:03,2025-02-25 10:37:31
2025-02-25 10:37:03,2025-03-03 09:30:00,,
2025-02-25 14:21:13,2025-03-03 09:30:00,2025-02-25 14:26:32,2025-02-25 14:23:02
2025-02-26 12:04:45,2025-03-03 12:05:44,,
2025-02-26 13:37:52,2025-03-03 13:40:15,,
2025-02-26 15:59:53,2025-03-03 15:59:53,2025-02-27 09:30:00,2025-02-26 15:59:58
2025-02-26 15:59:58,2025-03-03 16:00:00,,
2025-02-27 10:17:52,2025-03-04 10:19:38,,
2025-02-27 10:18:07,2025-03-04 10:19:38,2025-02-27 10:18:14,2025-02-27 10:18:08
2025-02-27 10:18:08,2025-03-04 10:19:38,,
2025-02-27 10:54:46,2025-03-04 10:55:29,2025-02-27 10:54:57,2025-02-27 10:54:56
2025-02-27 11:32:08,2025-03-04 11:32:35,,
2025-02-27 12:12:37,2025-03-04 12:13:27,,
2025-02-27 12:34:59,2025-03-04 12:35:05,2025-02-27 12:35:48,2025-02-27 12:35:02
2025-02-27 12:35:02,2025-03-04 12:35:05,,
2025-02-27 12:39:04,2025-03-04 12:39:04,,
2025-02-27 12:54:43,2025-03-04 12:55:11,,
2025-02-27 12:55:01,2025-03-04 12:55:11,2025-02-27 12:55:05,2025-02-27 12:55:21
2025-02-27 13:18:14,2025-03-04 13:18:19,,
2025-02-27 13:19:03,2025-03-04 13:20:01,,
2025-02-27 13:23:29,2025-03-04 13:25:21,2025-02-27 13:23:34,2025-02-27 13:23:30
2025-02-27 13:24:12,2025-03-04 13:25:21,2025-02-27 13:24:13,2025-02-27 13:24:20
2025-02-27 13:26:03,2025-03-04 13:26:57,,
2025-02-27 13:26:24,2025-03-04 13:26:57,2025-02-27 13:26:38,2025-02-27 13:26:44
2025-02-27 13:26:38,2025-03-04 13:26:57,,
2025-02-27 13:27:53,2025-03-04 13:28:17,2025-02-27 13:28:55,2025-02-27 13:28:03
2025-02-27 13:28:03,2025-03-04 13:28:17,,
2025-02-27 13:33:46,2025-03-04 13:34:23,2025-02-27 13:33:58,2025-02-27 13:33:51
2025-02-27 13:35:06,2025-03-04 13:37:38,2025-02-27 13:35:24,2025-02-27 13:35:30
2025-02-27 13:35:24,2025-03-04 13:37:38,,
2025-02-27 13:38:36,2025-03-04 13:39:30,,
2025-02-27 13:42:32,2025-03-04 13:44:58,2025-02-27 13:42:48,2025-02-27 13:43:08
2025-02-27 13:42:48,2025-03-04 13:44:58,,
2025-02-27 13:54:00,2025-03-04 13:54:36,2025-02-27 13:55:04,2025-02-27 13:54:16
2025-02-27 13:54:16,2025-03-04 13:54:36,,
2025-02-27 13:54:38,2025-03-04 13:55:00,2025-02-27 13:55:04,2025-02-27 13:54:47
2025-02-27 13:54:47,2025-03-04 13:55:00,,
2025-02-27 14:21:20,2025-03-04 14:22:28,2025-02-27 14:21:23,2025-02-27 14:21:22
2025-02-27 14:30:08,2025-03-04 14:30:44,2025-02-27 14:30:39,2025-02-27 14:30:25
2025-02-27 14:30:39,2025-03-04 14:30:44,,
2025-02-27 14:31:33,2025-03-04 14:31:43,,
2025-02-27 14:34:20,2025-03-04 14:34:36,,
2025-02-27 15:50:11,2025-03-04 15:50:15,2025-02-27 15:50:17,2025-02-27 15:50:25
2025-02-27 15:50:17,2025-03-04 15:50:25,,
2025-02-27 15:54:40,2025-03-04 15:54:46,2025-02-27 15:54:41,2025-02-27 15:54:44
2025-02-28 10:41:01,2025-03-05 10:41:08,2025-02-28 10:44:26,2025-02-28 10:41:11
2025-02-28 11:38:26,2025-03-05 11:38:39,2025-02-28 11:39:27,2025-02-28 11:41:00
2025-02-28 11:39:27,2025-03-05 11:40:36,,
2025-02-28 11:49:27,2025-03-05 11:50:49,2025-02-28 11:50:59,2025-02-28 11:50:06
2025-02-28 11:50:06,2025-03-05 11:50:49,,
2025-02-28 12:39:58,2025-03-05 12:40:47,2025-02-28 12:42:02,2025-02-28 12:40:41
2025-02-28 14:29:35,2025-03-05 14:31:09,,
2025-02-28 15:17:24,2025-03-05 15:17:42,2025-02-28 15:19:03,2025-02-28 15:18:08
2025-02-28 15:22:22,2025-03-05 15:22:22,,
2025-02-28 15:26:26,2025-03-05 15:28:15,2025-02-28 15:27:20,2025-02-28 15:26:39
2025-03-03 09:47:14,2025-03-10 09:30:00,2025-03-03 09:49:13,2025-03-03 09:48:25
2025-03-03 09:48:25,2025-03-10 09:30:00,,
2025-03-03 12:30:49,2025-03-10 09:30:00,,
2025-03-03 12:44:48,2025-03-10 09:30:00,,
2025-03-03 14:51:48,2025-03-10 09:30:00,2025-03-03 14:52:01,2025-03-03 14:51:56
2025-03-03 15:06:43,2025-03-10 09:30:00,2025-03-03 15:06:48,2025-03-03 15:07:51
2025-03-03 15:06:48,2025-03-10 09:30:00,,
2025-03-03 15:13:32,2025-03-10 09:30:00,,
2025-03-03 15:21:40,2025-03-10 09:30:00,,
2025-03-03 15:30:42,2025-03-10 09:30:00,,
2025-03-03 15:56:48,2025-03-10 09:30:00,2025-03-03 15:57:05,2025-03-03 15:57:48
2025-03-04 10:35:48,2025-03-10 09:30:00,2025-03-04 10:36:18,2025-03-04 10:37:50
2025-03-04 11:32:35,2025-03-10 09:30:00,2025-03-04 11:33:25,2025-03-04 11:34:07
2025-03-04 12:08:35,2025-03-10 09:30:00,2025-03-04 12:09:06,2025-03-04 12:09:19
2025-03-04 12:16:26,2025-03-10 09:30:00,2025-03-04 12:18:40,2025-03-04 12:17:25
2025-03-04 12:17:25,2025-03-10 09:30:00,,
2025-03-04 12:26:07,2025-03-10 09:30:00,,
2025-03-04 12:28:05,2025-03-10 09:30:00,2025-03-04 12:28:30,2025-03-04 12:29:05
2025-03-04 12:29:30,2025-03-10 09:30:00,,
2025-03-04 12:33:34,2025-03-10 09:30:00,,
2025-03-04 12:35:26,2025-03-10 09:30:00,2025-03-04 12:35:35,2025-03-04 12:36:03
2025-03-04 12:35:35,2025-03-10 09:30:00,,
2025-03-04 12:42:37,2025-03-10 09:30:00,2025-03-04 12:43:24,2025-03-04 12:42:54
2025-03-04 12:44:00,2025-03-10 09:30:00,2025-03-04 12:44:47,2025-03-04 12:45:04
2025-03-04 12:44:47,2025-03-10 09:30:00,,
2025-03-04 12:45:26,2025-03-10 09:30:00,2025-03-04 12:45:40,2025-03-04 12:47:01
2025-03-04 12:45:40,2025-03-10 09:30:00,,
2025-03-04 12:48:43,2025-03-10 09:30:00,2025-03-04 12:50:04,2025-03-04 12:49:00
2025-03-04 13:12:43,2025-03-10 09:30:00,2025-03-04 13:15:12,2025-03-04 13:13:24
2025-03-04 13:13:24,2025-03-10 09:30:00,,
2025-03-04 15:28:00,2025-03-10 09:30:00,2025-03-04 15:28:23,2025-03-04 15:28:03
2025-03-04 15:53:51,2025-03-10 09:30:00,2025-03-04 15:53:57,2025-03-04 15:55:08
2025-03-04 15:53:57,2025-03-10 09:30:00,,
2025-03-04 18:50:26,2025-03-10 09:30:00,2025-03-04 18:53:23,2025-03-05 09:34:28
2025-03-05 09:40:30,2025-03-10 09:40:50,2025-03-05 09:43:24,2025-03-05 09:40:55
2025-03-05 09:40:55,2025-03-10 09:43:56,,
2025-03-05 10:59:20,2025-03-10 11:00:19,,
2025-03-05 11:29:11,2025-03-10 11:30:37,2025-03-05 11:29:44,2025-03-05 11:32:12
2025-03-05 11:29:44,2025-03-10 11:30:37,,
2025-03-05 12:33:34,2025-03-10 12:35:04,2025-03-05 12:34:46,2025-03-05 12:35:02
2025-03-06 09:38:26,2025-03-11 09:39:19,2025-03-06 09:38:48,2025-03-06 09:40:37
2025-03-06 09:38:48,2025-03-11 09:39:19,,
2025-03-06 14:28:40,2025-03-11 14:30:34,,
2025-03-06 15:01:41,2025-03-11 15:02:56,2025-03-06 15:02:18,2025-03-06 15:02:03
2025-03-06 15:26:50,2025-03-11 15:27:12,2025-03-06 15:28:02,2025-03-06 15:28:50
2025-03-06 15:28:02,2025-03-11 15:28:44,,
2025-03-06 15:37:29,2025-03-11 15:38:58,,
2025-03-07 10:04:55,2025-03-12 10:07:55,,
2025-03-07 10:39:02,2025-03-12 10:40:33,2025-03-07 10:39:48,2025-03-07 10:41:41
2025-03-07 11:32:00,2025-03-12 11:32:37,,
2025-03-07 14:22:01,2025-03-12 14:22:13,2025-03-07 14:24:21,2025-03-07 14:22:31
2025-03-07 14:22:31,2025-03-12 14:23:41,,
2025-03-07 15:05:33,2025-03-12 15:06:42,2025-03-07 15:06:37,2025-03-07 15:06:51
2025-03-07 15:06:37,2025-03-12 15:06:42,,
2025-03-07 15:58:35,2025-03-12 15:59:00,2025-03-07 15:58:42,2025-03-07 15:58:38
2025-03-07 15:58:38,2025-03-12 15:59:00,,
2025-03-10 12:13:13,2025-03-17 09:30:00,2025-03-10 12:17:10,2025-03-10 12:17:09
2025-03-10 12:17:09,2025-03-17 09:30:00,,
2025-03-10 12:47:33,2025-03-17 09:30:00,2025-03-10 12:59:38,2025-03-10 12:48:38
2025-03-10 14:39:35,2025-03-17 09:30:00,2025-03-10 14:41:00,2025-03-10 14:40:00
2025-03-10 14:40:00,2025-03-17 09:30:00,,
2025-03-10 15:02:53,2025-03-17 09:30:00,2025-03-10 15:04:15,2025-03-10 15:03:57
2025-03-10 15:12:50,2025-03-17 09:30:00,2025-03-10 15:13:02,2025-03-10 15:13:52
2025-03-10 15:13:02,2025-03-17 09:30:00,,
2025-03-11 09:37:21,2025-03-17 09:30:00,2025-03-11 09:39:19,2025-03-11 09:41:59
2025-03-11 09:39:19,2025-03-17 09:30:00,,
2025-03-11 12:27:37,2025-03-17 09:30:00,,
2025-03-11 14:38:52,2025-03-17 09:30:00,2025-03-11 14:41:17,2025-03-11 14:38:53
2025-03-11 14:38:53,2025-03-17 09:30:00,,
2025-03-11 14:44:26,2025-03-17 09:30:00,2025-03-11 14:44:33,2025-03-11 14:44:29
2025-03-11 14:44:29,2025-03-17 09:30:00,,
2025-03-11 14:52:11,2025-03-17 09:30:00,2025-03-11 14:53:53,2025-03-11 14:52:49
2025-03-11 14:52:49,2025-03-17 09:30:00,,
2025-03-11 15:07:44,2025-03-17 09:30:00,,
2025-03-11 15:20:03,2025-03-17 09:30:00,,
2025-03-12 12:44:15,2025-03-17 12:46:04,,
2025-03-12 14:10:57,2025-03-17 14:11:04,2025-03-12 14:11:12,2025-03-12 14:10:58
2025-03-12 14:10:58,2025-03-17 14:11:04,,
2025-03-13 09:30:00,2025-03-18 09:30:00,2025-03-13 09:30:08,2025-03-13 09:34:17
2025-03-13 14:22:53,2025-03-18 14:23:40,2025-03-13 14:29:14,2025-03-13 14:24:25
2025-03-13 14:24:25,2025-03-18 14:24:26,,
2025-03-13 15:16:57,2025-03-18 15:17:02,,
2025-03-14 11:55:43,2025-03-19 11:56:34,2025-03-14 11:56:34,2025-03-14 11:59:57
2025-03-14 11:56:34,2025-03-19 11:56:34,,
2025-03-14 11:57:52,2025-03-19 11:58:04,2025-03-14 11:58:32,2025-03-14 11:59:57
2025-03-14 11:58:32,2025-03-19 12:00:56,,
2025-03-14 15:06:33,2025-03-19 15:07:10,2025-03-14 15:06:56,2025-03-14 15:06:42
2025-03-14 15:06:42,2025-03-19 15:07:10,,
2025-03-14 15:18:48,2025-03-19 15:18:50,2025-03-14 15:22:15,2025-03-14 15:20:20
2025-03-17 13:11:26,2025-03-24 09:30:00,2025-03-17 13:12:23,2025-03-17 13:17:44
2025-03-17 13:12:23,2025-03-24 09:30:00,,
2025-03-17 13:32:38,2025-03-24 09:30:00,,
2025-03-17 14:03:11,2025-03-24 09:30:00,2025-03-17 14:05:50,2025-03-17 14:07:00
2025-03-18 09:30:00,2025-03-24 09:30:00,2025-03-18 09:33:17,2025-03-18 09:31:45
2025-03-18 11:20:20,2025-03-24 09:30:00,,
2025-03-18 12:48:35,2025-03-24 09:30:00,,
2025-03-18 14:11:06,2025-03-24 09:30:00,2025-03-18 14:14:09,2025-03-18 14:12:32
2025-03-18 14:12:32,2025-03-24 09:30:00,,
2025-03-18 14:31:52,2025-03-24 09:30:00,2025-03-18 14:33:15,2025-03-18 14:38:55
2025-03-19 11:14:39,2025-03-24 11:15:53,,
2025-03-19 13:58:01,2025-03-24 13:58:24,2025-03-19 13:58:08,2025-03-19 13:59:38
2025-03-19 13:58:08,2025-03-24 13:58:24,,
2025-03-19 13:58:38,2025-03-24 14:00:01,2025-03-19 14:00:08,2025-03-19 13:59:38
2025-03-20 10:33:13,2025-03-25 10:33:35,,
2025-03-21 09:43:57,2025-03-26 09:44:54,2025-03-21 09:43:59,2025-03-21 09:44:20
2025-03-21 09:43:59,2025-03-26 09:44:54,,
2025-03-21 15:05:33,2025-03-26 15:06:45,2025-03-21 15:06:29,2025-03-21 15:08:38
2025-03-21 15:06:29,2025-03-26 15:06:45,,
2025-03-21 15:20:00,2025-03-26 15:20:22,2025-03-21 15:20:46,2025-03-21 15:22:08
2025-03-21 15:20:46,2025-03-26 15:21:37,,
2025-03-21 15:45:07,2025-03-26 15:45:34,2025-03-21 15:46:05,2025-03-21 15:45:26
2025-03-24 12:36:10,2025-03-31 09:30:00,2025-03-24 12:43:48,2025-03-24 12:39:21
2025-03-24 15:12:13,2025-03-31 09:30:00,2025-03-24 15:12:58,2025-03-24 15:14:42
2025-03-25 10:13:42,2025-03-31 09:30:00,2025-03-25 10:21:00,2025-03-25 10:14:35
2025-03-25 10:14:35,2025-03-31 09:30:00,,
2025-03-25 10:23:12,2025-03-31 09:30:00,2025-03-25 10:24:29,2025-03-25 10:25:08
2025-03-25 10:35:10,2025-03-31 09:30:00,2025-03-25 10:38:31,2025-03-25 10:35:56
2025-03-25 10:35:56,2025-03-31 09:30:00,,
2025-03-25 11:11:58,2025-03-31 09:30:00,2025-03-25 11:23:53,2025-03-25 11:18:29
2025-03-25 12:40:52,2025-03-31 09:30:00,2025-03-25 12:41:31,2025-03-25 12:41:28
2025-03-25 12:42:51,2025-03-31 09:30:00,2025-03-25 12:44:31,2025-03-25 12:48:36
2025-03-25 12:44:31,2025-03-31 09:30:00,,
2025-03-25 12:57:10,2025-03-31 09:30:00,,
2025-03-25 13:11:51,2025-03-31 09:30:00,,
2025-03-25 14:55:59,2025-03-31 09:30:00,,
2025-03-25 15:01:44,2025-03-31 09:30:00,,
2025-03-25 15:05:58,2025-03-31 09:30:00,2025-03-25 15:08:12,2025-03-25 15:06:03
2025-03-25 15:06:03,2025-03-31 09:30:00,,
2025-03-25 15:11:05,2025-03-31 09:30:00,2025-03-25 15:11:35,2025-03-25 15:11:40
2025-03-26 09:53:40,2025-03-31 09:54:32,2025-03-26 09:54:01,2025-03-26 09:54:19
2025-03-26 11:29:41,2025-03-31 11:29:53,2025-03-26 11:34:28,2025-03-26 11:30:48
2025-03-26 12:14:53,2025-03-31 12:16:10,2025-03-26 12:20:49,2025-03-26 12:16:14
2025-03-26 14:19:50,2025-03-31 14:20:18,2025-03-26 14:23:11,2025-03-26 14:19:51
2025-03-26 15:44:24,2025-03-31 15:44:30,2025-03-26 15:45:34,2025-03-26 15:49:07
2025-03-26 15:58:39,2025-03-31 15:58:39,2025-03-26 15:59:22,2025-03-26 15:58:43
2025-03-26 15:58:43,2025-03-31 15:58:57,,
2025-03-26 15:58:53,2025-03-31 15:58:57,2025-03-26 15:59:22,2025-03-26 15:59:47
2025-03-27 15:12:23,2025-04-01 15:13:36,2025-03-27 15:13:03,2025-03-27 15:13:38
2025-03-27 15:20:00,2025-04-01 15:20:22,2025-03-27 15:23:53,2025-03-27 15:22:23
2025-03-27 15:22:23,2025-04-01 15:22:30,,
2025-03-27 15:58:32,2025-04-01 15:59:00,2025-03-27 15:59:54,2025-03-27 15:59:14
2025-03-28 12:27:06,2025-04-02 12:28:50,,
2025-03-28 14:01:17,2025-04-02 14:01:36,,
2025-03-28 15:37:28,2025-04-02 15:37:55,,
2025-03-31 13:14:47,2025-04-07 08:00:05,2025-03-31 13:15:10,2025-03-31 13:16:15
2025-03-31 13:15:10,2025-04-07 08:00:05,,
2025-03-31 14:30:00,2025-04-07 08:00:05,,
2025-03-31 14:34:41,2025-04-07 08:00:05,,
2025-03-31 15:24:14,2025-04-07 08:00:05,2025-03-31 15:24:46,2025-03-31 15:24:35
2025-03-31 15:24:35,2025-04-07 08:00:05,,
2025-03-31 16:39:43,2025-04-07 08:00:05,2025-04-01 09:30:00,2025-04-01 09:31:06
2025-04-01 09:30:00,2025-04-07 08:00:05,,
2025-04-01 11:23:00,2025-04-07 08:00:05,,
2025-04-01 12:00:11,2025-04-07 08:00:05,,
2025-04-01 12:09:46,2025-04-07 08:00:05,,
2025-04-01 12:19:02,2025-04-07 08:00:05,2025-04-01 12:19:09,2025-04-01 12:20:43
2025-04-01 14:26:03,2025-04-07 08:00:05,2025-04-01 14:27:40,2025-04-01 14:27:04
2025-04-01 15:18:37,2025-04-07 08:00:05,2025-04-01 15:18:58,2025-04-01 15:19:21
2025-04-02 10:53:43,2025-04-07 10:54:31,2025-04-02 10:56:19,2025-04-02 10:56:12
2025-04-02 10:56:12,2025-04-07 10:56:39,,
2025-04-02 13:05:13,2025-04-07 13:05:37,,
2025-04-02 14:23:17,2025-04-07 14:23:22,,
2025-04-02 15:16:58,2025-04-07 15:17:26,,
2025-04-02 15:23:44,2025-04-07 15:24:09,2025-04-02 15:25:45,2025-04-02 15:24:18
2025-04-02 15:24:18,2025-04-07 15:24:20,,
2025-04-02 15:32:22,2025-04-07 15:32:34,2025-04-02 15:32:58,2025-04-02 15:32:50
2025-04-02 15:32:50,2025-04-07 15:33:21,,
2025-04-02 15:46:31,2025-04-07 15:46:31,,
2025-04-04 12:32:44,2025-04-09 12:32:47,2025-04-04 12:32:50,2025-04-04 12:32:56
2025-04-04 12:32:50,2025-04-09 12:33:58,,
2025-04-04 12:42:04,2025-04-09 12:42:21,,
2025-04-04 12:52:15,2025-04-09 12:52:19,2025-04-04 12:52:36,2025-04-04 12:52:44
2025-04-04 13:33:38,2025-04-09 13:34:33,,
2025-04-04 14:14:13,2025-04-09 14:14:20,2025-04-04 14:14:21,2025-04-04 14:14:31
2025-04-04 14:14:21,2025-04-09 14:14:51,,
2025-04-04 14:26:06,2025-04-09 14:26:08,2025-04-04 14:26:27,2025-04-04 14:26:07
2025-04-04 15:59:27,2025-04-09 15:59:27,,
2025-04-04 15:59:41,2025-04-09 15:59:47,2025-04-04 15:59:50,2025-04-04 15:59:59
2025-04-04 15:59:50,2025-04-09 15:59:50,,
2025-04-07 15:53:06,2025-04-14 09:30:00,,
2025-04-08 11:26:37,2025-04-14 09:30:00,2025-04-08 11:26:39,2025-04-08 11:27:32
2025-04-08 11:26:39,2025-04-14 09:30:00,,
2025-04-08 13:03:45,2025-04-14 09:30:00,2025-04-08 13:04:13,2025-04-08 13:03:50
2025-04-09 10:01:11,2025-04-14 10:01:12,2025-04-09 10:02:56,2025-04-09 10:01:55
2025-04-09 10:01:55,2025-04-14 10:02:18,,
2025-04-09 10:17:48,2025-04-14 10:18:25,2025-04-09 10:18:17,2025-04-09 10:18:04
2025-04-09 10:18:04,2025-04-14 10:18:25,,
2025-04-09 10:34:40,2025-04-14 10:34:46,,
2025-04-09 14:57:39,2025-04-14 14:57:55,,
2025-04-09 15:29:33,2025-04-14 15:29:43,,
2025-04-10 14:42:01,2025-04-15 14:42:26,,
2025-04-11 14:50:26,2025-04-16 14:52:36,2025-04-11 14:55:34,2025-04-11 14:51:44
2025-04-14 11:10:33,2025-04-21 09:30:00,2025-04-14 11:12:41,2025-04-14 11:11:18
2025-04-15 12:04:56,2025-04-21 09:30:00,2025-04-15 12:06:47,2025-04-15 12:12:12
2025-04-15 13:39:45,2025-04-21 09:30:00,2025-04-15 13:44:10,2025-04-15 13:50:59
2025-04-15 13:44:10,2025-04-21 09:30:00,,
2025-04-16 10:40:58,2025-04-21 10:41:46,2025-04-16 10:43:15,2025-04-16 10:47:23
2025-04-16 10:43:15,2025-04-21 10:44:06,,
2025-04-17 09:45:51,2025-04-22 09:46:10,2025-04-17 09:46:38,2025-04-17 09:49:25
2025-04-17 11:19:22,2025-04-22 11:21:30,2025-04-17 11:19:25,2025-04-17 11:20:34
2025-04-17 11:19:25,2025-04-22 11:21:30,,
2025-04-17 12:30:33,2025-04-22 12:30:49,2025-04-17 12:32:01,2025-04-17 12:33:31
2025-04-17 12:56:32,2025-04-22 12:58:02,2025-04-17 12:59:28,2025-04-17 12:57:31
2025-04-17 12:57:31,2025-04-22 12:58:02,,
2025-04-21 09:40:57,2025-04-28 09:30:00,,
2025-04-21 09:45:08,2025-04-28 09:30:00,2025-04-21 09:48:20,2025-04-21 09:48:51
2025-04-21 09:48:20,2025-04-28 09:30:00,,
2025-04-21 10:10:02,2025-04-28 09:30:00,,
2025-04-21 12:15:22,2025-04-28 09:30:00,2025-04-21 12:15:33,2025-04-21 12:17:10
2025-04-21 13:08:05,2025-04-28 09:30:00,,
2025-04-21 13:09:56,2025-04-28 09:30:00,2025-04-21 13:11:16,2025-04-21 13:11:07
2025-04-21 13:24:07,2025-04-28 09:30:00,,
2025-04-21 13:25:28,2025-04-28 09:30:00,2025-04-21 13:26:08,2025-04-21 13:27:16
2025-04-21 13:30:02,2025-04-28 09:30:00,2025-04-21 13:31:30,2025-04-21 13:30:48
2025-04-21 13:30:48,2025-04-28 09:30:00,,
2025-04-21 13:31:13,2025-04-28 09:30:00,2025-04-21 13:31:30,2025-04-21 13:31:31
2025-04-21 13:35:39,2025-04-28 09:30:00,2025-04-21 13:36:33,2025-04-21 13:36:10
2025-04-21 13:36:10,2025-04-28 09:30:00,,
2025-04-21 14:02:11,2025-04-28 09:30:00,,
2025-04-21 14:03:15,2025-04-28 09:30:00,2025-04-21 14:03:51,2025-04-21 14:04:44
2025-04-21 14:03:51,2025-04-28 09:30:00,,
2025-04-21 14:06:17,2025-04-28 09:30:00,,
2025-04-21 14:14:36,2025-04-28 09:30:00,2025-04-21 14:14:40,2025-04-21 14:15:56
2025-04-21 14:14:40,2025-04-28 09:30:00,,
2025-04-21 14:18:49,2025-04-28 09:30:00,2025-04-21 14:20:05,2025-04-21 14:18:50
2025-04-21 14:18:50,2025-04-28 09:30:00,,
2025-04-21 14:33:47,2025-04-28 09:30:00,2025-04-21 14:35:30,2025-04-21 14:33:57
2025-04-21 14:33:57,2025-04-28 09:30:00,,
2025-04-21 14:36:21,2025-04-28 09:30:00,2025-04-21 14:36:55,2025-04-21 14:38:23
2025-04-21 15:02:37,2025-04-28 09:30:00,2025-04-21 15:03:05,2025-04-21 15:03:04
2025-04-21 15:03:04,2025-04-28 09:30:00,,
2025-04-21 15:03:25,2025-04-28 09:30:00,,
2025-04-21 15:09:07,2025-04-28 09:30:00,2025-04-21 15:10:00,2025-04-21 15:10:31
2025-04-21 15:12:59,2025-04-28 09:30:00,2025-04-21 15:13:46,2025-04-21 15:13:00
2025-04-21 15:13:00,2025-04-28 09:30:00,,
2025-04-21 15:13:23,2025-04-28 09:30:00,2025-04-21 15:13:46,2025-04-21 15:14:30
2025-04-21 15:17:49,2025-04-28 09:30:00,2025-04-21 15:19:30,2025-04-21 15:18:04
2025-04-21 15:18:04,2025-04-28 09:30:00,,
2025-04-22 12:55:04,2025-04-28 09:30:00,2025-04-22 12:56:01,2025-04-22 12:59:01
2025-04-22 12:56:01,2025-04-28 09:30:00,,
2025-04-22 13:59:23,2025-04-28 09:30:00,,
2025-04-23 07:28:51,2025-04-28 09:30:00,2025-04-23 07:32:35,2025-04-23 07:30:44
2025-04-23 07:30:44,2025-04-28 09:30:00,,
2025-04-23 09:52:28,2025-04-28 09:53:52,,
2025-04-23 12:10:26,2025-04-28 12:11:59,,
2025-04-23 13:00:00,2025-04-28 13:00:18,,
2025-04-23 13:16:27,2025-04-28 13:17:41,2025-04-23 13:16:39,2025-04-23 13:17:28
2025-04-23 15:48:20,2025-04-28 15:49:55,2025-04-23 15:50:57,2025-04-23 15:50:00
2025-04-23 15:50:00,2025-04-28 15:50:00,,
2025-04-23 15:53:20,2025-04-28 15:54:31,2025-04-23 15:55:00,2025-04-23 15:54:29
2025-04-23 15:54:29,2025-04-28 15:54:31,,
2025-04-24 10:26:14,2025-04-29 10:26:32,,
2025-04-24 10:28:43,2025-04-29 10:29:03,2025-04-24 10:29:19,2025-04-24 10:29:06
2025-04-24 10:29:06,2025-04-29 10:29:46,,
2025-04-24 10:31:19,2025-04-29 10:33:44,,
2025-04-24 12:51:35,2025-04-29 12:53:51,2025-04-24 12:55:48,2025-04-24 12:57:20
2025-04-24 12:55:48,2025-04-29 12:57:59,,
2025-04-24 14:10:25,2025-04-29 14:11:23,,
2025-04-24 14:37:03,2025-04-29 14:37:43,2025-04-24 14:38:12,2025-04-24 14:37:42
2025-04-24 14:42:16,2025-04-29 14:44:35,,
2025-04-24 14:45:36,2025-04-29 14:46:01,,
2025-04-24 14:47:04,2025-04-29 14:47:26,2025-04-24 14:48:42,2025-04-24 14:48:07
2025-04-24 14:53:55,2025-04-29 14:54:21,,
2025-04-24 14:54:46,2025-04-29 14:55:30,2025-04-24 14:56:11,2025-04-24 14:55:22
2025-04-24 15:01:44,2025-04-29 15:02:36,,
2025-04-24 15:15:05,2025-04-29 15:15:30,2025-04-24 15:15:26,2025-04-24 15:16:00
2025-04-24 15:15:26,2025-04-29 15:15:30,,
2025-04-24 15:19:50,2025-04-29 15:20:44,,
2025-04-24 15:37:18,2025-04-29 15:38:57,2025-04-24 15:38:11,2025-04-24 15:37:42
2025-04-24 15:37:42,2025-04-29 15:38:57,,
2025-04-24 15:48:02,2025-04-29 15:48:45,,
2025-04-24 15:50:00,2025-04-29 15:50:19,2025-04-24 15:50:11,2025-04-24 15:50:02
2025-04-24 15:50:02,2025-04-29 15:50:19,,
2025-04-24 15:58:39,2025-04-29 15:58:42,2025-04-24 15:58:57,2025-04-24 15:58:55
2025-04-24 15:58:59,2025-04-29 15:58:59,2025-04-24 15:59:30,2025-04-24 15:59:00
2025-04-25 10:09:57,2025-04-30 10:11:15,2025-04-25 10:10:29,2025-04-25 10:10:16
2025-04-25 14:32:36,2025-04-30 14:35:17,,
2025-04-25 14:36:00,2025-04-30 14:38:11,2025-04-25 14:37:27,2025-04-25 14:36:16
2025-04-25 14:36:16,2025-04-30 14:38:11,,
2025-04-25 15:20:04,2025-04-30 15:20:04,2025-04-25 15:21:18,2025-04-25 15:20:42
2025-04-25 15:49:55,2025-04-30 15:49:58,,
2025-04-25 15:59:50,2025-04-30 15:59:50,,
2025-04-28 12:03:15,2025-05-05 09:30:00,2025-04-28 12:05:40,2025-04-28 12:04:11
2025-04-28 13:56:23,2025-05-05 09:30:00,2025-04-28 13:58:23,2025-04-28 14:03:32
2025-04-28 13:58:23,2025-05-05 09:30:00,,
2025-04-29 10:47:44,2025-05-05 09:30:00,,
2025-04-29 14:35:24,2025-05-05 09:30:00,,
2025-04-30 09:50:17,2025-05-05 09:50:35,2025-04-30 09:51:27,2025-04-30 09:52:36
2025-04-30 09:51:27,2025-05-05 09:51:51,2025-05-01 07:05:54,2025-05-05 09:30:00
2025-05-01 07:15:01,2025-05-06 09:30:00,2025-05-01 07:17:28,2025-05-01 07:17:29
2025-05-01 07:17:30,2025-05-06 09:30:00,2025-05-01 09:30:31,2025-05-01 07:21:20
2025-05-01 09:36:13,2025-05-06 09:37:12,2025-05-01 09:37:55,2025-05-01 09:40:21
2025-05-01 09:37:55,2025-05-06 09:39:17,,
2025-05-02 09:30:00,2025-05-07 09:30:00,2025-05-02 09:30:44,2025-05-02 09:30:45
2025-05-02 09:30:44,2025-05-07 09:31:43,,
2025-05-02 12:24:02,2025-05-07 12:27:08,,
2025-05-02 14:31:22,2025-05-07 14:31:26,2025-05-02 14:31:49,2025-05-02 14:32:52
2025-05-05 10:27:17,2025-05-12 09:30:00,2025-05-05 10:28:24,2025-05-05 10:28:23
2025-05-05 10:28:23,2025-05-12 09:30:00,,
2025-05-05 10:52:51,2025-05-12 09:30:00,2025-05-05 10:53:42,2025-05-05 10:55:05
2025-05-05 11:30:56,2025-05-12 09:30:00,,
2025-05-05 12:31:58,2025-05-12 09:30:00,2025-05-05 12:32:27,2025-05-05 12:33:39
2025-05-05 12:52:11,2025-05-12 09:30:00,,
2025-05-05 13:42:23,2025-05-12 09:30:00,,
2025-05-05 14:09:45,2025-05-12 09:30:00,,
2025-05-05 15:12:17,2025-05-12 09:30:00,,
2025-05-05 15:19:34,2025-05-12 09:30:00,2025-05-05 15:20:57,2025-05-05 15:19:48
2025-05-05 15:21:21,2025-05-12 09:30:00,,
2025-05-05 15:21:27,2025-05-12 09:30:00,2025-05-05 15:21:32,2025-05-05 15:21:41
2025-05-05 15:21:32,2025-05-12 09:30:00,,
2025-05-05 15:55:58,2025-05-12 09:30:00,2025-05-05 15:56:13,2025-05-05 15:56:35
2025-05-05 15:56:13,2025-05-12 09:30:00,,
2025-05-05 15:57:06,2025-05-12 09:30:00,2025-05-05 15:58:15,2025-05-05 15:57:17
2025-05-05 15:57:17,2025-05-12 09:30:00,,
2025-05-05 15:57:54,2025-05-12 09:30:00,2025-05-05 15:58:15,2025-05-05 15:58:13
2025-05-05 15:58:13,2025-05-12 09:30:00,,
2025-05-06 14:33:18,2025-05-12 09:30:00,2025-05-06 14:35:47,2025-05-06 14:33:52
2025-05-06 15:05:57,2025-05-12 09:30:00,,
2025-05-07 10:42:47,2025-05-12 10:43:41,2025-05-07 10:51:19,2025-05-07 10:45:27
2025-05-07 10:45:27,2025-05-12 10:45:29,,
2025-05-07 15:44:19,2025-05-12 15:45:09,2025-05-07 15:44:25,2025-05-07 15:44:59
2025-05-07 15:59:31,2025-05-12 15:59:34,2025-05-07 15:59:44,2025-05-07 15:59:56
2025-05-07 15:59:44,2025-05-12 15:59:46,,
2025-05-08 08:09:01,2025-05-13 09:30:00,2025-05-08 08:09:50,2025-05-08 08:09:02
2025-05-08 08:09:02,2025-05-13 09:30:00,,
2025-05-09 13:40:47,2025-05-14 13:42:22,2025-05-09 13:51:01,2025-05-09 13:43:29
2025-05-09 13:43:29,2025-05-14 13:45:14,,
2025-05-12 10:41:56,2025-05-19 08:00:03,2025-05-12 10:43:41,2025-05-12 10:43:44
2025-05-12 10:43:41,2025-05-19 08:00:03,,
2025-05-12 10:47:06,2025-05-19 08:00:03,2025-05-12 10:47:49,2025-05-12 10:49:08
2025-05-12 10:47:49,2025-05-19 08:00:03,,
2025-05-12 10:55:04,2025-05-19 08:00:03,2025-05-12 10:55:59,2025-05-12 10:56:47
2025-05-12 10:55:59,2025-05-19 08:00:03,,
2025-05-12 11:57:47,2025-05-19 08:00:03,,
2025-05-12 15:05:34,2025-05-19 08:00:03,2025-05-12 15:06:44,2025-05-12 15:05:36
2025-05-12 15:18:40,2025-05-19 08:00:03,2025-05-12 15:19:56,2025-05-12 15:20:19
2025-05-12 15:19:56,2025-05-19 08:00:03,,
2025-05-12 15:54:50,2025-05-19 08:00:03,2025-05-12 15:55:34,2025-05-12 15:56:06
2025-05-12 15:55:34,2025-05-19 08:00:03,,
2025-05-13 09:33:37,2025-05-19 08:00:03,,
2025-05-13 10:22:11,2025-05-19 08:00:03,,
2025-05-13 11:29:32,2025-05-19 08:00:03,2025-05-13 11:34:25,2025-05-13 11:33:21
2025-05-13 13:27:25,2025-05-19 08:00:03,2025-05-13 13:42:03,2025-05-13 13:30:38
2025-05-13 13:30:38,2025-05-19 08:00:03,,
2025-05-14 09:45:42,2025-05-19 09:47:11,,
2025-05-14 12:11:18,2025-05-19 12:13:19,2025-05-14 12:11:31,2025-05-14 12:11:44
2025-05-14 15:00:17,2025-05-19 15:00:47,,
2025-05-14 15:18:39,2025-05-19 15:18:54,2025-05-14 15:19:33,2025-05-14 15:22:52
2025-05-15 08:08:53,2025-05-20 09:29:59,2025-05-15 08:10:06,2025-05-15 08:10:37
2025-05-15 08:12:23,2025-05-20 09:29:59,2025-05-15 08:12:52,2025-05-15 08:22:56
2025-05-15 10:41:04,2025-05-20 10:42:21,2025-05-15 10:41:44,2025-05-15 10:41:09
2025-05-15 10:41:09,2025-05-20 10:42:21,,
2025-05-15 10:41:19,2025-05-20 10:42:21,2025-05-15 10:41:44,2025-05-15 10:42:42
2025-05-15 11:19:40,2025-05-20 11:19:45,2025-05-15 11:21:45,2025-05-15 11:25:15
2025-05-15 14:53:07,2025-05-20 14:54:19,2025-05-15 14:55:01,2025-05-15 14:55:24
2025-05-15 14:55:01,2025-05-20 14:55:50,,
2025-05-15 14:55:05,2025-05-20 14:55:50,2025-05-15 14:57:11,2025-05-15 14:55:24
2025-05-15 15:00:03,2025-05-20 15:00:06,,
2025-05-15 15:15:05,2025-05-20 15:15:17,2025-05-15 15:16:12,2025-05-15 15:16:02
2025-05-15 15:17:28,2025-05-20 15:18:08,2025-05-15 15:17:59,2025-05-15 15:18:14
2025-05-15 15:17:59,2025-05-20 15:18:08,,
2025-05-15 15:24:27,2025-05-20 15:24:29,2025-05-15 15:24:37,2025-05-15 15:24:59
2025-05-15 15:24:37,2025-05-20 15:25:14,,
2025-05-15 15:28:51,2025-05-20 15:29:18,2025-05-15 15:31:18,2025-05-15 15:29:17
2025-05-15 15:47:20,2025-05-20 15:47:48,2025-05-15 15:48:38,2025-05-15 15:47:51
2025-05-15 15:59:00,2025-05-20 15:59:00,2025-05-15 15:59:13,2025-05-15 15:59:37
2025-05-15 15:59:13,2025-05-20 15:59:15,,
2025-05-16 08:32:17,2025-05-21 09:30:00,2025-05-16 09:29:57,2025-05-16 08:32:19
2025-05-16 08:32:19,2025-05-21 09:30:00,,
2025-05-16 09:29:55,2025-05-21 09:30:00,2025-05-16 09:29:57,2025-05-16 09:29:58
2025-05-16 15:02:56,2025-05-21 15:04:23,,
2025-05-19 14:55:33,2025-05-27 09:29:59,,
2025-05-19 15:18:26,2025-05-27 09:29:59,2025-05-19 15:18:54,2025-05-19 15:20:30
2025-05-19 15:18:54,2025-05-27 09:29:59,,
2025-05-19 15:41:20,2025-05-27 09:29:59,2025-05-19 15:45:01,2025-05-19 15:42:26
2025-05-20 10:44:24,2025-05-27 09:29:59,2025-05-20 10:44:26,2025-05-20 10:45:13
2025-05-20 11:38:00,2025-05-27 09:29:59,,
2025-05-20 11:47:58,2025-05-27 09:29:59,2025-05-20 11:48:21,2025-05-20 11:47:59
2025-05-20 12:00:36,2025-05-27 09:29:59,2025-05-20 12:00:47,2025-05-20 12:00:50
2025-05-20 12:00:47,2025-05-27 09:29:59,,
2025-05-20 13:26:18,2025-05-27 09:29:59,2025-05-20 13:29:09,2025-05-20 13:26:33
2025-05-20 13:26:33,2025-05-27 09:29:59,,
2025-05-20 13:26:49,2025-05-27 09:29:59,2025-05-20 13:29:09,2025-05-20 13:28:10
2025-05-20 13:28:10,2025-05-27 09:29:59,,
2025-05-20 13:53:30,2025-05-27 09:29:59,,
2025-05-20 14:13:01,2025-05-27 09:29:59,,
2025-05-20 14:50:10,2025-05-27 09:29:59,,
2025-05-20 14:50:20,2025-05-27 09:29:59,2025-05-20 14:50:33,2025-05-20 14:51:06
2025-05-20 14:50:33,2025-05-27 09:29:59,,
2025-05-20 15:11:06,2025-05-27 09:29:59,2025-05-20 15:11:26,2025-05-20 15:12:20
2025-05-20 15:12:52,2025-05-27 09:29:59,2025-05-20 15:13:58,2025-05-20 15:13:06
2025-05-20 15:13:06,2025-05-27 09:29:59,,
2025-05-20 15:20:35,2025-05-27 09:29:59,2025-05-20 15:22:28,2025-05-20 15:21:28
2025-05-20 15:21:28,2025-05-27 09:29:59,,
2025-05-20 15:28:36,2025-05-27 09:29:59,2025-05-20 15:29:39,2025-05-20 15:29:18
2025-05-20 15:29:18,2025-05-27 09:29:59,,
2025-05-20 15:34:09,2025-05-27 09:29:59,,
2025-05-20 15:35:13,2025-05-27 09:29:59,2025-05-20 15:35:29,2025-05-20 15:35:15
2025-05-20 15:35:15,2025-05-27 09:29:59,,
2025-05-21 09:55:50,2025-05-27 09:29:59,2025-05-21 09:59:23,2025-05-21 10:01:33
2025-05-21 09:59:23,2025-05-27 09:29:59,,
2025-05-21 10:54:11,2025-05-27 09:29:59,2025-05-21 10:55:44,2025-05-21 10:59:03
2025-05-21 10:55:44,2025-05-27 09:29:59,,
2025-05-21 11:51:14,2025-05-27 09:29:59,,
2025-05-21 12:56:21,2025-05-27 09:29:59,2025-05-21 12:56:32,2025-05-21 13:02:02
2025-05-21 14:46:51,2025-05-27 09:29:59,,
2025-05-21 15:57:41,2025-05-27 09:29:59,2025-05-21 15:57:56,2025-05-21 15:58:00
2025-05-22 10:19:21,2025-05-27 10:21:27,2025-05-22 10:23:13,2025-05-22 10:20:44
2025-05-22 10:20:44,2025-05-27 10:21:27,,
2025-05-22 15:06:31,2025-05-27 15:07:42,2025-05-22 15:08:29,2025-05-22 15:06:41
2025-05-23 10:58:01,2025-05-28 10:59:06,,
2025-05-23 13:29:04,2025-05-28 13:29:58,2025-05-23 13:32:43,2025-05-23 13:29:12
2025-05-23 13:29:12,2025-05-28 13:29:58,,
2025-05-23 13:38:48,2025-05-28 13:41:14,2025-05-23 13:41:16,2025-05-23 13:40:54
2025-05-23 13:40:54,2025-05-28 13:41:14,,
2025-05-23 15:09:02,2025-05-28 15:09:56,2025-05-23 15:10:11,2025-05-23 15:11:21
2025-05-23 15:10:11,2025-05-28 15:12:22,,
2025-05-23 15:42:27,2025-05-28 15:43:26,2025-05-23 15:43:21,2025-05-23 15:46:25
2025-05-23 15:43:21,2025-05-28 15:43:26,,
2025-05-23 15:57:49,2025-05-28 15:58:31,2025-05-23 15:58:01,2025-05-23 15:58:03
2025-05-23 15:58:01,2025-05-28 15:58:31,,
2025-05-27 11:12:50,2025-06-02 09:30:00,2025-05-27 11:12:57,2025-05-27 11:12:58
2025-05-27 15:34:22,2025-06-02 09:30:00,2025-05-27 15:34:58,2025-05-27 15:34:34
2025-05-28 12:58:42,2025-06-02 13:03:08,,
2025-05-29 10:26:11,2025-06-03 10:28:15,2025-05-29 10:28:25,2025-05-29 10:26:43
2025-05-29 10:26:43,2025-06-03 10:28:15,,
2025-05-29 13:02:05,2025-06-03 13:03:02,2025-05-29 13:02:16,2025-05-29 13:05:47
2025-05-29 13:02:16,2025-06-03 13:03:02,,
2025-05-30 10:26:00,2025-06-04 10:26:26,,
2025-05-30 14:27:02,2025-06-04 14:27:08,2025-05-30 14:28:59,2025-05-30 14:28:05
2025-05-30 14:28:05,2025-06-04 14:30:24,,
2025-05-30 15:09:43,2025-06-04 15:11:27,2025-05-30 15:09:46,2025-05-30 15:11:16
2025-05-30 15:21:24,2025-06-04 15:21:30,2025-05-30 15:21:25,2025-05-30 15:21:27
2025-05-30 15:30:05,2025-06-04 15:31:01,,
2025-05-30 15:33:35,2025-06-04 15:35:12,,
2025-06-02 11:14:54,2025-06-09 09:30:00,2025-06-02 11:17:54,2025-06-02 11:15:33
2025-06-02 11:15:33,2025-06-09 09:30:00,,
2025-06-02 11:53:34,2025-06-09 09:30:00,,
2025-06-02 11:55:28,2025-06-09 09:30:00,2025-06-02 11:56:27,2025-06-02 11:55:35
2025-06-02 11:55:35,2025-06-09 09:30:00,,
2025-06-02 14:33:30,2025-06-09 09:30:00,2025-06-02 14:35:07,2025-06-02 14:41:37
2025-06-02 15:05:16,2025-06-09 09:30:00,2025-06-02 15:06:16,2025-06-02 15:08:20
2025-06-02 15:13:25,2025-06-09 09:30:00,2025-06-02 15:15:10,2025-06-02 15:16:27
2025-06-02 15:58:21,2025-06-09 09:30:00,2025-06-02 15:58:28,2025-06-02 15:59:36
2025-06-02 15:58:28,2025-06-09 09:30:00,,
2025-06-03 12:57:47,2025-06-09 09:30:00,,
2025-06-03 14:03:28,2025-06-09 09:30:00,2025-06-03 14:04:03,2025-06-03 14:03:39
2025-06-03 15:13:59,2025-06-09 09:30:00,2025-06-03 15:15:04,2025-06-03 15:14:34
2025-06-03 15:35:35,2025-06-09 09:30:00,2025-06-03 15:35:51,2025-06-03 15:35:50
2025-06-04 14:18:56,2025-06-09 14:19:11,,
2025-06-04 15:30:00,2025-06-09 15:30:02,2025-06-04 15:33:03,2025-06-04 15:30:01
2025-06-04 15:33:03,2025-06-09 15:33:37,,
2025-06-05 15:45:31,2025-06-10 15:46:53,,
2025-06-06 13:23:40,2025-06-11 13:24:08,2025-06-06 13:23:52,2025-06-06 13:32:41
2025-06-06 13:23:52,2025-06-11 13:24:08,,
2025-06-06 13:43:29,2025-06-11 13:44:32,2025-06-06 13:51:50,2025-06-06 13:46:39
2025-06-06 14:10:39,2025-06-11 14:12:51,,
2025-06-09 11:40:03,2025-06-16 09:30:00,2025-06-09 11:45:18,2025-06-09 11:44:32
2025-06-09 12:41:04,2025-06-16 09:30:00,2025-06-09 12:42:08,2025-06-09 12:43:44
2025-06-09 14:23:46,2025-06-16 09:30:00,,
2025-06-09 14:24:29,2025-06-16 09:30:00,2025-06-09 14:25:51,2025-06-09 14:26:05
2025-06-09 14:25:51,2025-06-16 09:30:00,,
2025-06-09 15:27:35,2025-06-16 09:30:00,,
2025-06-09 15:38:13,2025-06-16 09:30:00,2025-06-09 15:44:20,2025-06-09 15:39:51
2025-06-10 10:25:02,2025-06-16 09:30:00,,
2025-06-10 12:01:08,2025-06-16 09:30:00,2025-06-10 12:01:16,2025-06-10 12:01:09
2025-06-10 12:01:09,2025-06-16 09:30:00,,
2025-06-10 12:01:15,2025-06-16 09:30:00,2025-06-10 12:01:16,2025-06-10 12:01:25
2025-06-10 13:02:43,2025-06-16 09:30:00,,
2025-06-10 14:45:47,2025-06-16 09:30:00,,
2025-06-10 15:18:20,2025-06-16 09:30:00,2025-06-10 15:20:57,2025-06-10 15:21:48
2025-06-10 15:20:57,2025-06-16 09:30:00,,
2025-06-11 15:48:42,2025-06-16 15:48:55,2025-06-11 15:50:19,2025-06-11 15:51:42
2025-06-11 15:59:59,2025-06-16 16:00:00,,
2025-06-12 11:38:01,2025-06-17 11:38:21,,
2025-06-12 15:22:17,2025-06-17 15:23:39,2025-06-12 15:25:10,2025-06-12 15:22:56
2025-06-13 10:54:48,2025-06-18 10:55:40,2025-06-13 10:57:13,2025-06-13 10:57:14
2025-06-13 12:12:36,2025-06-18 12:15:33,,
2025-06-13 12:13:28,2025-06-18 12:15:33,2025-06-13 12:14:09,2025-06-13 12:17:48
2025-06-13 15:06:29,2025-06-18 15:06:45,2025-06-13 15:07:45,2025-06-13 15:07:29
2025-06-13 15:52:41,2025-06-18 15:54:50,,
2025-06-16 11:23:13,2025-06-23 09:30:00,2025-06-16 11:24:35,2025-06-16 11:23:18
2025-06-16 12:01:01,2025-06-23 09:30:00,2025-06-16 12:01:26,2025-06-16 12:03:06
2025-06-16 12:01:26,2025-06-23 09:30:00,,
2025-06-16 12:13:28,2025-06-23 09:30:00,2025-06-16 12:13:29,2025-06-16 12:14:51
2025-06-16 12:13:29,2025-06-23 09:30:00,,
2025-06-16 12:41:49,2025-06-23 09:30:00,2025-06-16 12:42:38,2025-06-16 12:44:09
2025-06-16 12:42:38,2025-06-23 09:30:00,,
2025-06-16 12:47:51,2025-06-23 09:30:00,2025-06-16 12:48:19,2025-06-16 12:51:05
2025-06-16 12:51:32,2025-06-23 09:30:00,2025-06-16 12:52:57,2025-06-16 12:55:13
2025-06-16 12:52:57,2025-06-23 09:30:00,,
2025-06-16 14:06:33,2025-06-23 09:30:00,2025-06-16 14:07:36,2025-06-16 14:07:00
2025-06-16 14:07:00,2025-06-23 09:30:00,,
2025-06-16 14:25:39,2025-06-23 09:30:00,2025-06-16 14:27:58,2025-06-16 14:28:30
2025-06-16 14:45:41,2025-06-23 09:30:00,2025-06-16 14:46:32,2025-06-16 14:46:02
2025-06-16 15:26:22,2025-06-23 09:30:00,2025-06-16 15:27:28,2025-06-16 15:27:51
2025-06-16 15:27:28,2025-06-23 09:30:00,,
2025-06-16 15:36:04,2025-06-23 09:30:00,,
2025-06-17 11:14:06,2025-06-23 09:30:00,2025-06-17 11:14:58,2025-06-17 11:16:16
2025-06-17 11:14:58,2025-06-23 09:30:00,,
2025-06-17 11:42:51,2025-06-23 09:30:00,2025-06-17 11:45:04,2025-06-17 11:48:04
2025-06-17 11:45:04,2025-06-23 09:30:00,,
2025-06-17 13:30:51,2025-06-23 09:30:00,,
2025-06-17 14:04:31,2025-06-23 09:30:00,2025-06-17 14:06:02,2025-06-17 14:05:10
2025-06-17 14:28:22,2025-06-23 09:30:00,,
2025-06-17 15:31:41,2025-06-23 09:30:00,,
2025-06-17 15:38:22,2025-06-23 09:30:00,2025-06-17 15:39:44,2025-06-17 15:39:10
2025-06-17 15:39:10,2025-06-23 09:30:00,,
2025-06-18 10:19:12,2025-06-23 10:19:30,,
2025-06-18 10:33:46,2025-06-23 10:34:15,2025-06-18 10:35:38,2025-06-18 10:37:07
2025-06-18 13:31:00,2025-06-23 13:31:45,,
2025-06-18 14:18:33,2025-06-23 14:18:34,,
2025-06-18 14:39:30,2025-06-23 14:39:30,,
2025-06-18 15:59:44,2025-06-23 15:59:54,,
2025-06-20 14:54:11,2025-06-25 14:56:00,,
2025-06-20 15:45:06,2025-06-25 15:45:44,2025-06-20 15:45:59,2025-06-20 15:48:09
2025-06-20 15:59:56,2025-06-25 16:00:00,,
2025-06-23 11:41:44,2025-06-30 09:30:00,,
2025-06-23 13:32:41,2025-06-30 09:30:00,2025-06-23 13:33:18,2025-06-23 13:35:38
2025-06-23 14:15:26,2025-06-30 09:30:00,2025-06-23 14:15:58,2025-06-23 14:15:59
2025-06-23 15:07:22,2025-06-30 09:30:00,2025-06-23 15:09:31,2025-06-23 15:08:08
2025-06-24 09:31:57,2025-06-30 09:30:00,,
2025-06-24 12:11:41,2025-06-30 09:30:00,2025-06-24 12:12:04,2025-06-24 12:15:44
2025-06-24 12:12:04,2025-06-30 09:30:00,,
2025-06-24 12:15:02,2025-06-30 09:30:00,2025-06-24 12:16:56,2025-06-24 12:15:44
2025-06-24 12:16:56,2025-06-30 09:30:00,,
2025-06-24 13:41:35,2025-06-30 09:30:00,2025-06-24 13:43:52,2025-06-24 13:50:46
2025-06-24 13:43:52,2025-06-30 09:30:00,,
2025-06-24 13:44:12,2025-06-30 09:30:00,2025-06-24 13:47:03,2025-06-24 13:50:46
2025-06-24 13:47:03,2025-06-30 09:30:00,,
2025-06-24 14:31:06,2025-06-30 09:30:00,2025-06-24 14:35:44,2025-06-24 14:31:57
2025-06-24 15:08:38,2025-06-30 09:30:00,2025-06-24 15:14:56,2025-06-24 15:08:58
2025-06-24 15:14:56,2025-06-30 09:30:00,,
2025-06-25 09:00:04,2025-06-30 09:30:00,2025-06-25 09:00:49,2025-06-25 09:31:54
2025-06-25 09:00:49,2025-06-30 09:30:00,,
2025-06-25 09:30:00,2025-06-30 09:30:00,2025-06-25 09:33:25,2025-06-25 09:31:54
2025-06-25 10:56:42,2025-06-30 10:56:55,2025-06-25 11:03:54,2025-06-25 11:01:45
2025-06-25 11:26:36,2025-06-30 11:26:49,2025-06-25 11:27:38,2025-06-25 11:35:01
2025-06-25 11:27:38,2025-06-30 11:31:46,,
2025-06-25 11:49:19,2025-06-30 11:50:14,2025-06-25 11:52:11,2025-06-25 11:49:25
2025-06-25 14:40:03,2025-06-30 14:40:44,2025-06-25 14:45:23,2025-06-25 14:42:20
2025-06-25 14:42:20,2025-06-30 14:43:29,,
2025-06-25 15:03:55,2025-06-30 15:07:16,2025-06-25 15:04:48,2025-06-25 15:04:37
2025-06-25 15:04:37,2025-06-30 15:07:16,,
2025-06-26 10:57:29,2025-07-01 10:57:31,2025-06-26 10:58:55,2025-06-26 10:58:50
2025-06-26 10:58:50,2025-07-01 10:59:35,,
2025-06-26 11:00:01,2025-07-01 11:01:30,,
2025-06-26 11:00:46,2025-07-01 11:01:30,2025-06-26 11:02:08,2025-06-26 11:02:49
2025-06-26 11:59:50,2025-07-01 12:00:25,2025-06-26 12:00:20,2025-06-26 12:04:24
2025-06-26 12:00:20,2025-07-01 12:00:25,,
2025-06-26 12:00:21,2025-07-01 12:00:25,2025-06-26 12:00:33,2025-06-26 12:04:24
2025-06-26 12:00:33,2025-07-01 12:01:15,,
2025-06-26 12:44:00,2025-07-01 12:44:10,2025-06-26 13:01:37,2025-06-26 12:49:17
2025-06-26 14:58:06,2025-07-01 14:58:09,,
2025-06-26 15:23:13,2025-07-01 15:24:20,2025-06-26 15:23:29,2025-06-26 15:25:02
2025-06-26 15:23:29,2025-07-01 15:24:20,,
2025-06-26 15:48:57,2025-07-01 15:49:21,2025-06-26 15:50:52,2025-06-26 15:49:18
2025-06-26 15:49:18,2025-07-01 15:49:21,,
2025-06-26 15:55:46,2025-07-01 15:55:47,,
2025-06-27 15:04:02,2025-07-02 15:04:44,2025-06-27 15:04:16,2025-06-27 15:04:14
2025-06-27 15:04:16,2025-07-02 15:04:44,,
2025-06-27 15:19:41,2025-07-02 15:20:08,2025-06-27 15:21:34,2025-06-27 15:24:23
2025-06-27 15:33:58,2025-07-02 15:34:04,2025-06-27 15:34:06,2025-06-27 15:35:49
2025-06-27 15:43:00,2025-07-02 15:43:10,2025-06-27 15:46:54,2025-06-27 15:45:17
2025-06-27 15:45:17,2025-07-02 15:45:27,,
2025-06-27 15:54:40,2025-07-02 15:54:43,2025-06-27 15:57:28,2025-06-27 15:55:11
2025-06-27 15:55:11,2025-07-02 15:56:00,,
2025-06-30 15:58:23,2025-07-07 08:10:49,,
2025-07-01 09:44:01,2025-07-07 08:10:49,2025-07-01 09:47:34,2025-07-01 09:48:59
2025-07-01 09:47:34,2025-07-07 08:10:49,,
2025-07-01 10:18:11,2025-07-07 08:10:49,2025-07-01 10:20:39,2025-07-01 10:19:04
2025-07-01 10:19:04,2025-07-07 08:10:49,,
2025-07-01 10:34:21,2025-07-07 08:10:49,2025-07-01 10:35:35,2025-07-01 10:34:25
2025-07-01 10:34:25,2025-07-07 08:10:49,,
2025-07-01 10:37:18,2025-07-07 08:10:49,2025-07-01 10:37:40,2025-07-01 10:37:34
2025-07-01 10:37:34,2025-07-07 08:10:49,,
2025-07-01 11:10:32,2025-07-07 08:10:49,2025-07-01 11:11:39,2025-07-01 11:13:20
2025-07-01 11:16:08,2025-07-07 08:10:49,2025-07-01 11:16:34,2025-07-01 11:16:11
2025-07-01 11:16:11,2025-07-07 08:10:49,,
2025-07-01 13:40:53,2025-07-07 08:10:49,,
2025-07-01 14:12:55,2025-07-07 08:10:49,2025-07-01 14:13:53,2025-07-01 14:14:05
2025-07-01 14:38:04,2025-07-07 08:10:49,2025-07-01 14:40:21,2025-07-01 14:39:29
2025-07-01 14:40:21,2025-07-07 08:10:49,,
2025-07-01 14:40:58,2025-07-07 08:10:49,2025-07-01 14:43:25,2025-07-01 14:42:14
2025-07-01 15:58:21,2025-07-07 08:10:49,2025-07-01 15:58:24,2025-07-01 15:58:33
2025-07-01 15:58:24,2025-07-07 08:10:49,,
2025-07-01 15:59:04,2025-07-07 08:10:49,2025-07-01 15:59:13,2025-07-01 15:59:12
2025-07-02 10:19:27,2025-07-07 10:20:09,2025-07-02 10:20:57,2025-07-02 10:21:06
2025-07-02 10:20:57,2025-07-07 10:21:20,,
2025-07-02 10:26:11,2025-07-07 10:27:54,,
2025-07-02 10:37:25,2025-07-07 10:37:27,2025-07-02 10:44:20,2025-07-02 10:42:34
2025-07-02 10:42:34,2025-07-07 10:47:05,,
2025-07-02 11:03:23,2025-07-07 11:04:42,2025-07-02 11:07:04,2025-07-02 11:09:11
2025-07-02 12:30:25,2025-07-07 12:30:38,,
2025-07-02 13:40:47,2025-07-07 13:41:39,2025-07-02 13:42:41,2025-07-02 13:45:45
2025-07-02 14:24:05,2025-07-07 14:27:13,2025-07-02 14:25:18,2025-07-02 14:27:04
2025-07-02 14:38:07,2025-07-07 14:38:23,,
2025-07-02 14:41:42,2025-07-07 14:42:16,2025-07-02 14:41:45,2025-07-02 14:41:46
2025-07-02 15:11:06,2025-07-07 15:11:21,,
2025-07-02 15:18:21,2025-07-07 15:19:42,,
2025-07-02 15:30:04,2025-07-07 15:30:10,2025-07-02 15:30:06,2025-07-02 15:32:20
2025-07-02 15:30:06,2025-07-07 15:30:10,,
2025-07-02 15:30:21,2025-07-07 15:31:13,2025-07-02 15:31:13,2025-07-02 15:32:20
2025-07-02 15:31:13,2025-07-07 15:31:13,,
2025-07-02 15:48:42,2025-07-07 15:48:42,,
2025-07-02 15:52:04,2025-07-07 15:53:20,2025-07-02 15:54:04,2025-07-02 15:52:56
2025-07-02 15:52:56,2025-07-07 15:53:20,,
2025-07-02 15:59:17,2025-07-07 15:59:46,2025-07-02 15:59:41,2025-07-02 15:59:47
2025-07-02 15:59:50,2025-07-07 15:59:58,2025-07-02 15:59:58,2025-07-02 15:59:51
2025-07-02 15:59:51,2025-07-07 15:59:58,,
2025-07-03 08:58:07,2025-07-08 09:30:00,2025-07-03 09:05:17,2025-07-03 09:43:22
2025-07-03 09:05:17,2025-07-08 09:30:00,,
2025-07-03 09:06:33,2025-07-08 09:30:00,2025-07-03 09:43:22,2025-07-03 09:31:18
2025-07-03 09:31:18,2025-07-08 09:35:25,,
2025-07-07 08:23:28,2025-07-14 09:30:00,,
2025-07-07 08:24:35,2025-07-14 09:30:00,2025-07-07 08:29:23,2025-07-07 08:24:54
2025-07-07 08:31:11,2025-07-14 09:30:00,2025-07-07 08:34:45,2025-07-07 08:32:35
2025-07-07 08:34:45,2025-07-14 09:30:00,,
2025-07-07 08:39:58,2025-07-14 09:30:00,2025-07-07 09:00:13,2025-07-07 09:00:54
2025-07-07 09:00:13,2025-07-14 09:30:00,,
2025-07-07 09:06:04,2025-07-14 09:30:00,,
2025-07-07 11:00:07,2025-07-14 09:30:00,2025-07-07 11:02:10,2025-07-07 11:02:23
2025-07-07 11:02:10,2025-07-14 09:30:00,,
2025-07-07 14:43:23,2025-07-14 09:30:00,2025-07-07 14:45:45,2025-07-07 14:43:37
2025-07-07 15:20:30,2025-07-14 09:30:00,2025-07-07 15:21:47,2025-07-07 15:22:43
2025-07-09 09:30:00,2025-07-14 09:30:00,2025-07-09 09:30:26,2025-07-09 09:34:00
2025-07-09 09:30:26,2025-07-14 09:34:05,,
2025-07-09 09:38:00,2025-07-14 09:38:40,2025-07-09 09:38:43,2025-07-09 09:42:46
2025-07-09 12:42:44,2025-07-14 12:42:55,2025-07-09 12:45:12,2025-07-09 12:44:09
2025-07-09 12:44:09,2025-07-14 12:45:21,,
2025-07-09 13:22:49,2025-07-14 13:29:40,2025-07-09 13:28:00,2025-07-09 13:23:37
2025-07-09 13:23:37,2025-07-14 13:29:40,,
2025-07-09 13:25:15,2025-07-14 13:29:40,2025-07-09 13:28:00,2025-07-09 13:25:50
2025-07-09 13:25:50,2025-07-14 13:29:40,,
2025-07-09 13:35:54,2025-07-14 13:38:12,,
2025-07-09 14:29:54,2025-07-14 14:30:36,2025-07-09 14:30:11,2025-07-09 14:30:51
2025-07-09 15:18:40,2025-07-14 15:18:53,,
2025-07-09 15:27:44,2025-07-14 15:28:45,2025-07-09 15:28:05,2025-07-09 15:28:03
2025-07-10 09:37:31,2025-07-15 09:38:56,,
2025-07-10 10:17:14,2025-07-15 10:17:36,2025-07-10 10:20:04,2025-07-10 10:19:10
2025-07-10 10:19:10,2025-07-15 10:20:08,,
2025-07-10 15:58:05,2025-07-15 15:58:28,2025-07-10 15:58:36,2025-07-10 15:59:48
2025-07-10 15:58:36,2025-07-15 15:58:49,,
2025-07-11 11:14:20,2025-07-16 11:15:41,2025-07-11 11:22:17,2025-07-11 11:20:24
2025-07-11 11:20:24,2025-07-16 11:21:53,,
2025-07-11 15:36:33,2025-07-16 15:36:56,2025-07-11 15:38:54,2025-07-11 15:39:21
2025-07-14 14:38:05,2025-07-21 09:30:00,2025-07-14 14:39:53,2025-07-14 14:49:35
2025-07-14 15:25:24,2025-07-21 09:30:00,,
2025-07-14 15:59:32,2025-07-21 09:30:00,2025-07-14 15:59:47,2025-07-14 15:59:38
2025-07-15 10:15:49,2025-07-21 09:30:00,,
2025-07-15 13:23:17,2025-07-21 09:30:00,2025-07-15 13:33:37,2025-07-15 13:30:11
2025-07-15 13:30:11,2025-07-21 09:30:00,,
2025-07-16 12:34:15,2025-07-21 12:35:26,,
2025-07-16 14:54:37,2025-07-21 14:54:47,,
2025-07-16 15:50:00,2025-07-21 15:50:09,2025-07-16 15:50:04,2025-07-16 15:50:24
2025-07-16 15:50:04,2025-07-21 15:50:09,,
2025-07-16 15:55:00,2025-07-21 15:55:01,2025-07-16 15:56:19,2025-07-16 15:59:00
2025-07-16 15:56:19,2025-07-21 15:56:31,,
2025-07-17 09:35:24,2025-07-22 09:36:08,2025-07-17 09:47:29,2025-07-17 09:38:23
2025-07-17 10:43:11,2025-07-22 10:43:33,2025-07-17 10:43:23,2025-07-17 10:45:06
2025-07-17 10:43:23,2025-07-22 10:43:33,,
2025-07-17 10:59:19,2025-07-22 11:00:01,,
2025-07-17 11:00:01,2025-07-22 11:00:01,2025-07-17 11:01:26,2025-07-17 11:00:15
2025-07-17 11:16:15,2025-07-22 11:18:01,,
2025-07-17 11:18:50,2025-07-22 11:19:18,2025-07-17 11:19:28,2025-07-17 11:20:35
2025-07-17 11:19:28,2025-07-22 11:21:14,,
2025-07-17 11:22:18,2025-07-22 11:27:04,,
2025-07-17 11:27:31,2025-07-22 11:28:37,2025-07-17 11:27:34,2025-07-17 11:28:21
2025-07-17 11:41:02,2025-07-22 11:41:22,,
2025-07-17 11:43:35,2025-07-22 11:45:06,2025-07-17 11:45:07,2025-07-17 11:46:48
2025-07-17 11:50:55,2025-07-22 11:51:35,2025-07-17 11:55:29,2025-07-17 11:51:02
2025-07-17 11:51:02,2025-07-22 11:51:35,,
2025-07-17 11:52:43,2025-07-22 11:54:23,2025-07-17 11:55:29,2025-07-17 11:52:54
2025-07-17 11:52:54,2025-07-22 11:54:23,,
2025-07-17 11:55:03,2025-07-22 11:57:58,2025-07-17 11:55:29,2025-07-17 11:55:40
2025-07-17 12:12:17,2025-07-22 12:14:28,2025-07-17 12:13:13,2025-07-17 12:13:53
2025-07-17 12:16:19,2025-07-22 12:18:26,2025-07-17 12:16:43,2025-07-17 12:17:00
2025-07-17 12:16:43,2025-07-22 12:18:26,,
2025-07-17 12:22:21,2025-07-22 12:24:00,2025-07-17 12:22:50,2025-07-17 12:25:29
2025-07-17 12:22:50,2025-07-22 12:24:00,,
2025-07-17 12:23:40,2025-07-22 12:24:00,2025-07-17 12:23:51,2025-07-17 12:25:29
2025-07-17 12:23:51,2025-07-22 12:24:00,,
2025-07-17 12:43:53,2025-07-22 12:44:14,2025-07-17 12:46:16,2025-07-17 12:44:33
2025-07-17 12:44:33,2025-07-22 12:44:48,,
2025-07-17 12:55:06,2025-07-22 12:55:34,,
2025-07-17 13:03:49,2025-07-22 13:04:15,2025-07-17 13:05:04,2025-07-17 13:04:00
2025-07-17 13:04:00,2025-07-22 13:04:15,,
2025-07-17 13:16:59,2025-07-22 13:17:35,,
2025-07-17 13:19:27,2025-07-22 13:20:38,2025-07-17 13:19:52,2025-07-17 13:20:50
2025-07-17 13:22:57,2025-07-22 13:23:08,2025-07-17 13:23:07,2025-07-17 13:23:11
2025-07-17 13:29:26,2025-07-22 13:30:06,2025-07-17 13:33:13,2025-07-17 13:29:53
2025-07-17 13:29:53,2025-07-22 13:30:06,,
2025-07-17 13:36:35,2025-07-22 13:37:28,,
2025-07-17 13:41:46,2025-07-22 13:41:49,2025-07-17 13:45:28,2025-07-17 13:42:47
2025-07-17 13:42:47,2025-07-22 13:45:10,,
2025-07-17 13:47:27,2025-07-22 13:48:25,2025-07-17 13:47:43,2025-07-17 13:48:06
2025-07-17 13:48:06,2025-07-22 13:48:25,,
2025-07-17 13:48:18,2025-07-22 13:48:25,2025-07-17 13:50:38,2025-07-17 13:48:28
2025-07-17 13:48:28,2025-07-22 13:49:36,,
2025-07-17 13:54:40,2025-07-22 13:56:38,2025-07-17 13:55:00,2025-07-17 13:54:56
2025-07-17 13:54:56,2025-07-22 13:56:38,,
2025-07-17 15:17:35,2025-07-22 15:18:34,2025-07-17 15:18:20,2025-07-17 15:22:26
2025-07-18 14:41:46,2025-07-23 14:42:21,2025-07-18 14:44:25,2025-07-18 14:50:11
2025-07-18 14:44:25,2025-07-23 14:44:28,,
2025-07-18 15:09:57,2025-07-23 15:10:04,2025-07-18 15:11:56,2025-07-18 15:14:46
2025-07-18 15:26:03,2025-07-23 15:26:41,2025-07-18 15:26:07,2025-07-18 15:28:22
2025-07-18 15:59:48,2025-07-23 15:59:48,2025-07-21 09:35:17,2025-07-18 15:59:49
2025-07-18 15:59:49,2025-07-23 15:59:49,,
2025-07-21 11:29:46,2025-07-28 09:29:59,2025-07-21 11:33:08,2025-07-21 11:30:53
2025-07-21 11:47:11,2025-07-28 09:29:59,,
2025-07-21 12:20:20,2025-07-28 09:29:59,2025-07-21 12:22:12,2025-07-21 12:25:54
2025-07-21 12:22:12,2025-07-28 09:29:59,,
2025-07-21 12:25:27,2025-07-28 09:29:59,2025-07-21 12:35:26,2025-07-21 12:25:54
2025-07-21 13:11:26,2025-07-28 09:29:59,,
2025-07-21 13:21:56,2025-07-28 09:29:59,2025-07-21 13:23:29,2025-07-21 13:22:27
2025-07-21 13:37:24,2025-07-28 09:29:59,2025-07-21 13:38:29,2025-07-21 13:38:55
2025-07-21 13:38:29,2025-07-28 09:29:59,,
2025-07-21 14:57:02,2025-07-28 09:29:59,2025-07-21 15:00:18,2025-07-21 14:57:17
2025-07-21 15:24:32,2025-07-28 09:29:59,,
2025-07-21 15:35:48,2025-07-28 09:29:59,2025-07-21 15:38:29,2025-07-21 15:36:30
2025-07-21 15:59:57,2025-07-28 09:29:59,2025-07-22 09:30:00,2025-07-21 15:59:58
2025-07-21 15:59:58,2025-07-28 09:29:59,,
2025-07-22 10:36:05,2025-07-28 09:29:59,2025-07-22 10:36:16,2025-07-22 10:37:40
2025-07-22 10:36:16,2025-07-28 09:29:59,,
2025-07-22 12:16:13,2025-07-28 09:29:59,,
2025-07-22 14:05:46,2025-07-28 09:29:59,2025-07-22 14:07:27,2025-07-22 14:07:36
2025-07-22 15:22:30,2025-07-28 09:29:59,2025-07-22 15:23:47,2025-07-22 15:23:42
2025-07-22 15:25:42,2025-07-28 09:29:59,2025-07-22 15:32:29,2025-07-22 15:26:32
2025-07-23 11:16:37,2025-07-28 11:16:56,2025-07-23 11:17:03,2025-07-23 11:17:49
2025-07-23 11:17:03,2025-07-28 11:17:08,,
2025-07-23 13:07:39,2025-07-28 13:09:36,2025-07-23 13:08:09,2025-07-23 13:07:47
2025-07-23 13:25:24,2025-07-28 13:25:39,2025-07-23 13:25:41,2025-07-23 13:25:25
2025-07-23 13:25:25,2025-07-28 13:25:39,,
2025-07-23 14:22:00,2025-07-28 14:23:27,2025-07-23 14:22:25,2025-07-23 14:22:14
2025-07-23 14:41:02,2025-07-28 14:43:10,2025-07-23 14:42:54,2025-07-23 14:41:42
2025-07-23 14:42:54,2025-07-28 14:43:10,,
2025-07-23 14:43:27,2025-07-28 14:45:21,2025-07-23 14:43:33,2025-07-23 14:44:28
2025-07-23 14:43:33,2025-07-28 14:45:21,,
2025-07-23 15:21:02,2025-07-28 15:22:30,,
2025-07-23 15:23:53,2025-07-28 15:24:04,2025-07-23 15:24:26,2025-07-23 15:24:10
2025-07-23 15:29:15,2025-07-28 15:29:56,,
2025-07-23 15:32:03,2025-07-28 15:32:18,,
2025-07-23 15:36:56,2025-07-28 15:37:26,2025-07-23 15:37:29,2025-07-23 15:38:01
2025-07-23 15:45:24,2025-07-28 15:46:19,2025-07-23 15:46:39,2025-07-23 15:46:00
2025-07-23 15:46:00,2025-07-28 15:46:19,,
2025-07-23 15:51:04,2025-07-28 15:51:20,2025-07-23 15:51:15,2025-07-23 15:51:10
2025-07-23 15:51:10,2025-07-28 15:51:20,,
2025-07-23 15:58:50,2025-07-28 15:59:11,,
2025-07-24 15:45:47,2025-07-29 15:45:53,,
2025-07-24 15:52:40,2025-07-29 15:53:02,,
2025-07-24 15:59:25,2025-07-29 15:59:41,2025-07-24 16:00:00,2025-07-24 15:59:28
2025-07-25 10:20:23,2025-07-30 10:21:26,2025-07-25 10:21:13,2025-07-25 10:24:16
2025-07-25 10:21:13,2025-07-30 10:21:26,,
2025-07-25 11:06:46,2025-07-30 11:07:59,,
2025-07-25 13:11:46,2025-07-30 13:12:33,2025-07-25 13:18:56,2025-07-25 13:14:52
2025-07-25 13:14:52,2025-07-30 13:17:20,,
2025-07-25 14:16:25,2025-07-30 14:18:28,2025-07-25 14:18:06,2025-07-25 14:28:39
2025-07-25 14:50:57,2025-07-30 14:53:00,2025-07-25 14:54:06,2025-07-25 14:54:50
2025-07-25 15:15:27,2025-07-30 15:15:53,,
2025-07-25 15:29:58,2025-07-30 15:30:37,,
2025-07-25 15:44:03,2025-07-30 15:44:22,2025-07-25 15:46:36,2025-07-25 15:44:04
2025-07-25 15:56:34,2025-07-30 15:56:48,,
2025-07-28 14:50:59,2025-08-04 09:30:00,2025-07-28 14:52:54,2025-07-28 14:53:36
2025-07-28 14:52:54,2025-08-04 09:30:00,,
2025-07-28 15:33:08,2025-08-04 09:30:00,2025-07-28 15:34:03,2025-07-28 15:37:30
2025-07-29 10:32:48,2025-08-04 09:30:00,2025-07-29 10:32:49,2025-07-29 10:38:18
2025-07-29 11:12:47,2025-08-04 09:30:00,2025-07-29 11:15:11,2025-07-29 11:14:35
2025-07-29 12:46:09,2025-08-04 09:30:00,,
2025-07-29 12:57:25,2025-08-04 09:30:00,,
2025-07-29 13:07:55,2025-08-04 09:30:00,2025-07-29 13:15:09,2025-07-29 13:17:06
2025-07-29 14:25:23,2025-08-04 09:30:00,2025-07-29 14:26:10,2025-07-29 14:26:55
2025-07-29 14:26:10,2025-08-04 09:30:00,,
2025-07-29 15:43:50,2025-08-04 09:30:00,2025-07-29 15:44:52,2025-07-29 15:44:30
2025-07-29 15:46:11,2025-08-04 09:30:00,2025-07-29 15:46:38,2025-07-29 15:48:06
2025-07-29 15:46:38,2025-08-04 09:30:00,,
2025-07-30 10:01:38,2025-08-04 10:01:47,2025-07-30 10:06:24,2025-07-30 10:11:04
2025-07-30 10:34:21,2025-08-04 10:35:31,,
2025-07-30 11:21:30,2025-08-04 11:21:42,2025-07-30 11:21:54,2025-07-30 11:28:46
2025-07-30 11:21:54,2025-08-04 11:24:37,,
2025-07-30 13:57:16,2025-08-04 13:59:16,2025-07-30 14:01:25,2025-07-30 14:01:00
2025-07-30 14:01:00,2025-08-04 14:01:59,,
2025-07-31 13:56:07,2025-08-05 13:56:38,2025-07-31 14:02:50,2025-07-31 13:58:35
2025-07-31 14:56:35,2025-08-05 14:57:30,2025-07-31 14:57:35,2025-07-31 15:00:37
2025-07-31 15:59:04,2025-08-05 15:59:07,2025-07-31 15:59:06,2025-07-31 15:59:27
2025-07-31 15:59:06,2025-08-05 15:59:07,,
2025-07-31 15:59:42,2025-08-05 15:59:47,2025-07-31 15:59:49,2025-07-31 15:59:44
2025-07-31 15:59:44,2025-08-05 15:59:47,,
2025-08-01 09:37:44,2025-08-06 09:39:40,,
2025-08-01 10:12:17,2025-08-06 10:13:55,2025-08-01 10:12:40,2025-08-01 10:14:26
2025-08-01 10:12:40,2025-08-06 10:13:55,,
2025-08-01 11:30:49,2025-08-06 11:31:11,2025-08-01 11:33:59,2025-08-01 11:31:50
2025-08-01 11:31:50,2025-08-06 11:32:06,,
2025-08-01 15:06:35,2025-08-06 15:06:53,,
2025-08-01 15:09:32,2025-08-06 15:10:10,2025-08-01 15:10:51,2025-08-01 15:09:38
2025-08-01 15:11:51,2025-08-06 15:11:58,2025-08-01 15:13:36,2025-08-01 15:15:46
2025-08-01 15:13:36,2025-08-06 15:14:28,,
2025-08-01 15:31:22,2025-08-06 15:31:56,2025-08-01 15:31:44,2025-08-01 15:34:45
2025-08-01 15:58:45,2025-08-06 15:58:47,2025-08-01 15:58:51,2025-08-01 15:58:59
2025-08-04 14:45:22,2025-08-11 09:30:00,2025-08-04 14:45:36,2025-08-04 14:49:11
2025-08-04 14:45:36,2025-08-11 09:30:00,,
2025-08-04 15:07:07,2025-08-11 09:30:00,2025-08-04 15:07:43,2025-08-04 15:09:01
2025-08-04 15:07:43,2025-08-11 09:30:00,,
2025-08-04 15:37:49,2025-08-11 09:30:00,2025-08-04 15:37:59,2025-08-04 15:38:33
2025-08-04 15:43:59,2025-08-11 09:30:00,2025-08-04 15:44:04,2025-08-04 15:47:32
2025-08-05 10:15:44,2025-08-11 09:30:00,,
2025-08-05 10:51:56,2025-08-11 09:30:00,,
2025-08-05 11:16:03,2025-08-11 09:30:00,2025-08-05 11:19:29,2025-08-05 11:17:24
2025-08-05 12:28:09,2025-08-11 09:30:00,2025-08-05 12:35:09,2025-08-05 12:30:41
2025-08-05 12:30:41,2025-08-11 09:30:00,,
2025-08-05 15:02:12,2025-08-11 09:30:00,2025-08-05 15:02:13,2025-08-05 15:02:37
2025-08-05 15:05:02,2025-08-11 09:30:00,,
2025-08-05 15:31:35,2025-08-11 09:30:00,2025-08-07 09:31:38,
2025-08-05 15:52:50,2025-08-11 09:30:00,2025-08-05 15:53:29,2025-08-05 15:54:28
2025-08-05 15:53:29,2025-08-11 09:30:00,,
2025-08-05 15:55:15,2025-08-11 09:30:00,,
2025-08-05 15:56:55,2025-08-11 09:30:00,2025-08-05 15:57:16,2025-08-05 15:57:29
2025-08-05 15:57:16,2025-08-11 09:30:00,,
2025-08-06 11:36:08,2025-08-11 11:36:46,2025-08-06 11:37:07,2025-08-06 11:40:23
2025-08-06 14:05:57,2025-08-11 14:10:10,,
2025-08-06 15:01:36,2025-08-11 15:03:18,,
2025-08-06 15:36:33,2025-08-11 15:36:37,,
2025-08-06 15:43:18,2025-08-11 15:44:42,,
2025-08-07 09:31:38,2025-08-12 09:32:27,,
2025-08-07 10:33:17,2025-08-12 10:34:48,2025-08-07 10:36:01,2025-08-07 10:35:02
2025-08-07 15:38:50,2025-08-12 15:38:58,2025-08-07 15:39:33,2025-08-07 15:40:53
2025-08-07 15:58:05,2025-08-12 15:58:55,2025-08-07 15:59:27,2025-08-07 15:59:00
2025-08-07 15:59:00,2025-08-12 15:59:01,,
2025-08-08 14:19:09,2025-08-13 14:19:26,,
2025-08-08 14:20:10,2025-08-13 14:21:30,2025-08-08 14:22:34,2025-08-08 14:21:29
2025-08-08 15:36:23,2025-08-13 15:37:12,,
2025-08-11 15:36:37,2025-08-18 09:30:00,,
2025-08-11 15:58:39,2025-08-18 09:30:00,2025-08-11 15:59:06,2025-08-11 15:58:45
2025-08-12 10:15:21,2025-08-18 09:30:00,,
2025-08-12 15:06:06,2025-08-18 09:30:00,2025-08-12 15:10:07,2025-08-12 15:08:20
2025-08-12 15:20:33,2025-08-18 09:30:00,2025-08-12 15:22:59,2025-08-12 15:21:57
2025-08-13 10:23:31,2025-08-18 10:23:59,2025-08-13 10:23:32,2025-08-13 10:27:51
2025-08-13 10:28:29,2025-08-18 10:30:17,2025-08-13 10:29:59,2025-08-13 10:29:28
2025-08-13 11:12:23,2025-08-18 11:12:27,2025-08-13 11:13:12,2025-08-13 11:15:50
2025-08-13 11:13:12,2025-08-18 11:14:37,,
2025-08-13 12:20:32,2025-08-18 12:22:34,,
2025-08-13 13:02:51,2025-08-18 13:09:12,2025-08-13 13:05:13,2025-08-13 13:03:21
2025-08-13 14:35:50,2025-08-18 14:39:27,2025-08-13 14:37:27,2025-08-13 14:36:32
2025-08-13 14:36:32,2025-08-18 14:39:27,,
2025-08-13 14:36:57,2025-08-18 14:39:27,2025-08-13 14:37:27,2025-08-13 14:37:00
2025-08-13 14:37:00,2025-08-18 14:39:27,,
2025-08-13 15:06:08,2025-08-18 15:07:23,2025-08-13 15:08:02,2025-08-13 15:10:28
2025-08-13 15:08:02,2025-08-18 15:08:29,,
2025-08-13 15:21:33,2025-08-18 15:21:36,,
2025-08-13 15:32:22,2025-08-18 15:32:24,2025-08-13 15:33:45,2025-08-13 15:32:43
2025-08-13 15:32:43,2025-08-18 15:33:27,,
2025-08-13 15:42:59,2025-08-18 15:43:39,2025-08-13 15:44:18,2025-08-13 15:43:07
2025-08-13 15:43:07,2025-08-18 15:43:39,,
2025-08-13 15:47:46,2025-08-18 15:47:50,2025-08-13 15:51:18,2025-08-13 15:48:31
2025-08-13 15:48:31,2025-08-18 15:48:59,,
2025-08-14 10:53:32,2025-08-19 10:55:36,,
2025-08-14 12:18:57,2025-08-19 12:22:02,2025-08-14 12:20:54,2025-08-14 12:24:32
2025-08-14 12:20:54,2025-08-19 12:22:02,,
2025-08-14 12:38:28,2025-08-19 12:39:18,2025-08-14 12:39:41,2025-08-14 12:38:36
2025-08-14 15:14:32,2025-08-19 15:14:38,2025-08-14 15:23:10,2025-08-14 15:17:56
2025-08-14 15:17:56,2025-08-19 15:18:06,,
2025-08-15 09:54:59,2025-08-20 09:55:04,2025-08-15 09:58:11,2025-08-15 09:55:20
2025-08-15 09:55:20,2025-08-20 09:56:01,,
2025-08-15 10:39:03,2025-08-20 10:40:15,,
2025-08-15 14:10:34,2025-08-20 14:10:56,2025-08-15 14:15:30,2025-08-15 14:14:03
2025-08-15 14:14:03,2025-08-20 14:17:48,,
2025-08-15 14:17:40,2025-08-20 14:17:48,2025-08-15 14:18:15,2025-08-15 14:23:42
2025-08-15 14:54:21,2025-08-20 14:54:36,2025-08-15 14:56:05,2025-08-15 14:55:28
2025-08-15 14:55:28,2025-08-20 14:56:49,,
2025-08-15 15:03:13,2025-08-20 15:05:05,2025-08-15 15:05:45,2025-08-15 15:03:29
2025-08-15 15:23:07,2025-08-20 15:23:12,,
2025-08-15 15:41:55,2025-08-20 15:41:57,,
2025-08-18 11:52:26,2025-08-25 09:30:00,,
2025-08-18 15:25:22,2025-08-25 09:30:00,2025-08-18 15:26:12,2025-08-18 15:28:34
2025-08-18 15:29:57,2025-08-25 09:30:00,2025-08-18 15:31:39,2025-08-18 15:30:26
2025-08-18 15:31:39,2025-08-25 09:30:00,,
2025-08-19 10:26:11,2025-08-25 09:30:00,2025-08-19 10:27:36,2025-08-19 10:27:51
2025-08-19 14:25:48,2025-08-25 09:30:00,2025-08-19 14:26:22,2025-08-19 14:26:39
2025-08-19 14:26:22,2025-08-25 09:30:00,,
2025-08-19 14:42:12,2025-08-25 09:30:00,,
2025-08-19 14:50:49,2025-08-25 09:30:00,2025-08-19 14:51:34,2025-08-19 14:51:21
2025-08-19 14:52:23,2025-08-25 09:30:00,2025-08-19 14:54:15,2025-08-19 14:56:43
2025-08-19 14:54:15,2025-08-25 09:30:00,,
2025-08-19 14:55:37,2025-08-25 09:30:00,2025-08-19 14:56:43,2025-08-19 14:56:58
2025-08-19 15:03:36,2025-08-25 09:30:00,,
2025-08-19 15:25:10,2025-08-25 09:30:00,2025-08-19 15:28:07,2025-08-19 15:25:13
2025-08-19 15:25:13,2025-08-25 09:30:00,,
2025-08-19 15:26:35,2025-08-25 09:30:00,2025-08-19 15:28:07,2025-08-19 15:28:30
2025-08-19 15:45:22,2025-08-25 09:30:00,2025-08-19 15:46:35,2025-08-19 15:46:21
2025-08-19 15:46:21,2025-08-25 09:30:00,,
2025-08-19 15:58:28,2025-08-25 09:30:00,2025-08-19 15:59:00,2025-08-19 15:58:38
2025-08-19 15:58:38,2025-08-25 09:30:00,,
2025-08-19 15:59:55,2025-08-25 09:30:00,2025-08-19 16:00:00,2025-08-19 15:59:59
2025-08-19 15:59:59,2025-08-25 09:30:00,,
2025-08-20 09:34:31,2025-08-25 09:35:04,2025-08-20 09:36:05,2025-08-20 09:35:07
2025-08-20 09:35:07,2025-08-25 09:35:25,,
2025-08-20 09:53:42,2025-08-25 09:54:32,2025-08-20 09:54:09,2025-08-20 09:56:01
2025-08-20 12:01:53,2025-08-25 12:03:21,,
2025-08-20 12:15:34,2025-08-25 12:18:55,2025-08-20 12:17:26,2025-08-20 12:15:53
2025-08-20 12:15:53,2025-08-25 12:18:55,,
2025-08-20 15:13:29,2025-08-25 15:13:47,2025-08-20 15:15:15,2025-08-20 15:14:02
2025-08-20 15:14:02,2025-08-25 15:14:18,,
2025-08-20 15:20:42,2025-08-25 15:23:14,,
2025-08-20 15:24:22,2025-08-25 15:25:22,2025-08-20 15:24:44,2025-08-20 15:24:39
2025-08-20 15:24:39,2025-08-25 15:25:22,,
2025-08-20 15:26:12,2025-08-25 15:27:07,,
2025-08-20 15:30:05,2025-08-25 15:31:02,2025-08-20 15:34:16,2025-08-20 15:31:18
2025-08-20 15:31:18,2025-08-25 15:31:43,,
2025-08-21 11:29:14,2025-08-26 11:32:57,2025-08-21 11:32:55,2025-08-21 11:36:00
2025-08-22 09:30:00,2025-08-27 09:30:00,,
2025-08-22 10:27:44,2025-08-27 10:27:56,,
2025-08-22 10:32:52,2025-08-27 10:34:40,2025-08-22 10:34:32,2025-08-22 10:35:43
2025-08-22 10:36:50,2025-08-27 10:38:00,,
2025-08-22 11:51:43,2025-08-27 11:54:18,2025-08-22 12:03:04,2025-08-22 11:52:14
2025-08-22 13:11:12,2025-08-27 13:14:35,,
2025-08-22 13:47:05,2025-08-27 13:48:20,,
2025-08-22 14:30:49,2025-08-27 14:34:06,2025-08-22 14:31:20,2025-08-22 14:32:12
2025-08-22 14:31:20,2025-08-27 14:34:06,,
2025-08-22 14:35:32,2025-08-27 14:36:14,2025-08-22 14:36:41,2025-08-22 14:37:01
2025-08-22 14:36:41,2025-08-27 14:36:53,,
2025-08-22 15:41:51,2025-08-27 15:42:07,2025-08-22 15:42:33,2025-08-22 15:43:45
2025-08-22 15:42:33,2025-08-27 15:43:31,,
2025-08-22 15:58:05,2025-08-27 15:58:06,2025-08-22 15:58:28,2025-08-22 15:58:52
2025-08-22 15:58:28,2025-08-27 15:58:33,,
2025-08-25 09:52:14,2025-09-02 09:30:01,,
2025-08-25 10:09:12,2025-09-02 09:30:01,2025-08-25 10:09:26,2025-08-25 10:11:30
2025-08-25 10:09:26,2025-09-02 09:30:01,,
2025-08-25 13:35:02,2025-09-02 09:30:01,2025-08-25 13:37:09,2025-08-25 13:35:16
2025-08-25 13:35:16,2025-09-02 09:30:01,,
2025-08-25 14:06:44,2025-09-02 09:30:01,2025-08-25 14:13:16,2025-08-25 14:08:27
2025-08-25 14:08:27,2025-09-02 09:30:01,,
2025-08-25 14:16:34,2025-09-02 09:30:01,2025-08-25 14:21:40,2025-08-25 14:22:44
2025-08-25 14:29:33,2025-09-02 09:30:01,2025-08-25 14:30:27,2025-08-25 14:30:32
2025-08-25 14:30:27,2025-09-02 09:30:01,,
2025-08-25 14:42:40,2025-09-02 09:30:01,2025-08-25 14:46:11,2025-08-25 14:43:36
2025-08-25 14:43:36,2025-09-02 09:30:01,,
2025-08-25 14:51:13,2025-09-02 09:30:01,,
2025-08-25 15:02:22,2025-09-02 09:30:01,,
2025-08-25 15:12:58,2025-09-02 09:30:01,2025-08-25 15:15:16,2025-08-25 15:13:47
2025-08-25 15:13:47,2025-09-02 09:30:01,,
2025-08-25 15:53:28,2025-09-02 09:30:01,2025-08-25 15:57:39,2025-08-25 15:55:00
2025-08-25 15:55:00,2025-09-02 09:30:01,,
2025-08-26 13:09:36,2025-09-02 09:30:01,2025-08-26 13:11:08,2025-08-26 13:15:59
2025-08-26 14:18:36,2025-09-02 09:30:01,2025-08-26 14:28:37,2025-08-26 14:22:27
2025-08-26 14:22:27,2025-09-02 09:30:01,,
2025-08-26 14:57:31,2025-09-02 09:30:01,2025-08-26 15:09:51,2025-08-26 14:59:22
2025-08-26 14:59:22,2025-09-02 09:30:01,,
2025-08-26 15:57:29,2025-09-02 09:30:01,2025-08-26 15:58:02,2025-08-26 15:57:45
2025-08-26 15:57:45,2025-09-02 09:30:01,,
2025-08-26 15:59:00,2025-09-02 09:30:01,2025-08-26 15:59:04,2025-08-26 15:59:11
2025-08-27 15:01:13,2025-09-02 09:30:01,2025-08-27 15:04:09,2025-08-27 15:03:12
2025-08-27 15:06:55,2025-09-02 09:30:01,,
2025-08-27 15:41:40,2025-09-02 09:30:01,,
2025-08-27 15:58:01,2025-09-02 09:30:01,2025-08-27 15:58:06,2025-08-27 15:58:17
2025-08-28 10:12:17,2025-09-02 10:12:26,,
2025-08-28 14:27:53,2025-09-02 14:28:18,,
2025-08-28 14:32:27,2025-09-02 14:33:00,2025-08-28 14:34:08,2025-08-28 14:32:41
2025-08-28 14:32:41,2025-09-02 14:33:00,,
2025-08-28 15:22:47,2025-09-02 15:23:42,,
2025-08-28 15:25:48,2025-09-02 15:25:58,2025-08-28 15:27:30,2025-08-28 15:29:58
2025-08-28 15:32:17,2025-09-02 15:33:12,2025-08-28 15:33:19,2025-08-28 15:35:21
2025-08-28 15:43:07,2025-09-02 15:43:41,2025-08-28 15:45:14,2025-08-28 15:43:09
2025-08-28 15:43:09,2025-09-02 15:43:41,,
2025-08-28 15:59:26,2025-09-02 15:59:36,,
2025-08-28 15:59:54,2025-09-02 16:00:00,,
2025-08-29 14:33:04,2025-09-03 14:33:49,2025-08-29 14:34:32,2025-08-29 14:38:39
2025-08-29 14:34:32,2025-09-03 14:36:26,,
2025-08-29 15:33:01,2025-09-03 15:33:09,,
2025-08-29 15:49:10,2025-09-03 15:49:30,2025-08-29 15:50:01,2025-08-29 15:54:04
2025-09-02 10:33:11,2025-09-08 09:19:39,,
2025-09-02 10:51:18,2025-09-08 09:19:39,,
2025-09-02 11:09:16,2025-09-08 09:19:39,,
2025-09-02 11:13:46,2025-09-08 09:19:39,,
2025-09-02 11:56:25,2025-09-08 09:19:39,,
2025-09-02 12:42:10,2025-09-08 09:19:39,2025-09-02 12:48:34,2025-09-02 12:45:00
2025-09-02 12:45:00,2025-09-08 09:19:39,,
2025-09-02 14:33:00,2025-09-08 09:19:39,,
2025-09-02 15:30:50,2025-09-08 09:19:39,,
2025-09-02 15:41:14,2025-09-08 09:19:39,,
2025-09-02 15:57:20,2025-09-08 09:19:39,2025-09-02 15:57:54,2025-09-02 15:58:59
2025-09-02 15:58:59,2025-09-08 09:19:39,,
2025-09-02 15:59:00,2025-09-08 09:19:39,2025-09-02 15:59:07,2025-09-02 15:59:36
2025-09-03 10:59:10,2025-09-08 10:59:17,2025-09-03 11:05:21,2025-09-03 11:02:37
2025-09-03 12:43:05,2025-09-08 12:44:07,,
2025-09-03 14:44:24,2025-09-08 14:45:36,,
2025-09-03 15:11:17,2025-09-08 15:11:59,,
2025-09-03 15:24:13,2025-09-08 15:24:58,,
2025-09-03 15:33:09,2025-09-08 15:33:21,2025-09-03 15:40:52,2025-09-03 15:34:06
2025-09-03 15:34:06,2025-09-08 15:34:22,,
2025-09-03 15:58:14,2025-09-08 15:58:42,,
2025-09-03 15:59:24,2025-09-08 15:59:31,,
2025-09-03 15:59:45,2025-09-08 15:59:47,2025-09-03 15:59:54,2025-09-03 15:59:46
2025-09-03 15:59:46,2025-09-08 15:59:47,,
2025-09-04 14:52:45,2025-09-09 14:53:38,2025-09-04 14:57:50,2025-09-04 14:57:18
2025-09-04 15:02:09,2025-09-09 15:02:28,2025-09-04 15:05:40,2025-09-04 15:02:44
2025-09-04 15:17:28,2025-09-09 15:17:41,,
2025-09-04 15:34:03,2025-09-09 15:34:21,2025-09-04 15:35:17,2025-09-04 15:35:34
2025-09-04 15:35:17,2025-09-09 15:36:42,,
2025-09-04 15:36:32,2025-09-09 15:36:42,,
2025-09-04 15:40:37,2025-09-09 15:40:49,2025-09-04 15:40:59,2025-09-04 15:41:52
2025-09-04 15:40:59,2025-09-09 15:41:06,,
2025-09-05 10:44:02,2025-09-10 10:45:51,2025-09-05 10:46:46,2025-09-05 10:47:50
2025-09-05 10:46:46,2025-09-10 10:47:32,,
2025-09-05 15:59:09,2025-09-10 15:59:11,,
2025-09-08 09:20:39,2025-09-15 09:30:00,2025-09-08 09:30:43,2025-09-08 09:22:37
2025-09-08 09:22:37,2025-09-15 09:30:00,,
2025-09-08 09:22:49,2025-09-15 09:30:00,2025-09-08 09:30:43,2025-09-08 09:36:11
2025-09-08 09:44:28,2025-09-15 09:30:00,,
2025-09-08 14:40:12,2025-09-15 09:30:00,2025-09-08 14:43:23,2025-09-08 14:45:36
2025-09-08 15:16:14,2025-09-15 09:30:00,2025-09-08 15:18:34,2025-09-08 15:17:46
2025-09-08 15:17:46,2025-09-15 09:30:00,,
2025-09-08 15:51:15,2025-09-15 09:30:00,2025-09-08 15:52:14,2025-09-08 15:52:31
2025-09-09 09:45:47,2025-09-15 09:30:00,2025-09-09 09:46:00,2025-09-09 09:47:05
2025-09-09 09:49:35,2025-09-15 09:30:00,2025-09-09 09:49:59,2025-09-09 09:50:28
2025-09-09 09:50:51,2025-09-15 09:30:00,2025-09-09 09:52:25,2025-09-09 09:50:55
2025-09-09 09:50:55,2025-09-15 09:30:00,,
2025-09-09 10:12:36,2025-09-15 09:30:00,2025-09-09 10:13:45,2025-09-09 10:15:45
2025-09-09 10:13:45,2025-09-15 09:30:00,,
2025-09-09 14:12:21,2025-09-15 09:30:00,,
2025-09-09 14:41:04,2025-09-15 09:30:00,2025-09-09 14:44:31,2025-09-09 14:48:13
2025-09-09 15:06:47,2025-09-15 09:30:00,2025-09-09 15:07:37,2025-09-09 15:08:11
2025-09-09 15:07:37,2025-09-15 09:30:00,,
2025-09-09 15:17:52,2025-09-15 09:30:00,2025-09-09 15:19:03,2025-09-09 15:18:53
2025-09-09 15:30:31,2025-09-15 09:30:00,,
2025-09-09 15:50:25,2025-09-15 09:30:00,2025-09-09 15:50:54,2025-09-09 15:50:37
2025-09-09 15:58:54,2025-09-15 09:30:00,2025-09-09 15:59:03,2025-09-09 15:59:21
2025-09-09 15:59:59,2025-09-15 09:30:00,2025-09-09 16:00:00,2025-09-09 16:06:32
2025-09-10 10:10:38,2025-09-15 10:12:23,2025-09-10 10:11:54,2025-09-10 10:13:54
2025-09-10 10:41:52,2025-09-15 10:42:53,,
2025-09-10 10:47:32,2025-09-15 10:49:51,2025-09-10 10:48:46,2025-09-10 10:48:27
2025-09-10 11:10:21,2025-09-15 11:15:55,2025-09-10 11:10:53,2025-09-10 11:10:59
2025-09-10 11:10:53,2025-09-15 11:15:55,,
2025-09-10 11:23:56,2025-09-15 11:25:14,2025-09-10 11:28:01,2025-09-10 11:24:37
2025-09-10 11:24:37,2025-09-15 11:25:14,,
2025-09-10 11:29:52,2025-09-15 11:30:00,2025-09-10 11:30:07,2025-09-10 11:31:02
2025-09-10 11:35:52,2025-09-15 11:36:57,,
2025-09-10 12:14:08,2025-09-15 12:14:40,2025-09-10 12:15:15,2025-09-10 12:16:08
2025-09-10 12:19:00,2025-09-15 12:19:50,,
2025-09-10 12:35:09,2025-09-15 12:35:34,,
2025-09-10 12:51:16,2025-09-15 12:51:58,2025-09-10 12:51:18,2025-09-10 12:57:52
2025-09-10 12:51:18,2025-09-15 12:51:58,,
2025-09-10 12:57:05,2025-09-15 12:57:05,2025-09-10 12:57:06,2025-09-10 12:57:52
2025-09-10 12:57:06,2025-09-15 12:57:34,,
2025-09-10 13:11:23,2025-09-15 13:13:15,,
2025-09-10 13:47:14,2025-09-15 13:50:07,2025-09-10 13:48:31,2025-09-10 13:47:27
2025-09-10 13:53:44,2025-09-15 13:55:02,2025-09-10 13:56:28,2025-09-10 13:54:48
2025-09-10 14:02:54,2025-09-15 14:06:32,2025-09-10 14:07:00,2025-09-10 14:03:41
2025-09-10 14:10:17,2025-09-15 14:10:57,,
2025-09-10 14:25:51,2025-09-15 14:26:08,2025-09-10 14:29:26,2025-09-10 14:27:15
2025-09-10 14:27:15,2025-09-15 14:27:22,,
2025-09-10 14:30:38,2025-09-15 14:30:54,2025-09-10 14:32:36,2025-09-10 14:30:50
2025-09-10 14:30:50,2025-09-15 14:30:54,,
2025-09-10 14:44:23,2025-09-15 14:44:41,,
2025-09-10 14:50:32,2025-09-15 14:52:05,2025-09-10 14:51:06,2025-09-10 14:50:51
2025-09-10 14:50:51,2025-09-15 14:52:05,,
2025-09-10 14:53:41,2025-09-15 14:54:40,2025-09-10 14:54:04,2025-09-10 14:58:34
2025-09-10 14:54:04,2025-09-15 14:54:40,,
2025-09-10 14:54:44,2025-09-15 14:55:44,2025-09-10 14:57:11,2025-09-10 14:58:34
2025-09-10 14:57:11,2025-09-15 14:58:16,,
2025-09-10 15:25:10,2025-09-15 15:25:17,2025-09-10 15:25:14,2025-09-10 15:25:38
2025-09-10 15:25:14,2025-09-15 15:25:17,,
2025-09-10 15:30:42,2025-09-15 15:31:34,2025-09-10 15:31:30,2025-09-10 15:31:01
2025-09-10 15:33:45,2025-09-15 15:34:12,,
2025-09-10 15:47:46,2025-09-15 15:48:00,2025-09-10 15:48:35,2025-09-10 15:47:48
2025-09-10 15:47:48,2025-09-15 15:48:00,,
2025-09-10 15:49:38,2025-09-15 15:49:42,2025-09-10 15:50:09,2025-09-10 15:50:00
2025-09-10 15:50:00,2025-09-15 15:50:18,,
2025-09-10 15:55:03,2025-09-15 15:55:09,2025-09-10 15:55:10,2025-09-10 15:55:04
2025-09-10 15:55:04,2025-09-15 15:55:09,,
2025-09-10 15:57:04,2025-09-15 15:57:07,,
2025-09-10 15:59:21,2025-09-15 15:59:36,2025-09-10 15:59:39,2025-09-10 15:59:59
2025-09-11 13:11:34,2025-09-16 13:11:45,2025-09-11 13:13:51,2025-09-11 13:15:10
2025-09-11 13:13:51,2025-09-16 13:13:56,,
2025-09-11 14:02:48,2025-09-16 14:02:57,2025-09-11 14:05:14,2025-09-11 14:07:00
2025-09-11 14:05:14,2025-09-16 14:07:41,,
2025-09-11 14:06:18,2025-09-16 14:07:41,2025-09-11 14:13:27,2025-09-11 14:07:00
2025-09-11 14:25:35,2025-09-16 14:26:49,,
2025-09-11 14:45:45,2025-09-16 14:46:03,,
2025-09-11 14:46:39,2025-09-16 14:46:41,2025-09-11 14:47:06,2025-09-11 14:46:56
2025-09-11 14:59:24,2025-09-16 15:00:40,2025-09-11 15:01:56,2025-09-11 15:00:00
2025-09-11 15:50:02,2025-09-16 15:50:02,,
2025-09-12 13:37:45,2025-09-17 13:40:18,2025-09-12 13:45:10,2025-09-12 13:41:00
2025-09-12 13:41:00,2025-09-17 13:42:23,,
2025-09-12 15:26:40,2025-09-17 15:27:04,2025-09-12 15:30:13,2025-09-12 15:35:10
2025-09-12 15:59:00,2025-09-17 15:59:10,2025-09-15 09:30:00,2025-09-12 15:59:12
2025-09-15 12:31:00,2025-09-22 09:30:00,2025-09-15 12:31:06,2025-09-15 12:31:16
2025-09-15 12:31:06,2025-09-22 09:30:00,,
2025-09-15 15:09:51,2025-09-22 09:30:00,2025-09-15 15:14:09,2025-09-15 15:10:15
2025-09-15 15:10:15,2025-09-22 09:30:00,,
2025-09-15 15:34:30,2025-09-22 09:30:00,,
2025-09-15 15:50:18,2025-09-22 09:30:00,2025-09-15 15:50:22,2025-09-15 15:50:45
2025-09-15 15:50:22,2025-09-22 09:30:00,,
2025-09-15 15:54:26,2025-09-22 09:30:00,2025-09-15 15:55:02,2025-09-15 15:55:00
2025-09-15 15:55:00,2025-09-22 09:30:00,,
2025-09-16 10:21:14,2025-09-22 09:30:00,2025-09-16 10:24:56,2025-09-16 10:28:26
2025-09-16 10:24:56,2025-09-22 09:30:00,2025-09-17 14:00:13,
2025-09-16 11:05:19,2025-09-22 09:30:00,,
2025-09-16 11:27:22,2025-09-22 09:30:00,,
2025-09-16 12:23:24,2025-09-22 09:30:00,,
2025-09-16 12:59:41,2025-09-22 09:30:00,2025-09-16 13:00:04,2025-09-16 13:01:02
2025-09-16 13:09:56,2025-09-22 09:30:00,2025-09-16 13:10:21,2025-09-16 13:10:10
2025-09-16 13:10:10,2025-09-22 09:30:00,,
2025-09-16 13:13:45,2025-09-22 09:30:00,2025-09-16 13:14:11,2025-09-16 13:14:41
2025-09-16 13:14:11,2025-09-22 09:30:00,,
2025-09-16 13:18:15,2025-09-22 09:30:00,2025-09-16 13:18:53,2025-09-16 13:18:30
2025-09-16 13:18:30,2025-09-22 09:30:00,,
2025-09-16 13:19:17,2025-09-22 09:30:00,2025-09-16 13:19:31,2025-09-16 13:20:08
2025-09-16 13:21:59,2025-09-22 09:30:00,2025-09-16 13:22:20,2025-09-16 13:22:06
2025-09-16 13:22:45,2025-09-22 09:30:00,,
2025-09-16 13:22:56,2025-09-22 09:30:00,2025-09-16 13:23:24,2025-09-16 13:23:52
2025-09-16 13:23:24,2025-09-22 09:30:00,,
2025-09-16 13:24:25,2025-09-22 09:30:00,2025-09-16 13:26:48,2025-09-16 13:25:38
2025-09-16 13:25:38,2025-09-22 09:30:00,,
2025-09-16 13:52:50,2025-09-22 09:30:00,,
2025-09-16 13:55:12,2025-09-22 09:30:00,,
2025-09-16 14:33:01,2025-09-22 09:30:00,2025-09-16 14:33:07,2025-09-16 14:33:13
2025-09-16 14:36:40,2025-09-22 09:30:00,2025-09-16 14:37:38,2025-09-16 14:37:02
2025-09-16 14:37:02,2025-09-22 09:30:00,,
2025-09-16 14:38:20,2025-09-22 09:30:00,,
2025-09-16 14:39:38,2025-09-22 09:30:00,,
2025-09-16 14:42:39,2025-09-22 09:30:00,,
2025-09-16 14:42:54,2025-09-22 09:30:00,2025-09-16 14:43:00,2025-09-16 14:44:07
2025-09-16 14:43:00,2025-09-22 09:30:00,,
2025-09-16 14:43:18,2025-09-22 09:30:00,2025-09-16 14:44:07,2025-09-16 14:43:36
2025-09-16 14:43:36,2025-09-22 09:30:00,,
2025-09-16 14:43:39,2025-09-22 09:30:00,2025-09-16 14:44:07,2025-09-16 14:43:52
2025-09-16 14:43:52,2025-09-22 09:30:00,,
2025-09-16 14:48:05,2025-09-22 09:30:00,2025-09-16 14:48:11,2025-09-16 14:48:13
2025-09-16 14:48:41,2025-09-22 09:30:00,2025-09-16 14:49:06,2025-09-16 14:48:46
2025-09-16 14:48:46,2025-09-22 09:30:00,,
2025-09-16 14:49:09,2025-09-22 09:30:00,2025-09-16 14:49:33,2025-09-16 14:49:16
2025-09-16 14:49:16,2025-09-22 09:30:00,,
2025-09-16 14:50:18,2025-09-22 09:30:00,2025-09-16 14:51:09,2025-09-16 14:50:31
2025-09-16 14:50:31,2025-09-22 09:30:00,,
2025-09-16 14:51:59,2025-09-22 09:30:00,,
2025-09-16 14:56:32,2025-09-22 09:30:00,,
2025-09-16 15:02:57,2025-09-22 09:30:00,,
2025-09-16 15:38:16,2025-09-22 09:30:00,,
2025-09-16 15:58:29,2025-09-22 09:30:00,2025-09-16 15:59:19,2025-09-16 15:58:39
2025-09-16 15:58:39,2025-09-22 09:30:00,,
2025-09-16 15:58:55,2025-09-22 09:30:00,2025-09-16 15:59:19,2025-09-17 09:30:00
2025-09-17 11:01:48,2025-09-22 11:03:10,2025-09-17 11:03:02,2025-09-17 11:10:39
2025-09-17 11:55:54,2025-09-22 11:56:24,,
2025-09-17 11:59:52,2025-09-22 12:00:54,2025-09-17 12:00:04,2025-09-17 12:00:32
2025-09-17 12:00:04,2025-09-22 12:00:54,,
2025-09-17 12:05:34,2025-09-22 12:06:27,2025-09-17 12:05:40,2025-09-17 12:06:09
2025-09-17 12:05:40,2025-09-22 12:06:27,,
2025-09-17 12:10:42,2025-09-22 12:10:55,,
2025-09-18 10:17:02,2025-09-23 10:17:15,2025-09-18 10:18:52,2025-09-18 10:18:04
2025-09-18 10:18:04,2025-09-23 10:18:12,,
2025-09-18 10:20:50,2025-09-23 10:21:18,2025-09-18 10:21:24,2025-09-18 10:21:22
2025-09-18 10:21:22,2025-09-23 10:22:24,,
2025-09-18 10:33:45,2025-09-23 10:34:29,,
2025-09-18 10:34:25,2025-09-23 10:34:29,2025-09-18 10:35:21,2025-09-18 10:34:44
2025-09-18 10:34:44,2025-09-23 10:35:16,,
2025-09-18 10:42:47,2025-09-23 10:43:08,,
2025-09-18 11:41:04,2025-09-23 11:43:53,,
2025-09-18 11:45:06,2025-09-23 11:45:07,2025-09-18 11:50:29,2025-09-18 11:45:37
2025-09-18 13:40:18,2025-09-23 13:40:23,,
2025-09-18 13:45:10,2025-09-23 13:45:27,2025-09-18 13:47:24,2025-09-18 13:46:03
2025-09-18 15:07:53,2025-09-23 15:09:47,,
2025-09-18 15:15:54,2025-09-23 15:16:34,,
2025-09-18 15:19:33,2025-09-23 15:19:48,2025-09-18 15:19:42,2025-09-18 15:20:32
2025-09-18 15:36:48,2025-09-23 15:40:03,,
2025-09-18 15:44:37,2025-09-23 15:45:29,2025-09-18 15:44:55,2025-09-18 15:45:11
2025-09-18 15:44:55,2025-09-23 15:45:29,,
2025-09-18 15:59:01,2025-09-23 15:59:30,2025-09-18 16:00:00,2025-09-18 15:59:27
2025-09-18 15:59:27,2025-09-23 15:59:30,,
2025-09-19 09:38:12,2025-09-24 09:38:20,,
2025-09-19 10:15:42,2025-09-24 10:16:38,2025-09-19 10:18:50,2025-09-19 10:21:43
2025-09-19 14:43:43,2025-09-24 14:43:51,,
2025-09-19 14:48:55,2025-09-24 14:48:58,2025-09-19 14:50:57,2025-09-19 14:51:15
2025-09-19 15:01:01,2025-09-24 15:01:23,2025-09-19 15:01:40,2025-09-19 15:01:33
2025-09-19 15:01:33,2025-09-24 15:02:10,,
2025-09-19 15:35:34,2025-09-24 15:35:39,2025-09-19 15:37:42,2025-09-19 15:35:36
2025-09-19 15:41:07,2025-09-24 15:42:14,,
2025-09-19 15:44:10,2025-09-24 15:44:42,2025-09-19 15:46:52,2025-09-19 15:45:05
2025-09-19 15:57:46,2025-09-24 15:58:41,2025-09-19 15:57:52,2025-09-19 15:58:25
2025-09-19 15:57:52,2025-09-24 15:58:41,,
2025-09-19 15:59:32,2025-09-24 15:59:32,2025-09-19 16:00:00,2025-09-19 15:59:41
2025-09-22 09:46:04,2025-09-29 09:30:00,,
2025-09-22 11:40:07,2025-09-29 09:30:00,,
2025-09-22 14:49:46,2025-09-29 09:30:00,2025-09-22 14:50:00,2025-09-22 14:51:21
2025-09-23 09:47:10,2025-09-29 09:30:00,2025-09-23 09:48:14,2025-09-23 09:47:50
2025-09-23 09:47:50,2025-09-29 09:30:00,,
2025-09-23 10:43:08,2025-09-29 09:30:00,,
2025-09-23 10:45:08,2025-09-29 09:30:00,2025-09-23 10:45:42,2025-09-23 10:46:41
2025-09-23 10:45:42,2025-09-29 09:30:00,,
2025-09-23 11:45:30,2025-09-29 09:30:00,2025-09-23 11:45:33,2025-09-23 11:46:08
2025-09-23 11:45:33,2025-09-29 09:30:00,,
2025-09-23 12:39:18,2025-09-29 09:30:00,2025-09-23 12:43:21,2025-09-23 12:40:48
2025-09-23 13:45:27,2025-09-29 09:30:00,,
2025-09-23 15:48:13,2025-09-29 09:30:00,2025-09-23 15:49:21,2025-09-23 15:50:08
2025-09-23 15:54:14,2025-09-29 09:30:00,,
2025-09-23 15:59:58,2025-09-29 09:30:00,,
2025-09-24 11:34:03,2025-09-29 11:34:04,2025-09-24 11:35:45,2025-09-24 11:34:38
2025-09-24 13:29:02,2025-09-29 13:31:13,2025-09-24 13:29:39,2025-09-24 13:30:41
2025-09-24 14:03:20,2025-09-29 14:04:32,,
2025-09-24 14:46:47,2025-09-29 14:48:17,2025-09-24 14:55:25,2025-09-24 14:48:19
2025-09-24 15:14:06,2025-09-29 15:14:06,2025-09-24 15:14:17,2025-09-24 15:14:49
2025-09-24 15:59:32,2025-09-29 15:59:43,2025-09-24 15:59:59,2025-09-25 09:30:00
2025-09-25 09:44:31,2025-09-30 09:48:02,,
2025-09-25 12:16:12,2025-09-30 12:16:48,2025-09-25 12:20:39,2025-09-25 12:22:29
2025-09-25 12:20:39,2025-09-30 12:20:58,,
2025-09-25 13:34:45,2025-09-30 13:35:26,,
2025-09-25 14:43:22,2025-09-30 14:44:04,2025-09-25 14:43:55,2025-09-25 14:46:47
2025-09-25 15:01:29,2025-09-30 15:02:21,,
2025-09-26 12:04:26,2025-10-01 12:04:49,,
2025-09-26 12:04:32,2025-10-01 12:04:49,2025-09-26 12:17:18,2025-09-26 12:04:42
2025-09-26 14:36:52,2025-10-01 14:38:18,,
2025-09-26 15:39:28,2025-10-01 15:40:04,2025-09-26 15:41:34,2025-09-26 15:42:16
2025-09-26 15:41:34,2025-10-01 15:42:41,,
2025-09-26 15:59:25,2025-10-01 15:59:32,2025-09-29 09:30:00,2025-09-26 15:59:45
2025-09-29 11:29:53,2025-10-06 09:30:00,2025-09-29 11:35:13,2025-09-29 11:30:32
2025-09-29 14:34:34,2025-10-06 09:30:00,,
2025-09-29 14:38:52,2025-10-06 09:30:00,2025-09-29 14:40:15,2025-09-29 14:43:15
2025-09-29 15:01:46,2025-10-06 09:30:00,2025-09-29 15:02:07,2025-09-29 15:06:26
2025-09-29 15:40:53,2025-10-06 09:30:00,,
2025-09-30 11:10:24,2025-10-06 09:30:00,,
2025-09-30 14:59:54,2025-10-06 09:30:00,2025-09-30 15:00:35,2025-09-30 15:00:36
2025-09-30 15:04:35,2025-10-06 09:30:00,2025-09-30 15:05:09,2025-09-30 15:07:08
2025-09-30 15:21:50,2025-10-06 09:30:00,2025-09-30 15:23:17,2025-09-30 15:23:03
2025-09-30 15:23:03,2025-10-06 09:30:00,,
2025-10-01 10:45:06,2025-10-06 10:47:17,2025-10-01 10:45:30,2025-10-01 10:45:36
2025-10-01 10:45:30,2025-10-06 10:47:17,,
2025-10-01 11:03:03,2025-10-06 11:03:12,2025-10-01 11:04:01,2025-10-01 11:04:14
2025-10-01 11:04:01,2025-10-06 11:08:28,,
2025-10-01 11:23:43,2025-10-06 11:24:12,2025-10-01 11:31:10,2025-10-01 11:25:03
2025-10-01 11:25:03,2025-10-06 11:27:46,,
2025-10-01 11:28:07,2025-10-06 11:33:26,2025-10-01 11:31:10,2025-10-01 11:28:36
2025-10-01 11:28:36,2025-10-06 11:33:26,,
2025-10-01 11:34:44,2025-10-06 11:36:28,2025-10-01 11:36:12,2025-10-01 11:36:50
2025-10-01 12:13:18,2025-10-06 12:13:38,,
2025-10-01 12:31:04,2025-10-06 12:33:10,,
2025-10-01 13:16:37,2025-10-06 13:16:48,2025-10-01 13:18:28,2025-10-01 13:19:44
2025-10-01 13:18:28,2025-10-06 13:20:17,,
2025-10-01 13:59:02,2025-10-06 14:00:17,2025-10-01 14:03:01,2025-10-01 14:00:14
2025-10-01 14:00:14,2025-10-06 14:00:17,,
2025-10-01 15:17:17,2025-10-06 15:17:46,2025-10-01 15:18:51,2025-10-01 15:18:27
2025-10-01 15:23:02,2025-10-06 15:23:25,2025-10-01 15:26:15,2025-10-01 15:24:45
2025-10-01 15:40:33,2025-10-06 15:41:00,2025-10-01 15:41:21,2025-10-01 15:40:40
2025-10-01 15:59:00,2025-10-06 15:59:00,2025-10-01 15:59:07,2025-10-01 15:59:45
2025-10-01 15:59:07,2025-10-06 15:59:21,,
2025-10-01 15:59:32,2025-10-06 15:59:40,2025-10-01 15:59:49,2025-10-01 15:59:45
2025-10-02 10:47:17,2025-10-07 10:48:26,,
2025-10-02 13:36:55,2025-10-07 13:37:48,2025-10-02 13:47:19,2025-10-02 13:39:08
2025-10-02 13:39:08,2025-10-07 13:39:15,,
2025-10-02 14:19:24,2025-10-07 14:20:09,2025-10-02 14:21:58,2025-10-02 14:20:14
2025-10-02 14:20:14,2025-10-07 14:22:17,,
2025-10-02 14:31:57,2025-10-07 14:33:44,,
2025-10-02 14:34:14,2025-10-07 14:35:27,2025-10-02 14:34:45,2025-10-02 14:37:53
2025-10-02 15:05:24,2025-10-07 15:06:21,,
2025-10-02 15:12:23,2025-10-07 15:13:04,,
2025-10-02 15:21:42,2025-10-07 15:23:32,2025-10-02 15:25:22,2025-10-02 15:22:40
2025-10-02 15:25:34,2025-10-07 15:25:43,2025-10-02 15:26:50,2025-10-02 15:25:45
2025-10-02 15:34:59,2025-10-07 15:35:05,,
2025-10-02 15:36:27,2025-10-07 15:36:32,2025-10-02 15:39:18,2025-10-02 15:36:48
2025-10-02 15:50:00,2025-10-07 15:50:01,,
2025-10-02 15:51:54,2025-10-07 15:52:54,2025-10-02 15:53:42,2025-10-02 15:52:09
2025-10-02 15:57:43,2025-10-07 15:57:57,2025-10-02 15:58:23,2025-10-02 15:58:00
2025-10-03 10:45:29,2025-10-08 10:46:11,,
2025-10-03 11:25:59,2025-10-08 11:26:19,,
2025-10-03 11:48:03,2025-10-08 11:50:34,2025-10-03 11:48:06,2025-10-03 11:48:04
2025-10-03 11:48:17,2025-10-08 11:50:34,2025-10-03 11:51:05,2025-10-03 11:48:55
2025-10-03 11:53:59,2025-10-08 11:54:23,2025-10-03 11:56:38,2025-10-03 11:54:18
2025-10-03 12:20:05,2025-10-08 12:21:41,2025-10-03 12:20:55,2025-10-03 12:36:47
2025-10-03 12:43:53,2025-10-08 12:46:16,2025-10-03 12:44:12,2025-10-03 12:44:38
2025-10-03 15:08:22,2025-10-08 15:08:22,2025-10-03 15:12:00,2025-10-03 15:08:49
2025-10-03 15:50:02,2025-10-08 15:50:04,,
2025-10-03 15:59:36,2025-10-08 15:59:39,,
2025-10-06 11:44:35,2025-10-13 09:29:59,2025-10-06 11:44:39,2025-10-06 11:44:38
2025-10-06 11:44:38,2025-10-13 09:29:59,,
2025-10-06 15:31:32,2025-10-13 09:29:59,2025-10-06 15:33:41,2025-10-06 15:32:06
2025-10-06 15:34:11,2025-10-13 09:29:59,2025-10-06 15:36:19,2025-10-06 15:34:33
2025-10-06 15:50:00,2025-10-13 09:29:59,2025-10-06 15:53:45,2025-10-06 15:50:40
2025-10-06 15:50:40,2025-10-13 09:29:59,,
2025-10-07 11:59:14,2025-10-13 09:29:59,2025-10-07 12:00:07,2025-10-07 12:03:42
2025-10-07 12:29:46,2025-10-13 09:29:59,,
2025-10-07 14:27:41,2025-10-13 09:29:59,2025-10-07 14:39:19,2025-10-07 14:28:55
2025-10-07 14:28:55,2025-10-13 09:29:59,,
2025-10-07 14:59:50,2025-10-13 09:29:59,,
2025-10-07 15:01:57,2025-10-13 09:29:59,2025-10-07 15:02:28,2025-10-07 15:06:21
2025-10-07 15:20:57,2025-10-13 09:29:59,2025-10-07 15:25:43,2025-10-07 15:26:20
2025-10-07 15:47:26,2025-10-13 09:29:59,,
2025-10-07 15:49:02,2025-10-13 09:29:59,,
2025-10-07 15:56:32,2025-10-13 09:29:59,2025-10-07 15:57:57,2025-10-07 15:58:05
2025-10-07 15:59:42,2025-10-13 09:29:59,2025-10-07 15:59:50,2025-10-07 15:59:47
2025-10-07 15:59:47,2025-10-13 09:29:59,,
2025-10-08 09:37:49,2025-10-13 09:38:07,,
2025-10-08 09:44:27,2025-10-13 09:45:08,2025-10-08 09:45:00,2025-10-08 09:45:24
2025-10-08 09:45:00,2025-10-13 09:45:08,,
2025-10-08 11:16:11,2025-10-13 11:16:34,2025-10-08 11:32:51,2025-10-08 11:26:19
2025-10-08 11:26:19,2025-10-13 11:27:04,,
2025-10-08 14:34:32,2025-10-13 14:35:57,2025-10-08 14:38:19,2025-10-08 14:36:22
2025-10-08 14:49:53,2025-10-13 14:50:13,2025-10-08 14:52:21,2025-10-08 14:51:46
2025-10-08 14:59:31,2025-10-13 15:00:31,,
2025-10-08 15:03:44,2025-10-13 15:05:01,2025-10-08 15:05:04,2025-10-08 15:07:22
2025-10-08 15:05:04,2025-10-13 15:07:22,,
2025-10-08 15:22:40,2025-10-13 15:22:41,2025-10-08 15:23:00,2025-10-08 15:23:07
2025-10-08 15:23:00,2025-10-13 15:23:20,,
2025-10-08 15:25:21,2025-10-13 15:25:40,2025-10-08 15:27:01,2025-10-08 15:26:19
2025-10-08 15:28:47,2025-10-13 15:32:51,2025-10-08 15:29:05,2025-10-08 15:31:18
2025-10-08 15:31:18,2025-10-13 15:32:51,,
2025-10-08 15:37:24,2025-10-13 15:38:58,2025-10-10 11:00:41,2025-10-13 09:30:00
2025-10-08 15:58:55,2025-10-13 15:58:55,,
2025-10-08 15:59:44,2025-10-13 15:59:54,2025-10-08 15:59:58,2025-10-08 16:00:00
2025-10-09 10:52:39,2025-10-14 10:53:48,2025-10-09 10:56:25,2025-10-09 10:53:47
2025-10-09 13:27:10,2025-10-14 13:27:47,,
2025-10-09 15:03:28,2025-10-14 15:03:36,,
2025-10-09 15:08:49,2025-10-14 15:09:13,2025-10-09 15:09:15,2025-10-09 15:12:56
2025-10-09 15:21:57,2025-10-14 15:22:40,2025-10-09 15:22:28,2025-10-09 15:25:41
2025-10-09 15:47:08,2025-10-14 15:47:45,2025-10-09 15:47:19,2025-10-09 15:47:11
2025-10-09 15:47:11,2025-10-14 15:47:45,,
2025-10-09 15:47:14,2025-10-14 15:47:45,2025-10-09 15:47:19,2025-10-09 15:47:58
2025-10-09 15:47:58,2025-10-14 15:48:23,,
2025-10-09 15:55:00,2025-10-14 15:55:00,,
2025-10-09 15:57:25,2025-10-14 15:57:52,2025-10-09 15:57:52,2025-10-09 15:58:31
2025-10-09 15:58:35,2025-10-14 15:58:49,2025-10-09 15:59:21,2025-10-09 15:59:00
2025-10-09 15:59:00,2025-10-14 15:59:12,,
2025-10-10 10:20:46,2025-10-15 10:22:23,2025-10-10 10:21:08,2025-10-10 10:21:46
2025-10-10 10:21:08,2025-10-15 10:22:23,,
2025-10-10 10:51:04,2025-10-15 10:51:37,2025-10-10 10:52:44,2025-10-10 10:52:05
2025-10-10 10:52:05,2025-10-15 10:52:23,,
2025-10-10 10:56:20,2025-10-15 10:57:02,,
2025-10-10 10:56:36,2025-10-15 10:57:02,2025-10-10 10:57:53,2025-10-10 10:57:31
2025-10-10 15:31:14,2025-10-15 15:32:45,2025-10-10 15:31:15,2025-10-10 15:32:29
2025-10-10 15:31:15,2025-10-15 15:32:45,,
2025-10-13 09:38:47,2025-10-20 09:30:00,2025-10-13 09:40:57,2025-10-13 09:38:51
2025-10-13 09:38:51,2025-10-20 09:30:00,,
2025-10-13 09:47:03,2025-10-20 09:30:00,2025-10-13 09:49:08,2025-10-13 09:47:49
2025-10-13 09:47:49,2025-10-20 09:30:00,,
2025-10-13 09:50:36,2025-10-20 09:30:00,,
2025-10-13 09:53:07,2025-10-20 09:30:00,2025-10-13 09:55:42,2025-10-13 09:55:19
2025-10-13 09:55:19,2025-10-20 09:30:00,,
2025-10-13 10:25:22,2025-10-20 09:30:00,2025-10-13 10:30:26,2025-10-13 10:26:22
2025-10-13 10:45:50,2025-10-20 09:30:00,2025-10-13 10:46:27,2025-10-13 10:47:24
2025-10-13 10:46:27,2025-10-20 09:30:00,,
2025-10-13 11:06:19,2025-10-20 09:30:00,2025-10-13 11:07:46,2025-10-13 11:08:52
2025-10-13 14:37:11,2025-10-20 09:30:00,,
2025-10-13 14:38:16,2025-10-20 09:30:00,2025-10-13 14:45:22,2025-10-13 14:38:48
2025-10-13 15:16:37,2025-10-20 09:30:00,,
2025-10-13 15:38:58,2025-10-20 09:30:00,,
2025-10-13 15:45:42,2025-10-20 09:30:00,2025-10-13 15:46:44,2025-10-13 15:47:04
2025-10-14 09:30:00,2025-10-20 09:30:00,2025-10-14 09:35:20,2025-10-14 09:33:46
2025-10-14 10:14:35,2025-10-20 09:30:00,2025-10-14 10:15:55,2025-10-14 10:16:19
2025-10-14 10:15:55,2025-10-20 09:30:00,,
2025-10-14 11:06:24,2025-10-20 09:30:00,2025-10-14 11:06:48,2025-10-14 11:08:01
2025-10-14 11:35:53,2025-10-20 09:30:00,,
2025-10-14 11:49:21,2025-10-20 09:30:00,2025-10-14 11:50:50,2025-10-14 11:49:42
2025-10-14 11:49:42,2025-10-20 09:30:00,,
2025-10-14 12:10:38,2025-10-20 09:30:00,,
2025-10-14 12:14:29,2025-10-20 09:30:00,,
2025-10-14 12:14:34,2025-10-20 09:30:00,2025-10-14 12:14:53,2025-10-14 12:16:22
2025-10-14 12:14:53,2025-10-20 09:30:00,,
2025-10-14 12:19:37,2025-10-20 09:30:00,2025-10-14 12:20:11,2025-10-14 12:21:47
2025-10-14 12:20:11,2025-10-20 09:30:00,,
2025-10-14 12:24:49,2025-10-20 09:30:00,2025-10-14 12:25:13,2025-10-14 12:26:13
2025-10-14 12:30:28,2025-10-20 09:30:00,,
2025-10-14 12:32:52,2025-10-20 09:30:00,2025-10-14 12:33:44,2025-10-14 12:33:16
2025-10-14 12:33:16,2025-10-20 09:30:00,,
2025-10-14 12:35:42,2025-10-20 09:30:00,,
2025-10-14 13:40:50,2025-10-20 09:30:00,,
2025-10-14 14:07:48,2025-10-20 09:30:00,2025-10-14 14:08:56,2025-10-14 14:08:41
2025-10-14 14:08:41,2025-10-20 09:30:00,,
2025-10-14 14:42:48,2025-10-20 09:30:00,,
2025-10-14 14:45:35,2025-10-20 09:30:00,,
2025-10-14 15:01:17,2025-10-20 09:30:00,2025-10-14 15:03:36,2025-10-14 15:02:43
2025-10-14 15:21:17,2025-10-20 09:30:00,,
2025-10-14 15:30:50,2025-10-20 09:30:00,2025-10-14 15:31:49,2025-10-14 15:31:25
2025-10-14 15:31:49,2025-10-20 09:30:00,,
2025-10-14 15:33:21,2025-10-20 09:30:00,2025-10-14 15:33:33,2025-10-14 15:33:31
2025-10-14 15:37:03,2025-10-20 09:30:00,2025-10-14 15:37:21,2025-10-14 15:37:05
2025-10-15 10:43:07,2025-10-20 10:43:08,2025-10-15 10:43:43,2025-10-15 10:44:01
2025-10-15 11:03:23,2025-10-20 11:03:29,,
2025-10-15 11:08:08,2025-10-20 11:10:19,,
2025-10-15 12:00:08,2025-10-20 12:01:50,2025-10-15 12:00:47,2025-10-15 12:00:12
2025-10-15 12:01:18,2025-10-20 12:01:50,2025-10-15 12:03:31,2025-10-15 12:04:45
2025-10-15 12:03:31,2025-10-20 12:05:23,,
2025-10-15 12:10:28,2025-10-20 12:11:44,2025-10-15 12:15:08,2025-10-15 12:12:22
2025-10-15 13:09:01,2025-10-20 13:09:01,,
2025-10-15 13:32:21,2025-10-20 13:34:04,,
2025-10-15 13:36:02,2025-10-20 13:37:15,2025-10-15 13:38:28,2025-10-15 13:41:01
2025-10-15 13:38:28,2025-10-20 13:40:44,,
2025-10-15 13:45:34,2025-10-20 13:46:40,,
2025-10-15 14:08:41,2025-10-20 14:08:54,2025-10-15 14:09:54,2025-10-15 14:10:41
2025-10-15 14:50:29,2025-10-20 14:51:20,,
2025-10-15 14:56:58,2025-10-20 14:57:17,2025-10-15 15:00:22,2025-10-15 14:57:40
2025-10-15 14:57:40,2025-10-20 14:58:48,,
2025-10-15 15:10:13,2025-10-20 15:10:20,2025-10-15 15:11:37,2025-10-15 15:10:29
2025-10-15 15:10:29,2025-10-20 15:10:42,,
2025-10-15 15:29:26,2025-10-20 15:29:51,2025-10-15 15:30:17,2025-10-15 15:30:35
2025-10-16 09:30:00,2025-10-21 09:30:00,,
2025-10-16 10:57:33,2025-10-21 10:57:52,,
2025-10-16 11:01:24,2025-10-21 11:01:38,,
2025-10-16 15:26:45,2025-10-21 15:27:56,2025-10-16 15:26:54,2025-10-16 15:26:50
2025-10-16 15:31:09,2025-10-21 15:32:06,2025-10-16 15:31:18,2025-10-16 15:31:58
2025-10-17 11:54:19,2025-10-22 11:55:24,2025-10-17 11:56:16,2025-10-17 11:58:13
2025-10-17 13:32:02,2025-10-22 13:34:38,2025-10-17 13:33:18,2025-10-17 13:33:33
2025-10-17 13:33:18,2025-10-22 13:34:38,,
2025-10-17 13:57:20,2025-10-22 13:59:03,2025-10-17 14:00:36,2025-10-17 14:00:07
2025-10-17 15:30:05,2025-10-22 15:30:15,,
2025-10-17 15:33:44,2025-10-22 15:34:14,2025-10-17 15:33:45,2025-10-17 15:34:14
2025-10-17 15:33:45,2025-10-22 15:34:14,,
2025-10-17 15:38:03,2025-10-22 15:38:25,,
2025-10-17 15:54:50,2025-10-22 15:54:56,2025-10-17 15:55:14,2025-10-17 15:55:00
2025-10-17 15:56:24,2025-10-22 15:57:01,2025-10-17 15:57:22,2025-10-17 15:56:40
2025-10-17 15:57:22,2025-10-22 15:57:36,,
2025-10-17 15:58:51,2025-10-22 15:59:00,2025-10-17 15:59:00,2025-10-17 15:59:24
2025-10-17 15:59:00,2025-10-22 15:59:00,,
2025-10-17 16:00:00,2025-10-22 16:00:00,,
2025-10-20 11:46:14,2025-10-27 09:30:00,2025-10-20 11:47:02,2025-10-20 11:47:23
2025-10-20 11:47:02,2025-10-27 09:30:00,,
2025-10-20 11:51:55,2025-10-27 09:30:00,2025-10-20 11:52:27,2025-10-20 11:52:17
2025-10-20 12:59:53,2025-10-27 09:30:00,,
2025-10-20 13:18:58,2025-10-27 09:30:00,,
2025-10-20 13:19:21,2025-10-27 09:30:00,2025-10-20 13:19:23,2025-10-20 13:19:27
2025-10-20 13:19:23,2025-10-27 09:30:00,,
2025-10-20 13:20:39,2025-10-27 09:30:00,,
2025-10-20 13:24:24,2025-10-27 09:30:00,,
2025-10-20 13:40:44,2025-10-27 09:30:00,2025-10-20 13:46:40,2025-10-20 13:41:46
2025-10-20 13:41:46,2025-10-27 09:30:00,,
2025-10-20 14:29:21,2025-10-27 09:30:00,,
2025-10-20 14:56:44,2025-10-27 09:30:00,,
2025-10-20 14:58:48,2025-10-27 09:30:00,2025-10-20 14:59:10,2025-10-20 15:00:37
2025-10-20 14:59:10,2025-10-27 09:30:00,,
2025-10-20 15:07:47,2025-10-27 09:30:00,,
2025-10-20 15:10:20,2025-10-27 09:30:00,2025-10-20 15:10:42,2025-10-20 15:11:27
2025-10-20 15:43:21,2025-10-27 09:30:00,,
2025-10-20 15:49:44,2025-10-27 09:30:00,2025-10-20 15:50:21,2025-10-20 15:49:52
2025-10-20 15:49:52,2025-10-27 09:30:00,,
2025-10-20 15:58:18,2025-10-27 09:30:00,,
2025-10-21 14:07:44,2025-10-27 09:30:00,2025-10-21 14:11:00,2025-10-21 14:13:34
2025-10-21 14:11:00,2025-10-27 09:30:00,,
2025-10-21 14:46:12,2025-10-27 09:30:00,,
2025-10-21 14:56:49,2025-10-27 09:30:00,,
2025-10-21 15:13:44,2025-10-27 09:30:00,2025-10-21 15:17:33,2025-10-21 15:14:05
2025-10-21 15:18:24,2025-10-27 09:30:00,2025-10-21 15:21:55,2025-10-21 15:19:56
2025-10-21 15:46:11,2025-10-27 09:30:00,,
2025-10-21 15:48:38,2025-10-27 09:30:00,2025-10-21 15:49:12,2025-10-21 15:50:18
2025-10-21 15:50:18,2025-10-27 09:30:00,,
2025-10-21 15:52:30,2025-10-27 09:30:00,2025-10-21 15:54:07,2025-10-21 15:54:40
2025-10-22 10:50:53,2025-10-27 10:52:00,,
2025-10-22 10:58:10,2025-10-27 11:00:02,2025-10-22 11:00:06,2025-10-22 10:58:50
2025-10-22 10:58:50,2025-10-27 11:00:02,,
2025-10-22 11:10:14,2025-10-27 11:11:38,,
2025-10-22 12:31:25,2025-10-27 12:31:38,2025-10-22 12:33:16,2025-10-22 12:32:12
2025-10-22 13:17:49,2025-10-27 13:19:16,2025-10-22 13:18:25,2025-10-22 13:18:13
2025-10-22 13:18:13,2025-10-27 13:19:16,,
2025-10-22 14:36:34,2025-10-27 14:37:07,,
2025-10-22 15:10:02,2025-10-27 15:10:08,,
2025-10-22 15:32:42,2025-10-27 15:33:02,2025-10-22 15:33:37,2025-10-22 15:33:10
2025-10-22 15:33:10,2025-10-27 15:33:12,,
2025-10-22 15:47:56,2025-10-27 15:50:06,2025-10-22 15:49:03,2025-10-22 15:48:14
2025-10-22 15:48:14,2025-10-27 15:50:06,,
2025-10-22 15:50:21,2025-10-27 15:50:40,2025-10-22 15:50:46,2025-10-22 15:50:30
2025-10-22 15:50:30,2025-10-27 15:50:40,,
2025-10-23 10:42:29,2025-10-28 10:42:37,2025-10-23 10:44:43,2025-10-23 10:43:17
2025-10-23 10:43:17,2025-10-28 10:48:02,,
2025-10-23 11:38:28,2025-10-28 11:42:05,,
2025-10-23 12:18:02,2025-10-28 12:18:09,2025-10-23 12:19:51,2025-10-23 12:23:22
2025-10-23 12:19:51,2025-10-28 12:21:46,,
2025-10-23 12:54:24,2025-10-28 12:56:14,2025-10-23 13:03:37,2025-10-23 12:55:24
2025-10-23 12:55:24,2025-10-28 12:56:14,,
2025-10-23 14:07:21,2025-10-28 14:12:00,2025-10-23 14:09:36,2025-10-23 14:08:42
2025-10-23 14:08:42,2025-10-28 14:12:00,,
2025-10-23 14:13:21,2025-10-28 14:15:40,,
2025-10-23 14:26:01,2025-10-28 14:26:33,2025-10-23 14:33:30,2025-10-23 14:35:12
2025-10-23 15:04:26,2025-10-28 15:04:26,2025-10-23 15:07:48,2025-10-23 15:05:04
2025-10-23 15:39:55,2025-10-28 15:40:39,2025-10-23 15:43:26,2025-10-23 15:40:02
2025-10-23 15:51:09,2025-10-28 15:52:19,2025-10-23 15:52:00,2025-10-23 15:51:45
2025-10-23 15:54:14,2025-10-28 15:55:01,2025-10-23 15:54:35,2025-10-23 15:54:30
2025-10-23 15:59:00,2025-10-28 15:59:16,,
2025-10-23 15:59:48,2025-10-28 15:59:48,2025-10-23 15:59:53,2025-10-23 15:59:55
2025-10-23 15:59:53,2025-10-28 15:59:55,,
2025-10-24 08:30:02,2025-10-29 09:30:00,2025-10-24 09:30:00,2025-10-24 09:34:26
2025-10-24 09:30:00,2025-10-29 09:30:00,,
2025-10-24 10:25:24,2025-10-29 10:25:36,,
2025-10-24 11:00:10,2025-10-29 11:00:38,2025-10-24 11:03:34,2025-10-24 11:07:02
2025-10-24 11:03:34,2025-10-29 11:03:49,,
2025-10-24 11:11:31,2025-10-29 11:12:25,2025-10-24 11:15:13,2025-10-24 11:13:39
2025-10-24 13:50:27,2025-10-29 13:50:58,,
2025-10-24 14:54:02,2025-10-29 14:54:13,2025-10-24 14:56:09,2025-10-24 14:55:12
2025-10-24 14:55:12,2025-10-29 14:55:16,,
2025-10-24 15:33:43,2025-10-29 15:33:58,,
2025-10-24 15:40:13,2025-10-29 15:40:34,2025-10-24 15:41:20,2025-10-24 15:40:53
2025-10-24 15:42:18,2025-10-29 15:42:25,,
2025-10-24 15:54:23,2025-10-29 15:54:29,,
2025-10-24 15:54:30,2025-10-29 15:54:44,2025-10-24 15:54:32,2025-10-24 15:55:04
2025-10-24 15:54:32,2025-10-29 15:54:44,,
2025-10-27 13:12:58,2025-11-03 09:30:00,,
2025-10-27 13:13:17,2025-11-03 09:30:00,2025-10-27 13:14:45,2025-10-27 13:15:43
2025-10-27 13:14:45,2025-11-03 09:30:00,,
2025-10-27 13:45:24,2025-11-03 09:30:00,2025-10-27 13:45:38,2025-10-27 13:46:23
2025-10-27 13:45:38,2025-11-03 09:30:00,,
2025-10-27 14:37:07,2025-11-03 09:30:00,2025-10-27 14:37:45,2025-10-27 14:38:25
2025-10-27 14:37:45,2025-11-03 09:30:00,,
2025-10-27 14:52:11,2025-11-03 09:30:00,,
2025-10-27 15:01:41,2025-11-03 09:30:00,,
2025-10-27 15:26:50,2025-11-03 09:30:00,2025-10-27 15:28:16,2025-10-27 15:31:08
2025-10-28 13:13:33,2025-11-03 09:30:00,2025-10-28 13:14:36,2025-10-28 13:15:17
2025-10-28 13:18:08,2025-11-03 09:30:00,,
2025-10-28 15:01:19,2025-11-03 09:30:00,2025-10-28 15:03:37,2025-10-28 15:02:43
2025-10-28 15:59:16,2025-11-03 09:30:00,2025-10-28 15:59:48,2025-10-28 15:59:28
2025-10-29 11:06:02,2025-11-03 11:07:12,,
2025-10-29 14:01:01,2025-11-03 14:04:39,2025-10-29 14:02:40,2025-10-29 14:03:02
2025-10-29 14:30:32,2025-11-03 14:31:13,2025-10-29 14:31:03,2025-10-29 14:31:12
2025-10-29 14:31:03,2025-11-03 14:31:13,,
2025-10-29 15:22:47,2025-11-03 15:23:05,2025-10-29 15:22:59,2025-10-29 15:25:28
2025-10-29 15:55:17,2025-11-03 15:55:18,,
2025-10-30 09:57:22,2025-11-04 09:57:45,2025-10-30 09:58:36,2025-10-30 10:00:06
2025-10-30 10:56:45,2025-11-04 10:58:01,2025-10-30 11:06:02,2025-10-30 10:56:59
2025-10-30 10:56:59,2025-11-04 10:58:01,,
2025-10-30 11:05:05,2025-11-04 11:05:05,2025-10-30 11:06:02,2025-10-30 11:05:38
2025-10-30 11:05:38,2025-11-04 11:08:36,,
2025-10-30 11:19:50,2025-11-04 11:19:59,2025-10-30 11:20:17,2025-10-30 11:20:50
2025-10-30 11:45:16,2025-11-04 11:46:29,2025-10-30 11:49:08,2025-10-30 11:53:41
2025-10-30 11:49:08,2025-11-04 11:49:16,,
2025-10-30 11:55:19,2025-11-04 11:55:32,,
2025-10-30 12:45:47,2025-11-04 12:46:47,2025-10-30 12:51:06,2025-10-30 12:47:05
2025-10-30 12:47:05,2025-11-04 12:48:09,,
2025-10-30 12:55:04,2025-11-04 12:59:55,2025-10-30 12:55:51,2025-10-30 12:57:42
2025-10-30 12:55:51,2025-11-04 12:59:55,,
2025-10-30 13:05:28,2025-11-04 13:06:29,2025-10-30 13:07:14,2025-10-30 13:07:37
2025-10-30 13:07:14,2025-11-04 13:07:40,,
2025-10-30 14:44:08,2025-11-04 14:45:27,2025-10-30 14:47:29,2025-10-30 14:46:17
2025-10-30 14:49:00,2025-11-04 14:50:31,2025-10-30 14:52:34,2025-10-30 14:49:11
2025-10-30 14:59:06,2025-11-04 15:00:00,,
2025-10-30 15:10:40,2025-11-04 15:10:49,,
2025-10-30 15:24:00,2025-11-04 15:24:15,,
2025-10-30 15:37:42,2025-11-04 15:37:42,2025-10-30 15:41:08,2025-10-30 15:40:24
2025-10-30 15:40:24,2025-11-04 15:40:27,,
2025-10-30 15:57:37,2025-11-04 15:57:39,2025-10-30 15:58:06,2025-10-30 15:58:07
2025-10-30 15:58:06,2025-11-04 15:58:57,,
2025-10-31 10:48:47,2025-11-05 10:50:09,2025-10-31 10:49:59,2025-10-31 10:53:26
2025-10-31 11:13:31,2025-11-05 11:15:10,2025-10-31 11:14:03,2025-10-31 11:15:02
2025-10-31 11:32:36,2025-11-05 11:32:46,2025-10-31 11:32:40,2025-10-31 11:32:43
2025-10-31 11:32:40,2025-11-05 11:32:46,,
2025-10-31 11:32:54,2025-11-05 11:34:16,2025-10-31 11:33:26,2025-10-31 11:33:56
2025-10-31 11:33:26,2025-11-05 11:34:16,,
2025-10-31 12:29:08,2025-11-05 12:29:51,,
2025-10-31 15:02:30,2025-11-05 15:04:34,2025-10-31 15:06:52,2025-10-31 15:06:06
2025-10-31 15:06:06,2025-11-05 15:07:49,,
2025-10-31 15:24:32,2025-11-05 15:24:53,2025-10-31 15:28:01,2025-10-31 15:24:49
2025-10-31 15:24:49,2025-11-05 15:24:53,,
2025-10-31 15:25:19,2025-11-05 15:25:56,2025-10-31 15:28:01,2025-10-31 15:26:39
2025-10-31 15:26:39,2025-11-05 15:26:55,,
2025-11-03 10:33:03,2025-11-10 09:30:00,,
2025-11-03 10:45:43,2025-11-10 09:30:00,2025-11-03 10:46:43,2025-11-03 10:45:58
2025-11-03 11:16:19,2025-11-10 09:30:00,2025-11-03 11:18:03,2025-11-03 11:16:48
2025-11-03 11:16:48,2025-11-10 09:30:00,,
2025-11-03 11:45:12,2025-11-10 09:30:00,,
2025-11-03 12:20:03,2025-11-10 09:30:00,,
2025-11-03 12:50:20,2025-11-10 09:30:00,2025-11-03 12:52:30,2025-11-03 12:51:06
2025-11-03 12:51:06,2025-11-10 09:30:00,,
2025-11-03 15:06:20,2025-11-10 09:30:00,2025-11-03 15:09:57,2025-11-03 15:07:12
2025-11-03 15:36:11,2025-11-10 09:30:00,,
2025-11-03 15:38:35,2025-11-10 09:30:00,,
2025-11-04 11:23:19,2025-11-10 09:30:00,2025-11-04 11:27:40,2025-11-04 11:24:07
2025-11-04 11:24:07,2025-11-10 09:30:00,,
2025-11-04 14:55:55,2025-11-10 09:30:00,,
2025-11-04 15:00:00,2025-11-10 09:30:00,,
2025-11-04 15:06:14,2025-11-10 09:30:00,,
2025-11-04 15:53:10,2025-11-10 09:30:00,2025-11-04 15:53:13,2025-11-04 15:53:44
2025-11-04 15:53:13,2025-11-10 09:30:00,,
2025-11-04 15:57:43,2025-11-10 09:30:00,2025-11-04 15:58:57,2025-11-04 15:58:00
2025-11-05 11:38:55,2025-11-10 11:41:14,,
2025-11-05 11:41:02,2025-11-10 11:41:14,2025-11-05 11:51:53,2025-11-05 11:45:11
2025-11-05 11:45:11,2025-11-10 11:46:23,,
2025-11-05 12:14:21,2025-11-10 12:14:59,2025-11-05 12:14:54,2025-11-05 12:15:11
2025-11-06 10:58:15,2025-11-11 10:58:23,,
2025-11-06 13:21:31,2025-11-11 13:21:53,2025-11-06 13:22:34,2025-11-06 13:27:48
2025-11-06 15:15:43,2025-11-11 15:15:58,2025-11-06 15:16:19,2025-11-06 15:16:57
2025-11-06 15:41:47,2025-11-11 15:42:21,2025-11-06 15:42:12,2025-11-06 15:42:07
2025-11-06 15:45:44,2025-11-11 15:45:54,2025-11-06 15:47:31,2025-11-06 15:46:22
2025-11-06 15:48:31,2025-11-11 15:49:13,2025-11-06 15:48:49,2025-11-06 15:48:35
2025-11-06 15:53:17,2025-11-11 15:53:21,2025-11-06 15:53:40,2025-11-06 15:53:19
2025-11-06 15:54:11,2025-11-11 15:54:12,2025-11-06 15:54:18,2025-11-06 15:54:28
2025-11-06 15:54:18,2025-11-11 15:54:44,,
2025-11-06 15:54:24,2025-11-11 15:54:44,2025-11-06 15:54:50,2025-11-06 15:54:28
2025-11-06 15:54:50,2025-11-11 15:54:50,,
2025-11-06 15:59:48,2025-11-11 15:59:53,2025-11-06 15:59:49,2025-11-07 09:30:29
2025-11-06 15:59:49,2025-11-11 15:59:53,,
2025-11-07 10:15:15,2025-11-12 10:16:29,,
2025-11-07 14:04:20,2025-11-12 14:05:25,2025-11-07 14:08:31,2025-11-07 14:06:05
2025-11-07 14:06:05,2025-11-12 14:08:18,,
2025-11-07 14:10:17,2025-11-12 14:11:32,2025-11-07 14:10:40,2025-11-07 14:11:47
2025-11-07 14:19:11,2025-11-12 14:19:11,,
2025-11-07 15:16:11,2025-11-12 15:16:17,2025-11-07 15:16:43,2025-11-07 15:16:12
2025-11-07 15:52:10,2025-11-12 15:52:14,2025-11-07 15:52:31,2025-11-07 15:54:13
2025-11-07 15:52:31,2025-11-12 15:52:35,,
2025-11-07 15:59:58,2025-11-12 16:00:00,2025-11-10 09:30:00,2025-11-07 16:00:00
2025-11-07 16:00:00,2025-11-12 16:00:00,,
2025-11-10 12:18:07,2025-11-17 09:30:00,,
2025-11-10 13:56:35,2025-11-17 09:30:00,2025-11-10 13:59:18,2025-11-10 13:57:25
2025-11-10 13:57:25,2025-11-17 09:30:00,,
2025-11-10 14:07:29,2025-11-17 09:30:00,2025-11-10 14:10:49,2025-11-10 14:12:29
2025-11-10 14:25:59,2025-11-17 09:30:00,2025-11-10 14:31:02,2025-11-10 14:28:17
2025-11-10 14:28:17,2025-11-17 09:30:00,,
2025-11-10 15:09:40,2025-11-17 09:30:00,2025-11-10 15:12:52,2025-11-10 15:10:14
2025-11-10 15:10:14,2025-11-17 09:30:00,,
2025-11-10 15:26:45,2025-11-17 09:30:00,2025-11-10 15:26:53,2025-11-10 15:28:07
2025-11-10 15:26:53,2025-11-17 09:30:00,,
2025-11-11 09:41:29,2025-11-17 09:30:00,2025-11-11 09:42:59,2025-11-11 09:43:48
2025-11-11 11:04:37,2025-11-17 09:30:00,2025-11-11 11:09:05,2025-11-11 11:06:23
2025-11-11 11:19:53,2025-11-17 09:30:00,2025-11-11 11:21:33,2025-11-11 11:23:23
2025-11-11 11:21:33,2025-11-17 09:30:00,,
2025-11-11 12:24:51,2025-11-17 09:30:00,,
2025-11-11 12:49:32,2025-11-17 09:30:00,,
2025-11-11 13:23:15,2025-11-17 09:30:00,,
2025-11-11 13:37:25,2025-11-17 09:30:00,2025-11-11 13:41:08,2025-11-11 13:38:00
2025-11-11 13:41:08,2025-11-17 09:30:00,,
2025-11-11 13:42:03,2025-11-17 09:30:00,2025-11-11 13:45:34,2025-11-11 13:42:17
2025-11-11 14:09:11,2025-11-17 09:30:00,2025-11-11 14:10:26,2025-11-11 14:09:44
2025-11-11 14:34:42,2025-11-17 09:30:00,,
2025-11-11 14:42:39,2025-11-17 09:30:00,2025-11-11 14:43:11,2025-11-11 14:42:56
2025-11-11 14:51:16,2025-11-17 09:30:00,2025-11-11 14:52:31,2025-11-11 14:53:21
2025-11-11 14:52:31,2025-11-17 09:30:00,,
2025-11-11 15:06:01,2025-11-17 09:30:00,,
2025-11-11 15:11:44,2025-11-17 09:30:00,2025-11-11 15:12:32,2025-11-11 15:14:11
2025-11-11 15:12:32,2025-11-17 09:30:00,,
2025-11-11 15:19:12,2025-11-17 09:30:00,2025-11-11 15:24:04,2025-11-11 15:19:53
2025-11-11 15:50:42,2025-11-17 09:30:00,,
2025-11-11 15:53:55,2025-11-17 09:30:00,2025-11-11 15:54:12,2025-11-11 15:54:44
2025-11-11 15:59:38,2025-11-17 09:30:00,2025-11-11 15:59:58,2025-11-11 15:59:53
2025-11-11 15:59:53,2025-11-17 09:30:00,,
2025-11-12 09:30:00,2025-11-17 09:30:00,2025-11-12 09:37:01,2025-11-12 09:31:08
2025-11-12 09:31:08,2025-11-17 09:33:11,,
2025-11-12 10:45:04,2025-11-17 10:45:07,,
2025-11-12 10:46:15,2025-11-17 10:47:59,,
2025-11-12 10:49:09,2025-11-17 10:49:17,,
2025-11-12 10:58:14,2025-11-17 10:58:15,,
2025-11-12 11:01:55,2025-11-17 11:02:06,2025-11-12 11:02:44,2025-11-12 11:03:01
2025-11-12 11:02:44,2025-11-17 11:03:37,,
2025-11-12 11:04:19,2025-11-17 11:05:01,2025-11-12 11:06:20,2025-11-12 11:04:44
2025-11-12 11:15:17,2025-11-17 11:16:05,2025-11-12 11:15:19,2025-11-12 11:23:33
2025-11-12 11:15:19,2025-11-17 11:16:05,,
2025-11-12 11:17:03,2025-11-17 11:17:04,2025-11-12 11:17:04,2025-11-12 11:23:33
2025-11-12 11:17:04,2025-11-17 11:17:04,,
2025-11-12 11:55:36,2025-11-17 11:55:36,2025-11-12 11:56:51,2025-11-12 11:58:49
2025-11-12 11:56:51,2025-11-17 11:57:04,,
2025-11-12 12:05:50,2025-11-17 12:05:58,2025-11-12 12:06:49,2025-11-12 12:07:00
2025-11-12 12:06:49,2025-11-17 12:07:01,,
2025-11-12 12:07:17,2025-11-17 12:07:37,,
2025-11-12 12:42:01,2025-11-17 12:42:20,2025-11-12 12:42:31,2025-11-12 12:43:29
2025-11-12 12:42:31,2025-11-17 12:42:52,,
2025-11-12 13:07:54,2025-11-17 13:08:09,,
2025-11-12 13:10:30,2025-11-17 13:10:32,,
2025-11-12 13:53:42,2025-11-17 13:54:03,2025-11-12 13:57:14,2025-11-12 13:59:56
2025-11-12 14:05:25,2025-11-17 14:05:43,,
2025-11-12 14:56:16,2025-11-17 14:56:18,2025-11-12 14:56:38,2025-11-12 15:00:22
2025-11-12 14:56:38,2025-11-17 14:56:40,,
2025-11-12 15:13:28,2025-11-17 15:13:28,2025-11-12 15:13:49,2025-11-12 15:14:36
2025-11-12 15:18:33,2025-11-17 15:18:42,2025-11-12 15:19:03,2025-11-12 15:19:49
2025-11-12 15:19:03,2025-11-17 15:19:06,,
2025-11-12 15:30:05,2025-11-17 15:30:06,,
2025-11-12 15:48:49,2025-11-17 15:48:49,,
2025-11-13 11:02:02,2025-11-18 11:02:07,2025-11-13 11:02:03,2025-11-13 11:02:44
2025-11-13 11:02:03,2025-11-18 11:02:07,,
2025-11-13 11:23:41,2025-11-18 11:24:15,2025-11-13 11:23:56,2025-11-13 11:23:45
2025-11-13 11:23:45,2025-11-18 11:24:15,,
2025-11-13 11:23:51,2025-11-18 11:24:15,2025-11-13 11:23:56,2025-11-13 11:25:52
2025-11-13 11:42:01,2025-11-18 11:42:03,,
2025-11-13 12:26:36,2025-11-18 12:26:36,,
2025-11-13 13:02:03,2025-11-18 13:02:03,,
2025-11-13 13:21:01,2025-11-18 13:21:01,2025-11-13 13:21:24,2025-11-13 13:21:27
2025-11-13 13:21:24,2025-11-18 13:21:39,,
2025-11-13 13:34:52,2025-11-18 13:35:07,,
2025-11-13 13:41:20,2025-11-18 13:41:20,2025-11-13 13:41:53,2025-11-13 13:41:39
2025-11-13 13:43:59,2025-11-18 13:44:06,2025-11-13 13:44:12,2025-11-13 13:44:11
2025-11-13 13:47:28,2025-11-18 13:47:30,2025-11-13 13:47:56,2025-11-13 13:50:33
2025-11-13 13:47:56,2025-11-18 13:47:56,,
2025-11-13 13:57:25,2025-11-18 13:57:27,2025-11-13 13:57:43,2025-11-13 13:57:55
2025-11-13 14:10:07,2025-11-18 14:10:16,,
2025-11-13 14:13:28,2025-11-18 14:13:35,2025-11-13 14:14:21,2025-11-13 14:14:04
2025-11-13 14:30:03,2025-11-18 14:30:11,2025-11-13 14:30:21,2025-11-13 14:30:08
2025-11-13 14:30:08,2025-11-18 14:30:11,,
2025-11-13 14:31:23,2025-11-18 14:31:30,2025-11-13 14:31:58,2025-11-13 14:31:52
2025-11-13 14:31:52,2025-11-18 14:31:58,,
2025-11-13 14:47:34,2025-11-18 14:47:53,2025-11-13 14:48:31,2025-11-13 14:47:39
2025-11-13 15:01:27,2025-11-18 15:01:27,,
2025-11-13 15:07:13,2025-11-18 15:07:17,,
2025-11-13 15:07:34,2025-11-18 15:07:42,,
2025-11-13 15:12:22,2025-11-18 15:12:27,,
2025-11-13 15:13:55,2025-11-18 15:14:00,,
2025-11-13 15:14:51,2025-11-18 15:14:55,,
2025-11-13 15:15:55,2025-11-18 15:16:12,,
2025-11-13 15:16:52,2025-11-18 15:16:52,,
2025-11-13 15:17:24,2025-11-18 15:17:27,2025-11-13 15:17:28,2025-11-13 15:18:36
2025-11-13 15:22:13,2025-11-18 15:22:13,2025-11-13 15:23:06,2025-11-13 15:23:07
2025-11-13 15:23:06,2025-11-18 15:23:12,,
2025-11-13 15:26:34,2025-11-18 15:26:35,,
2025-11-13 15:35:00,2025-11-18 15:35:02,2025-11-13 15:35:42,2025-11-13 15:35:22
2025-11-13 15:35:22,2025-11-18 15:35:23,,
2025-11-13 15:40:36,2025-11-18 15:40:37,,
2025-11-13 15:55:46,2025-11-18 15:55:47,2025-11-13 15:56:00,2025-11-13 15:56:41
2025-11-13 15:56:00,2025-11-18 15:56:03,,
2025-11-14 10:35:55,2025-11-19 10:36:00,,
2025-11-14 10:36:34,2025-11-19 10:36:58,,
2025-11-14 10:42:52,2025-11-19 10:43:21,,
2025-11-14 10:56:14,2025-11-19 10:56:36,,
2025-11-14 11:00:33,2025-11-19 11:00:44,2025-11-14 11:01:40,2025-11-14 11:00:45
2025-11-14 11:06:14,2025-11-19 11:06:35,2025-11-14 11:06:39,2025-11-14 11:07:06
2025-11-14 11:06:39,2025-11-19 11:06:50,,
2025-11-14 11:09:23,2025-11-19 11:10:06,2025-11-14 11:09:24,2025-11-14 11:10:06
2025-11-14 11:09:24,2025-11-19 11:10:06,,
2025-11-14 11:10:44,2025-11-19 11:10:52,2025-11-14 11:10:47,2025-11-14 11:11:22
2025-11-14 11:10:47,2025-11-19 11:10:52,,
2025-11-14 11:12:13,2025-11-19 11:12:17,,
2025-11-14 11:51:40,2025-11-19 11:51:41,2025-11-14 11:52:29,2025-11-14 11:55:27
2025-11-14 11:52:29,2025-11-19 11:52:51,,
2025-11-14 12:00:12,2025-11-19 12:00:17,2025-11-14 12:01:01,2025-11-14 12:02:18
2025-11-14 12:07:10,2025-11-19 12:07:35,2025-11-14 12:07:18,2025-11-14 12:09:59
2025-11-14 12:10:03,2025-11-19 12:11:04,2025-11-14 12:11:15,2025-11-14 12:10:15
2025-11-14 12:10:15,2025-11-19 12:11:04,,
2025-11-14 12:10:59,2025-11-19 12:11:04,2025-11-14 12:11:15,2025-11-14 12:12:49
2025-11-14 12:12:49,2025-11-19 12:13:07,,
2025-11-14 12:14:22,2025-11-19 12:15:59,2025-11-14 12:14:41,2025-11-14 12:17:16
2025-11-14 12:17:16,2025-11-19 12:17:23,,
2025-11-14 12:33:25,2025-11-19 12:33:32,,
2025-11-14 13:01:24,2025-11-19 13:01:39,2025-11-14 13:04:41,2025-11-14 13:01:54
2025-11-14 13:04:41,2025-11-19 13:05:02,,
2025-11-14 13:05:22,2025-11-19 13:05:28,2025-11-14 13:06:41,2025-11-14 13:05:48
2025-11-14 13:07:10,2025-11-19 13:07:14,2025-11-14 13:07:19,2025-11-14 13:07:46
2025-11-14 13:07:19,2025-11-19 13:07:21,,
2025-11-14 13:08:34,2025-11-19 13:08:35,2025-11-14 13:09:16,2025-11-14 13:08:52
2025-11-14 13:09:16,2025-11-19 13:09:43,,
2025-11-14 13:10:52,2025-11-19 13:11:11,,
2025-11-14 13:12:51,2025-11-19 13:13:01,,
2025-11-14 13:33:39,2025-11-19 13:34:07,2025-11-14 13:34:38,2025-11-14 13:34:11
2025-11-14 13:34:11,2025-11-19 13:34:26,,
2025-11-14 13:40:49,2025-11-19 13:41:21,2025-11-14 13:42:29,2025-11-14 13:40:58
2025-11-14 14:03:10,2025-11-19 14:03:29,2025-11-14 14:05:02,2025-11-14 14:04:31
2025-11-14 14:04:31,2025-11-19 14:04:46,,
2025-11-14 14:35:42,2025-11-19 14:35:53,2025-11-14 14:36:26,2025-11-14 14:36:31
2025-11-14 14:41:49,2025-11-19 14:42:06,2025-11-14 14:42:31,2025-11-14 14:41:57
2025-11-14 14:41:57,2025-11-19 14:42:06,,
2025-11-14 14:43:25,2025-11-19 14:43:27,2025-11-14 14:43:33,2025-11-14 14:43:31
2025-11-14 14:43:31,2025-11-19 14:43:58,,
2025-11-14 14:46:03,2025-11-19 14:46:09,2025-11-14 14:47:00,2025-11-14 14:46:28
2025-11-14 14:46:28,2025-11-19 14:46:36,,
2025-11-14 14:47:42,2025-11-19 14:47:45,2025-11-14 14:48:25,2025-11-14 14:49:56
2025-11-14 14:54:23,2025-11-19 14:55:06,,
2025-11-14 14:54:32,2025-11-19 14:55:06,2025-11-14 14:54:39,2025-11-14 14:54:47
2025-11-14 14:54:39,2025-11-19 14:55:06,,
2025-11-14 14:58:34,2025-11-19 14:58:47,2025-11-14 14:59:19,2025-11-14 14:59:00
2025-11-14 15:00:38,2025-11-19 15:00:40,2025-11-14 15:01:07,2025-11-14 15:00:53
2025-11-14 15:02:09,2025-11-19 15:02:34,2025-11-14 15:02:30,2025-11-14 15:02:57
2025-11-14 15:03:11,2025-11-19 15:03:35,2025-11-14 15:04:29,2025-11-14 15:03:23
2025-11-14 15:03:23,2025-11-19 15:03:35,,
2025-11-14 15:10:14,2025-11-19 15:10:15,2025-11-14 15:10:17,2025-11-14 15:11:32
2025-11-14 15:10:17,2025-11-19 15:10:30,,
2025-11-14 15:19:17,2025-11-19 15:19:29,2025-11-14 15:20:30,2025-11-14 15:20:13
2025-11-14 15:25:08,2025-11-19 15:25:28,,
2025-11-14 15:27:00,2025-11-19 15:27:26,,
2025-11-14 15:29:06,2025-11-19 15:29:22,2025-11-14 15:29:33,2025-11-14 15:29:15
2025-11-14 15:31:13,2025-11-19 15:31:29,2025-11-14 15:31:48,2025-11-14 15:31:52
2025-11-14 15:31:48,2025-11-19 15:32:00,,
2025-11-14 15:34:46,2025-11-19 15:34:59,,
2025-11-14 15:40:41,2025-11-19 15:40:45,,
2025-11-17 10:11:52,2025-11-24 09:30:00,2025-11-17 10:14:22,2025-11-17 10:14:57
2025-11-17 10:14:22,2025-11-24 09:30:00,,
2025-11-17 10:34:21,2025-11-24 09:30:00,2025-11-17 10:34:28,2025-11-17 10:34:43
2025-11-17 10:34:28,2025-11-24 09:30:00,,
2025-11-17 10:44:10,2025-11-24 09:30:00,2025-11-17 10:44:14,2025-11-17 10:44:33
2025-11-17 10:44:14,2025-11-24 09:30:00,,
2025-11-17 10:52:16,2025-11-24 09:30:00,2025-11-17 10:52:59,2025-11-17 10:53:28
2025-11-17 10:54:49,2025-11-24 09:30:00,2025-11-17 10:55:22,2025-11-17 10:55:30
2025-11-17 11:51:29,2025-11-24 09:30:00,2025-11-17 11:54:11,2025-11-17 11:51:58
2025-11-17 11:51:58,2025-11-24 09:30:00,,
2025-11-17 12:05:58,2025-11-24 09:30:00,2025-11-17 12:06:17,2025-11-17 12:07:09
2025-11-17 12:11:36,2025-11-24 09:30:00,2025-11-17 12:12:44,2025-11-17 12:12:09
2025-11-17 12:12:09,2025-11-24 09:30:00,,
2025-11-17 12:35:52,2025-11-24 09:30:00,,
2025-11-17 13:15:44,2025-11-24 09:30:00,2025-11-17 13:16:23,2025-11-17 13:16:02
2025-11-17 13:19:46,2025-11-24 09:30:00,,
2025-11-17 13:32:36,2025-11-24 09:30:00,2025-11-17 13:33:25,2025-11-17 13:32:42
2025-11-17 13:32:42,2025-11-24 09:30:00,,
2025-11-17 13:46:04,2025-11-24 09:30:00,2025-11-17 13:47:24,2025-11-17 13:46:31
2025-11-17 13:46:31,2025-11-24 09:30:00,,
2025-11-17 13:47:51,2025-11-24 09:30:00,2025-11-17 13:50:03,2025-11-17 13:48:16
2025-11-17 13:48:16,2025-11-24 09:30:00,,
2025-11-17 13:51:13,2025-11-24 09:30:00,,
2025-11-17 13:52:14,2025-11-24 09:30:00,2025-11-17 13:52:39,2025-11-17 13:54:03
2025-11-17 13:54:20,2025-11-24 09:30:00,2025-11-17 13:54:44,2025-11-17 13:56:10
2025-11-17 14:05:00,2025-11-24 09:30:00,2025-11-17 14:06:26,2025-11-17 14:05:43
2025-11-17 14:08:08,2025-11-24 09:30:00,,
2025-11-17 14:20:46,2025-11-24 09:30:00,2025-11-17 14:21:15,2025-11-17 14:21:13
2025-11-17 14:21:13,2025-11-24 09:30:00,,
2025-11-17 14:27:19,2025-11-24 09:30:00,,
2025-11-17 14:30:24,2025-11-24 09:30:00,2025-11-17 14:30:50,2025-11-17 14:30:25
2025-11-17 14:30:25,2025-11-24 09:30:00,,
2025-11-17 14:32:21,2025-11-24 09:30:00,2025-11-17 14:32:41,2025-11-17 14:33:08
2025-11-17 14:35:11,2025-11-24 09:30:00,2025-11-17 14:35:24,2025-11-17 14:35:43
2025-11-17 14:39:12,2025-11-24 09:30:00,,
2025-11-17 14:54:09,2025-11-24 09:30:00,2025-11-17 14:55:12,2025-11-17 14:54:17
2025-11-17 14:54:17,2025-11-24 09:30:00,,
2025-11-17 14:57:57,2025-11-24 09:30:00,,
2025-11-17 14:58:16,2025-11-24 09:30:00,2025-11-17 14:58:45,2025-11-17 14:59:03
2025-11-17 15:01:15,2025-11-24 09:30:00,2025-11-17 15:01:37,2025-11-17 15:01:18
2025-11-17 15:04:58,2025-11-24 09:30:00,2025-11-17 15:05:00,2025-11-17 15:04:59
2025-11-17 15:06:02,2025-11-24 09:30:00,2025-11-17 15:06:15,2025-11-17 15:06:25
2025-11-17 15:10:04,2025-11-24 09:30:00,2025-11-17 15:11:01,2025-11-17 15:10:12
2025-11-17 15:10:12,2025-11-24 09:30:00,,
2025-11-17 15:15:03,2025-11-24 09:30:00,2025-11-17 15:15:24,2025-11-17 15:15:29
2025-11-17 15:18:22,2025-11-24 09:30:00,,
2025-11-17 15:26:15,2025-11-24 09:30:00,2025-11-17 15:26:53,2025-11-17 15:26:19
2025-11-17 15:26:19,2025-11-24 09:30:00,,
2025-11-17 15:27:26,2025-11-24 09:30:00,2025-11-17 15:27:37,2025-11-17 15:27:43
2025-11-17 15:34:22,2025-11-24 09:30:00,2025-11-17 15:35:00,2025-11-17 15:34:25
2025-11-17 15:35:00,2025-11-24 09:30:00,,
2025-11-17 15:38:56,2025-11-24 09:30:00,,
2025-11-17 15:40:55,2025-11-24 09:30:00,2025-11-17 15:41:22,2025-11-17 15:42:22
2025-11-17 15:41:22,2025-11-24 09:30:00,,
2025-11-17 15:46:36,2025-11-24 09:30:00,2025-11-17 15:47:42,2025-11-17 15:46:59
2025-11-17 15:46:59,2025-11-24 09:30:00,,
2025-11-17 15:48:35,2025-11-24 09:30:00,,
2025-11-17 15:51:39,2025-11-24 09:30:00,2025-11-17 15:51:48,2025-11-17 15:52:11
2025-11-17 15:54:17,2025-11-24 09:30:00,2025-11-17 15:54:30,2025-11-17 15:54:52
2025-11-17 15:54:30,2025-11-24 09:30:00,,
2025-11-17 15:59:35,2025-11-24 09:30:00,,
2025-11-18 10:36:23,2025-11-24 09:30:00,2025-11-18 10:36:38,2025-11-18 10:36:27
2025-11-18 10:37:12,2025-11-24 09:30:00,2025-11-18 10:37:24,2025-11-18 10:37:13
2025-11-18 10:37:13,2025-11-24 09:30:00,,
2025-11-18 10:46:44,2025-11-24 09:30:00,2025-11-18 10:46:59,2025-11-18 10:46:47
2025-11-18 11:13:10,2025-11-24 09:30:00,2025-11-18 11:13:35,2025-11-18 11:14:05
2025-11-18 11:18:33,2025-11-24 09:30:00,2025-11-18 11:18:57,2025-11-18 11:19:39
2025-11-18 11:18:57,2025-11-24 09:30:00,,
2025-11-18 11:25:53,2025-11-24 09:30:00,,
2025-11-18 11:31:13,2025-11-24 09:30:00,,
2025-11-18 11:37:23,2025-11-24 09:30:00,,
2025-11-18 11:39:01,2025-11-24 09:30:00,,
2025-11-18 11:48:15,2025-11-24 09:30:00,2025-11-18 11:48:31,2025-11-18 11:48:28
2025-11-18 11:51:08,2025-11-24 09:30:00,2025-11-18 11:51:16,2025-11-18 11:51:12
2025-11-18 11:55:01,2025-11-24 09:30:00,2025-11-18 11:55:06,2025-11-18 11:55:14
2025-11-18 11:55:06,2025-11-24 09:30:00,,
2025-11-18 11:55:10,2025-11-24 09:30:00,2025-11-18 11:55:14,2025-11-18 11:55:21
2025-11-18 11:55:59,2025-11-24 09:30:00,,
2025-11-18 11:56:40,2025-11-24 09:30:00,,
2025-11-18 12:16:25,2025-11-24 09:30:00,,
2025-11-18 12:26:38,2025-11-24 09:30:00,,
2025-11-18 12:32:24,2025-11-24 09:30:00,2025-11-18 12:32:41,2025-11-18 12:32:29
2025-11-18 12:32:41,2025-11-24 09:30:00,,
2025-11-18 12:33:17,2025-11-24 09:30:00,,
2025-11-18 12:33:58,2025-11-24 09:30:00,,
2025-11-18 12:35:14,2025-11-24 09:30:00,,
2025-11-18 12:35:46,2025-11-24 09:30:00,2025-11-18 12:35:49,2025-11-18 12:35:52
2025-11-18 12:38:23,2025-11-24 09:30:00,,
2025-11-18 12:43:23,2025-11-24 09:30:00,2025-11-18 12:43:31,2025-11-18 12:43:27
2025-11-18 12:43:27,2025-11-24 09:30:00,,
2025-11-18 12:43:30,2025-11-24 09:30:00,2025-11-18 12:43:31,2025-11-18 12:43:37
2025-11-18 12:43:37,2025-11-24 09:30:00,,
2025-11-18 12:44:22,2025-11-24 09:30:00,,
2025-11-18 12:46:21,2025-11-24 09:30:00,2025-11-18 12:46:47,2025-11-18 12:46:23
2025-11-18 12:52:02,2025-11-24 09:30:00,2025-11-18 12:52:09,2025-11-18 12:52:22
2025-11-18 12:52:09,2025-11-24 09:30:00,,
2025-11-18 12:53:03,2025-11-24 09:30:00,2025-11-18 12:53:15,2025-11-18 12:53:26
2025-11-18 12:53:15,2025-11-24 09:30:00,,
2025-11-18 12:55:43,2025-11-24 09:30:00,2025-11-18 12:55:49,2025-11-18 12:55:57
2025-11-18 12:55:59,2025-11-24 09:30:00,2025-11-18 12:56:09,2025-11-18 12:56:17
2025-11-18 12:56:44,2025-11-24 09:30:00,2025-11-18 12:57:14,2025-11-18 12:57:03
2025-11-18 12:57:03,2025-11-24 09:30:00,,
2025-11-18 12:58:34,2025-11-24 09:30:00,2025-11-18 12:58:42,2025-11-18 12:58:37
2025-11-18 12:58:37,2025-11-24 09:30:00,,
2025-11-18 13:03:43,2025-11-24 09:30:00,2025-11-18 13:03:49,2025-11-18 13:03:44
2025-11-18 13:04:42,2025-11-24 09:30:00,2025-11-18 13:05:11,2025-11-18 13:05:00
2025-11-18 13:05:11,2025-11-24 09:30:00,,
2025-11-18 13:06:25,2025-11-24 09:30:00,2025-11-18 13:06:40,2025-11-18 13:06:34
2025-11-18 13:07:15,2025-11-24 09:30:00,2025-11-18 13:07:22,2025-11-18 13:07:16
2025-11-18 13:07:16,2025-11-24 09:30:00,,
2025-11-18 13:12:04,2025-11-24 09:30:00,2025-11-18 13:12:25,2025-11-18 13:12:08
2025-11-18 13:13:02,2025-11-24 09:30:00,2025-11-18 13:13:14,2025-11-18 13:13:18
2025-11-18 13:13:14,2025-11-24 09:30:00,,
2025-11-18 13:15:25,2025-11-24 09:30:00,,
2025-11-18 13:16:47,2025-11-24 09:30:00,2025-11-18 13:16:56,2025-11-18 13:16:48
2025-11-18 13:17:03,2025-11-24 09:30:00,2025-11-18 13:17:34,2025-11-18 13:17:05
2025-11-18 13:20:01,2025-11-24 09:30:00,2025-11-18 13:20:02,2025-11-18 13:20:08
2025-11-18 13:26:19,2025-11-24 09:30:00,2025-11-18 13:26:42,2025-11-18 13:26:46
2025-11-18 13:26:42,2025-11-24 09:30:00,,
2025-11-18 13:39:39,2025-11-24 09:30:00,2025-11-18 13:39:41,2025-11-18 13:39:57
2025-11-18 13:39:41,2025-11-24 09:30:00,,
2025-11-18 13:40:10,2025-11-24 09:30:00,2025-11-18 13:41:01,2025-11-18 13:40:12
2025-11-18 13:40:12,2025-11-24 09:30:00,,
2025-11-18 13:44:28,2025-11-24 09:30:00,,
2025-11-18 13:49:18,2025-11-24 09:30:00,2025-11-18 13:49:31,2025-11-18 13:49:19
2025-11-18 13:49:19,2025-11-24 09:30:00,,
2025-11-18 13:50:54,2025-11-24 09:30:00,,
2025-11-18 13:51:17,2025-11-24 09:30:00,2025-11-18 13:51:24,2025-11-18 13:51:22
2025-11-18 13:51:22,2025-11-24 09:30:00,,
2025-11-18 13:52:13,2025-11-24 09:30:00,,
2025-11-18 13:52:17,2025-11-24 09:30:00,2025-11-18 13:52:19,2025-11-18 13:52:18
2025-11-18 13:52:18,2025-11-24 09:30:00,,
2025-11-18 13:57:05,2025-11-24 09:30:00,,
2025-11-18 13:57:51,2025-11-24 09:30:00,2025-11-18 13:57:59,2025-11-18 13:57:54
2025-11-18 13:58:08,2025-11-24 09:30:00,,
2025-11-18 13:59:35,2025-11-24 09:30:00,2025-11-18 13:59:37,2025-11-18 13:59:42
2025-11-18 13:59:37,2025-11-24 09:30:00,,
2025-11-18 13:59:58,2025-11-24 09:30:00,,
2025-11-18 14:02:31,2025-11-24 09:30:00,2025-11-18 14:02:35,2025-11-18 14:02:58
2025-11-18 14:03:28,2025-11-24 09:30:00,2025-11-18 14:03:29,2025-11-18 14:03:52
2025-11-18 14:04:03,2025-11-24 09:30:00,2025-11-18 14:04:31,2025-11-18 14:04:16
2025-11-18 14:04:16,2025-11-24 09:30:00,,
2025-11-18 14:06:08,2025-11-24 09:30:00,2025-11-18 14:06:21,2025-11-18 14:06:19
2025-11-18 14:10:32,2025-11-24 09:30:00,2025-11-18 14:10:41,2025-11-18 14:10:59
2025-11-18 14:11:00,2025-11-24 09:30:00,2025-11-18 14:11:04,2025-11-18 14:11:11
2025-11-18 14:12:12,2025-11-24 09:30:00,,
2025-11-18 14:12:14,2025-11-24 09:30:00,2025-11-18 14:12:24,2025-11-18 14:12:34
2025-11-18 14:18:20,2025-11-24 09:30:00,2025-11-18 14:18:21,2025-11-18 14:18:38
2025-11-18 14:18:21,2025-11-24 09:30:00,,
2025-11-18 14:18:59,2025-11-24 09:30:00,2025-11-18 14:19:03,2025-11-18 14:19:06
2025-11-18 14:19:03,2025-11-24 09:30:00,,
2025-11-18 14:22:27,2025-11-24 09:30:00,,
2025-11-18 14:22:34,2025-11-24 09:30:00,2025-11-18 14:22:35,2025-11-18 14:22:59
2025-11-18 14:22:35,2025-11-24 09:30:00,,
2025-11-18 14:22:51,2025-11-24 09:30:00,2025-11-18 14:23:12,2025-11-18 14:22:59
2025-11-18 14:25:36,2025-11-24 09:30:00,,
2025-11-18 14:25:41,2025-11-24 09:30:00,2025-11-18 14:25:45,2025-11-18 14:26:15
2025-11-18 14:25:45,2025-11-24 09:30:00,,
2025-11-18 14:29:20,2025-11-24 09:30:00,2025-11-18 14:29:23,2025-11-18 14:29:38
2025-11-18 14:29:23,2025-11-24 09:30:00,,
2025-11-18 14:30:11,2025-11-24 09:30:00,2025-11-18 14:30:12,2025-11-18 14:30:35
2025-11-18 14:30:12,2025-11-24 09:30:00,,
2025-11-18 14:36:29,2025-11-24 09:30:00,2025-11-18 14:36:52,2025-11-18 14:36:53
2025-11-18 14:49:20,2025-11-24 09:30:00,2025-11-18 14:49:34,2025-11-18 14:50:07
2025-11-18 14:53:26,2025-11-24 09:30:00,2025-11-18 14:53:35,2025-11-18 14:53:34
2025-11-18 14:56:15,2025-11-24 09:30:00,2025-11-18 14:57:28,2025-11-18 14:56:20
2025-11-18 14:57:28,2025-11-24 09:30:00,,
2025-11-18 14:58:13,2025-11-24 09:30:00,2025-11-18 14:58:25,2025-11-18 14:58:24
2025-11-18 14:58:24,2025-11-24 09:30:00,,
2025-11-18 15:00:01,2025-11-24 09:30:00,2025-11-18 15:00:07,2025-11-18 15:00:02
2025-11-18 15:00:02,2025-11-24 09:30:00,,
2025-11-18 15:00:21,2025-11-24 09:30:00,,
2025-11-18 15:08:46,2025-11-24 09:30:00,2025-11-18 15:08:58,2025-11-18 15:08:49
2025-11-18 15:11:19,2025-11-24 09:30:00,,
2025-11-18 15:11:40,2025-11-24 09:30:00,,
2025-11-18 15:14:21,2025-11-24 09:30:00,,
2025-11-18 15:17:50,2025-11-24 09:30:00,2025-11-18 15:17:54,2025-11-18 15:18:05
2025-11-18 15:19:17,2025-11-24 09:30:00,2025-11-20 09:30:15,2025-11-19 09:30:10
2025-11-18 15:19:29,2025-11-24 09:30:00,2025-11-18 15:19:49,2025-11-18 15:19:30
2025-11-18 15:22:21,2025-11-24 09:30:00,2025-11-18 15:22:22,2025-11-18 15:22:49
2025-11-18 15:25:10,2025-11-24 09:30:00,2025-11-18 15:25:11,2025-11-18 15:25:18
2025-11-18 15:26:35,2025-11-24 09:30:00,,
2025-11-18 15:30:09,2025-11-24 09:30:00,2025-11-18 15:30:13,2025-11-18 15:30:27
2025-11-18 15:31:10,2025-11-24 09:30:00,2025-11-18 15:31:15,2025-11-18 15:31:55
2025-11-18 15:33:03,2025-11-24 09:30:00,2025-11-18 15:33:12,2025-11-18 15:33:41
2025-11-18 15:39:02,2025-11-24 09:30:00,,
2025-11-18 15:39:32,2025-11-24 09:30:00,2025-11-18 15:39:34,2025-11-18 15:39:37
2025-11-18 15:41:05,2025-11-24 09:30:00,,
2025-11-18 15:43:11,2025-11-24 09:30:00,2025-11-18 15:43:12,2025-11-18 15:43:31
2025-11-18 15:43:12,2025-11-24 09:30:00,,
2025-11-18 15:46:01,2025-11-24 09:30:00,2025-11-18 15:46:37,2025-11-18 15:46:06
2025-11-18 15:49:16,2025-11-24 09:30:00,2025-11-18 15:50:09,2025-11-18 15:49:18
2025-11-18 15:50:49,2025-11-24 09:30:00,2025-11-18 15:51:07,2025-11-18 15:50:52
2025-11-18 15:50:52,2025-11-24 09:30:00,,
2025-11-18 15:51:13,2025-11-24 09:30:00,,
2025-11-18 15:51:43,2025-11-24 09:30:00,2025-11-19 09:30:10,2025-11-20 09:30:15
2025-11-18 15:52:28,2025-11-24 09:30:00,2025-11-18 15:52:30,2025-11-18 15:52:40
2025-11-18 15:54:04,2025-11-24 09:30:00,,
2025-11-18 15:56:19,2025-11-24 09:30:00,2025-11-18 15:56:23,2025-11-18 15:56:21
2025-11-18 15:58:00,2025-11-24 09:30:00,,
2025-11-18 15:58:12,2025-11-24 09:30:00,2025-11-18 15:58:17,2025-11-18 15:58:14
2025-11-18 15:59:52,2025-11-24 09:30:00,2025-11-18 15:59:56,2025-11-18 15:59:54
2025-11-19 10:55:20,2025-11-24 10:55:48,2025-11-20 09:30:15,
2025-11-19 10:56:56,2025-11-24 10:57:49,2025-11-19 10:57:50,2025-11-19 10:57:29
2025-11-19 10:57:50,2025-11-24 10:58:20,,
2025-11-19 11:00:44,2025-11-24 11:01:22,2025-11-19 11:01:35,2025-11-19 11:00:56
2025-11-19 11:04:57,2025-11-24 11:06:06,,
2025-11-19 11:08:03,2025-11-24 11:08:18,2025-11-19 11:08:45,2025-11-19 11:08:15
2025-11-19 11:21:21,2025-11-24 11:21:24,,
2025-11-19 11:22:13,2025-11-24 11:25:14,2025-11-19 11:23:15,2025-11-19 11:22:47
2025-11-19 11:29:00,2025-11-24 11:30:03,2025-11-19 11:29:48,2025-11-19 11:30:00
2025-11-19 11:38:18,2025-11-24 11:38:22,2025-11-19 11:38:31,2025-11-19 11:39:45
2025-11-19 11:54:46,2025-11-24 11:54:46,,
2025-11-19 12:11:18,2025-11-24 12:11:25,2025-11-19 12:13:07,2025-11-19 12:12:04
2025-11-19 12:12:04,2025-11-24 12:12:09,,
2025-11-19 12:22:34,2025-11-24 12:22:38,2025-11-19 12:24:15,2025-11-19 12:23:15
2025-11-19 12:23:15,2025-11-24 12:23:32,,
2025-11-19 12:30:04,2025-11-24 12:30:12,2025-11-19 12:30:48,2025-11-19 12:30:26
2025-11-19 13:08:35,2025-11-24 13:08:37,2025-11-19 13:09:43,2025-11-19 13:09:00
2025-11-19 13:09:00,2025-11-24 13:09:13,,
2025-11-19 13:14:19,2025-11-24 13:14:24,2025-11-19 13:14:41,2025-11-19 13:15:55
2025-11-19 13:26:35,2025-11-24 13:26:50,2025-11-19 13:26:46,2025-11-19 13:28:12
2025-11-19 14:04:09,2025-11-24 14:04:30,2025-11-19 14:05:40,2025-11-19 14:04:18
2025-11-19 14:09:15,2025-11-24 14:09:31,2025-11-19 14:10:10,2025-11-19 14:11:14
2025-11-19 14:10:10,2025-11-24 14:11:08,,
2025-11-19 14:31:57,2025-11-24 14:32:03,2025-11-19 14:31:58,2025-11-19 14:32:01
2025-11-19 14:31:58,2025-11-24 14:32:03,,
2025-11-19 14:32:00,2025-11-24 14:32:03,2025-11-19 14:32:21,2025-11-19 14:32:01
2025-11-19 14:34:47,2025-11-24 14:34:57,2025-11-19 14:34:50,2025-11-19 14:34:52
2025-11-19 14:35:24,2025-11-24 14:35:44,2025-11-19 14:35:29,2025-11-19 14:35:56
2025-11-19 14:35:59,2025-11-24 14:36:25,2025-11-19 14:36:00,2025-11-19 14:36:01
2025-11-19 14:42:06,2025-11-24 14:42:30,,
2025-11-19 14:50:01,2025-11-24 14:50:01,,
2025-11-19 14:50:11,2025-11-24 14:50:17,2025-11-19 14:51:44,2025-11-19 14:50:44
2025-11-19 14:50:44,2025-11-24 14:50:57,,
2025-11-19 15:18:13,2025-11-24 15:18:41,,
2025-11-19 15:26:22,2025-11-24 15:26:44,2025-11-19 15:26:47,2025-11-19 15:26:51
2025-11-19 15:26:47,2025-11-24 15:27:01,,
2025-11-19 15:26:55,2025-11-24 15:27:01,,
2025-11-19 15:32:48,2025-11-24 15:33:02,,
2025-11-19 15:35:07,2025-11-24 15:35:08,2025-11-19 15:35:38,2025-11-19 15:36:33
2025-11-19 15:35:38,2025-11-24 15:36:01,,
2025-11-19 15:37:19,2025-11-24 15:37:21,2025-11-19 15:37:28,2025-11-19 15:39:25
2025-11-19 15:37:28,2025-11-24 15:38:01,,
2025-11-19 15:51:48,2025-11-24 15:51:54,2025-11-19 15:52:02,2025-11-19 15:52:22
2025-11-19 15:52:02,2025-11-24 15:52:12,,
2025-11-19 15:52:50,2025-11-24 15:52:50,2025-11-19 15:53:05,2025-11-19 15:52:56
2025-11-19 15:55:50,2025-11-24 15:55:55,2025-11-19 15:55:57,2025-11-19 15:56:11
2025-11-20 10:44:03,2025-11-25 10:44:27,2025-11-20 10:50:42,2025-11-20 10:45:06
2025-11-20 11:20:12,2025-11-25 11:21:33,2025-11-20 11:21:00,2025-11-20 11:20:33
2025-11-20 11:27:24,2025-11-25 11:28:00,,
2025-11-20 11:29:11,2025-11-25 11:30:33,,
2025-11-20 11:31:01,2025-11-25 11:32:42,2025-11-20 11:31:19,2025-11-20 11:31:54
2025-11-20 11:31:56,2025-11-25 11:32:42,2025-11-20 11:32:35,2025-11-20 11:32:01
2025-11-20 11:32:01,2025-11-25 11:32:42,,
2025-11-20 11:35:13,2025-11-25 11:35:16,,
2025-11-20 11:37:57,2025-11-25 11:39:07,,
2025-11-20 11:42:39,2025-11-25 11:44:35,,
2025-11-20 11:43:15,2025-11-25 11:44:35,,
2025-11-20 11:47:39,2025-11-25 11:50:37,2025-11-20 11:48:13,2025-11-20 11:47:42
2025-11-20 11:47:42,2025-11-25 11:50:37,,
2025-11-20 11:50:30,2025-11-25 11:50:37,2025-11-20 11:50:52,2025-11-20 11:50:53
2025-11-20 11:51:08,2025-11-25 11:51:41,2025-11-20 11:51:23,2025-11-20 11:51:24
2025-11-20 11:52:07,2025-11-25 11:52:51,2025-11-20 11:52:08,2025-11-20 11:52:29
2025-11-20 11:55:15,2025-11-25 11:55:26,2025-11-20 11:55:20,2025-11-20 11:56:01
2025-11-20 12:08:47,2025-11-25 12:08:53,2025-11-20 12:09:15,2025-11-20 12:09:05
2025-11-20 12:09:05,2025-11-25 12:10:15,,
2025-11-20 12:10:24,2025-11-25 12:13:21,,
2025-11-20 12:29:33,2025-11-25 12:31:22,2025-11-20 12:29:43,2025-11-20 12:29:58
2025-11-20 12:30:47,2025-11-25 12:31:22,,
2025-11-20 12:35:09,2025-11-25 12:35:35,,
2025-11-20 12:37:23,2025-11-25 12:38:54,2025-11-20 12:37:45,2025-11-20 12:37:33
2025-11-20 12:45:55,2025-11-25 12:46:18,,
2025-11-20 12:55:47,2025-11-25 12:58:29,,
2025-11-20 12:56:00,2025-11-25 12:58:29,2025-11-20 12:56:09,2025-11-20 12:56:05
2025-11-20 12:56:05,2025-11-25 12:58:29,,
2025-11-20 12:57:10,2025-11-25 12:58:29,,
2025-11-20 13:01:33,2025-11-25 13:02:00,,
2025-11-20 13:04:12,2025-11-25 13:05:41,2025-11-20 13:04:34,2025-11-20 13:04:28
2025-11-20 13:04:28,2025-11-25 13:05:41,,
2025-11-20 13:21:03,2025-11-25 13:21:54,,
2025-11-20 13:42:08,2025-11-25 13:42:13,2025-11-20 13:42:37,2025-11-20 13:42:50
2025-11-20 13:42:37,2025-11-25 13:42:53,,
2025-11-20 13:55:00,2025-11-25 13:56:04,,
2025-11-20 13:58:17,2025-11-25 13:59:14,2025-11-20 13:58:18,2025-11-20 13:58:30
2025-11-20 13:58:18,2025-11-25 13:59:14,,
2025-11-20 13:58:25,2025-11-25 13:59:14,2025-11-20 13:58:34,2025-11-20 13:58:30
2025-11-20 14:01:19,2025-11-25 14:01:20,2025-11-20 14:02:44,2025-11-20 14:01:44
2025-11-20 14:01:44,2025-11-25 14:01:57,,
2025-11-20 14:12:15,2025-11-25 14:12:31,2025-11-20 14:12:24,2025-11-20 14:13:38
2025-11-20 14:53:11,2025-11-25 14:53:16,2025-11-20 14:53:31,2025-11-20 14:53:46
2025-11-20 14:53:31,2025-11-25 14:53:53,,
2025-11-20 14:58:23,2025-11-25 14:58:40,,
2025-11-20 14:58:59,2025-11-25 14:59:14,2025-11-20 15:00:16,2025-11-20 14:59:31
2025-11-20 14:59:31,2025-11-25 14:59:36,,
2025-11-20 15:11:01,2025-11-25 15:11:12,2025-11-20 15:11:06,2025-11-20 15:11:24
2025-11-20 15:11:06,2025-11-25 15:11:12,,
2025-11-20 15:14:41,2025-11-25 15:14:59,2025-11-20 15:14:49,2025-11-20 15:15:04
2025-11-20 15:14:49,2025-11-25 15:14:59,,
2025-11-20 15:16:28,2025-11-25 15:16:44,2025-11-20 15:16:29,2025-11-20 15:17:07
2025-11-20 15:20:05,2025-11-25 15:20:42,2025-11-20 15:21:01,2025-11-20 15:20:47
2025-11-20 15:20:47,2025-11-25 15:20:47,,
2025-11-20 15:21:06,2025-11-25 15:21:06,,
2025-11-20 15:26:30,2025-11-25 15:27:28,2025-11-20 15:28:03,2025-11-20 15:26:40
2025-11-20 15:29:53,2025-11-25 15:29:56,2025-11-20 15:30:14,2025-11-20 15:29:57
2025-11-20 15:30:46,2025-11-25 15:30:57,2025-11-20 15:30:59,2025-11-20 15:31:01
2025-11-20 15:30:59,2025-11-25 15:31:08,,
2025-11-20 15:32:30,2025-11-25 15:32:32,2025-11-20 15:33:10,2025-11-20 15:32:41
2025-11-20 15:33:10,2025-11-25 15:34:06,,
2025-11-20 15:38:25,2025-11-25 15:38:46,2025-11-20 15:38:46,2025-11-20 15:38:26
2025-11-20 15:51:27,2025-11-25 15:51:59,2025-11-20 15:51:40,2025-11-20 15:51:45
2025-11-20 15:51:40,2025-11-25 15:51:59,,
2025-11-20 15:52:00,2025-11-25 15:52:03,2025-11-20 15:52:04,2025-11-20 15:52:15
2025-11-20 15:55:29,2025-11-25 15:56:00,2025-11-20 15:55:32,2025-11-20 15:57:32
2025-11-20 15:58:50,2025-11-25 15:58:51,2025-11-20 15:59:02,2025-11-20 15:59:15
2025-11-21 10:52:41,2025-11-26 10:53:52,2025-11-21 10:53:27,2025-11-21 10:52:51
2025-11-21 11:17:24,2025-11-26 11:17:44,2025-11-21 11:18:14,2025-11-21 11:17:49
2025-11-21 11:17:49,2025-11-26 11:19:08,,
2025-11-21 11:20:49,2025-11-26 11:21:41,2025-11-21 11:21:36,2025-11-21 11:21:05
2025-11-21 11:21:05,2025-11-26 11:21:41,,
2025-11-21 11:23:36,2025-11-26 11:23:48,2025-11-21 11:23:42,2025-11-21 11:25:01
2025-11-21 11:25:39,2025-11-26 11:27:04,2025-11-21 11:26:25,2025-11-21 11:25:51
2025-11-21 11:25:51,2025-11-26 11:27:04,,
2025-11-21 11:26:16,2025-11-26 11:27:04,2025-11-21 11:26:25,2025-11-21 11:26:50
2025-11-21 11:35:30,2025-11-26 11:37:36,,
2025-11-21 11:45:20,2025-11-26 11:46:50,2025-11-21 11:45:27,2025-11-21 11:45:36
2025-11-21 11:52:43,2025-11-26 11:53:59,2025-11-21 11:54:28,2025-11-21 11:53:38
2025-11-21 11:53:38,2025-11-26 11:53:59,,
2025-11-21 12:08:42,2025-11-26 12:09:06,2025-11-21 12:09:04,2025-11-21 12:09:37
2025-11-21 12:15:54,2025-11-26 12:16:16,,
2025-11-21 12:25:47,2025-11-26 12:27:52,,
2025-11-21 12:29:27,2025-11-26 12:29:45,,
2025-11-21 12:36:51,2025-11-26 12:37:02,2025-11-21 12:37:55,2025-11-21 12:38:26
2025-11-21 12:37:55,2025-11-26 12:38:29,,
2025-11-21 12:38:06,2025-11-26 12:38:29,2025-11-21 12:39:26,2025-11-21 12:38:26
2025-11-21 12:50:10,2025-11-26 12:50:47,2025-11-21 12:55:13,2025-11-21 12:50:23
2025-11-21 13:16:47,2025-11-26 13:16:56,,
2025-11-21 13:24:29,2025-11-26 13:24:33,,
2025-11-21 13:37:08,2025-11-26 13:37:33,2025-11-21 13:37:40,2025-11-21 13:37:32
2025-11-21 13:37:32,2025-11-26 13:37:33,,
2025-11-21 13:56:01,2025-11-26 13:57:08,,
2025-11-21 14:15:18,2025-11-26 14:16:22,2025-11-21 14:15:30,2025-11-21 14:15:48
2025-11-21 14:15:30,2025-11-26 14:16:22,,
2025-11-21 14:27:37,2025-11-26 14:27:44,2025-11-21 14:28:18,2025-11-21 14:29:13
2025-11-21 14:40:20,2025-11-26 14:40:21,2025-11-21 14:40:30,2025-11-21 14:40:44
2025-11-21 14:40:30,2025-11-26 14:41:04,,
2025-11-21 14:59:43,2025-11-26 15:00:03,,
2025-11-21 15:05:08,2025-11-26 15:05:13,,
2025-11-21 15:06:11,2025-11-26 15:06:34,,
2025-11-21 15:14:01,2025-11-26 15:14:25,,
2025-11-21 15:25:09,2025-11-26 15:25:31,2025-11-21 15:26:10,2025-11-21 15:26:17
2025-11-21 15:26:10,2025-11-26 15:26:15,,
2025-11-21 15:41:30,2025-11-26 15:42:08,2025-11-21 15:41:52,2025-11-21 15:43:53
2025-11-21 15:45:35,2025-11-26 15:45:41,2025-11-21 15:45:52,2025-11-21 15:45:44
2025-11-21 15:45:44,2025-11-26 15:45:56,,
2025-11-21 15:50:35,2025-11-26 15:51:50,2025-11-21 15:50:37,2025-11-21 15:52:15
2025-11-21 15:56:15,2025-11-26 15:56:35,,
2025-11-24 09:34:33,2025-12-01 09:30:00,2025-11-24 09:35:14,2025-11-24 09:35:32
2025-11-24 10:51:36,2025-12-01 09:30:00,2025-11-24 10:53:16,2025-11-24 10:54:46
2025-11-24 11:03:38,2025-12-01 09:30:00,,
2025-11-24 11:11:38,2025-12-01 09:30:00,2025-11-24 11:12:25,2025-11-24 11:12:05
2025-11-24 11:12:05,2025-12-01 09:30:00,,2025-11-25 09:31:17
2025-11-24 11:30:03,2025-12-01 09:30:00,2025-11-24 11:30:53,2025-11-24 11:31:31
2025-11-24 11:31:31,2025-12-01 09:30:00,,
2025-11-24 11:32:25,2025-12-01 09:30:00,2025-11-24 11:32:46,2025-11-24 11:32:45
2025-11-24 11:46:03,2025-12-01 09:30:00,2025-11-24 11:46:31,2025-11-24 11:46:43
2025-11-24 11:46:31,2025-12-01 09:30:00,,
2025-11-24 12:04:10,2025-12-01 09:30:00,2025-11-24 12:05:08,2025-11-24 12:04:20
2025-11-24 12:05:08,2025-12-01 09:30:00,,
2025-11-24 12:09:40,2025-12-01 09:30:00,,
2025-11-24 12:16:47,2025-12-01 09:30:00,2025-11-24 12:16:55,2025-11-24 12:22:11
2025-11-24 12:16:55,2025-12-01 09:30:00,,
2025-11-24 12:23:32,2025-12-01 09:30:00,,
2025-11-24 12:39:17,2025-12-01 09:30:00,,
2025-11-24 13:07:03,2025-12-01 09:30:00,2025-11-24 13:07:36,2025-11-24 13:09:40
2025-11-24 13:19:15,2025-12-01 09:30:00,,
2025-11-24 13:19:39,2025-12-01 09:30:00,2025-11-24 13:23:16,2025-11-24 13:21:08
2025-11-24 13:21:08,2025-12-01 09:30:00,,
2025-11-24 13:23:09,2025-12-01 09:30:00,2025-11-24 13:23:16,2025-11-24 13:23:36
2025-11-24 13:23:36,2025-12-01 09:30:00,,
2025-11-24 13:24:27,2025-12-01 09:30:00,2025-11-24 13:25:05,2025-11-24 13:26:50
2025-11-24 13:33:28,2025-12-01 09:30:00,,
2025-11-24 13:41:03,2025-12-01 09:30:00,2025-11-24 13:41:26,2025-11-24 13:43:14
2025-11-24 13:41:26,2025-12-01 09:30:00,,
2025-11-24 13:55:32,2025-12-01 09:30:00,2025-11-24 13:55:42,2025-11-24 13:57:00
2025-11-24 13:55:42,2025-12-01 09:30:00,,
2025-11-24 13:59:07,2025-12-01 09:30:00,,
2025-11-24 14:00:36,2025-12-01 09:30:00,2025-11-24 14:01:00,2025-11-24 14:01:15
2025-11-24 14:01:00,2025-12-01 09:30:00,,
2025-11-24 14:04:54,2025-12-01 09:30:00,2025-11-24 14:06:12,2025-11-24 14:05:03
2025-11-24 14:08:10,2025-12-01 09:30:00,2025-11-24 14:08:12,2025-11-24 14:08:48
2025-11-24 14:08:12,2025-12-01 09:30:00,,
2025-11-24 14:08:41,2025-12-01 09:30:00,2025-11-24 14:09:47,2025-11-24 14:08:48
2025-11-24 14:30:02,2025-12-01 09:30:00,,
2025-11-24 14:31:40,2025-12-01 09:30:00,2025-11-24 14:32:03,2025-11-24 14:32:13
2025-11-24 14:32:03,2025-12-01 09:30:00,,
2025-11-24 14:32:24,2025-12-01 09:30:00,,
2025-11-24 14:40:13,2025-12-01 09:30:00,,
2025-11-24 14:44:50,2025-12-01 09:30:00,2025-11-24 14:45:04,2025-11-24 14:45:31
2025-11-24 14:51:03,2025-12-01 09:30:00,2025-11-24 14:51:40,2025-11-24 14:51:15
2025-11-24 14:51:15,2025-12-01 09:30:00,,
2025-11-24 14:52:53,2025-12-01 09:30:00,,
2025-11-24 14:56:00,2025-12-01 09:30:00,2025-11-24 14:56:04,2025-11-24 14:56:09
2025-11-24 15:01:48,2025-12-01 09:30:00,2025-11-24 15:02:43,2025-11-24 15:02:16
2025-11-24 15:02:16,2025-12-01 09:30:00,,
2025-11-24 15:02:34,2025-12-01 09:30:00,2025-11-24 15:02:43,2025-11-24 15:02:40
2025-11-24 15:02:40,2025-12-01 09:30:00,,
2025-11-24 15:05:03,2025-12-01 09:30:00,,
2025-11-24 15:06:01,2025-12-01 09:30:00,,
2025-11-24 15:06:31,2025-12-01 09:30:00,,
2025-11-24 15:06:38,2025-12-01 09:30:00,2025-11-24 15:07:14,2025-11-24 15:07:19
2025-11-24 15:10:11,2025-12-01 09:30:00,2025-11-24 15:11:00,2025-11-24 15:10:29
2025-11-24 15:10:29,2025-12-01 09:30:00,,
2025-11-24 15:10:48,2025-12-01 09:30:00,2025-11-24 15:11:00,2025-11-24 15:11:16
2025-11-24 15:11:39,2025-12-01 09:30:00,2025-11-24 15:12:58,2025-11-24 15:11:55
2025-11-24 15:11:55,2025-12-01 09:30:00,,
2025-11-24 15:13:13,2025-12-01 09:30:00,2025-11-24 15:13:56,2025-11-24 15:13:32
2025-11-24 15:13:32,2025-12-01 09:30:00,,
2025-11-24 15:13:47,2025-12-01 09:30:00,2025-11-24 15:13:56,2025-11-24 15:14:48
2025-11-24 15:14:51,2025-12-01 09:30:00,2025-11-24 15:15:37,2025-11-24 15:16:01
2025-11-24 15:25:03,2025-12-01 09:30:00,,
2025-11-24 15:25:16,2025-12-01 09:30:00,2025-11-24 15:25:27,2025-11-24 15:25:29
2025-11-24 15:25:27,2025-12-01 09:30:00,2025-11-25 09:31:17,2025-11-25 09:47:50
2025-11-24 15:27:10,2025-12-01 09:30:00,,
2025-11-24 15:27:13,2025-12-01 09:30:00,2025-11-24 15:28:12,2025-11-24 15:27:22
2025-11-24 15:28:36,2025-12-01 09:30:00,2025-11-24 15:29:21,2025-11-24 15:29:17
2025-11-24 15:29:57,2025-12-01 09:30:00,2025-11-24 15:30:04,2025-11-24 15:30:00
2025-11-24 15:33:22,2025-12-01 09:30:00,,
2025-11-24 15:34:32,2025-12-01 09:30:00,,
2025-11-24 15:34:36,2025-12-01 09:30:00,2025-11-24 15:35:06,2025-11-24 15:34:41
2025-11-24 15:34:41,2025-12-01 09:30:00,,
2025-11-24 15:34:55,2025-12-01 09:30:00,2025-11-24 15:35:06,2025-11-24 15:34:57
2025-11-24 15:34:57,2025-12-01 09:30:00,,
2025-11-24 15:35:02,2025-12-01 09:30:00,2025-11-24 15:35:06,2025-11-24 15:36:27
2025-11-24 15:41:35,2025-12-01 09:30:00,2025-11-24 15:41:36,2025-11-24 15:41:48
2025-11-24 15:41:36,2025-12-01 09:30:00,,
2025-11-24 15:44:59,2025-12-01 09:30:00,2025-11-24 15:45:09,2025-11-24 15:45:00
2025-11-24 15:48:39,2025-12-01 09:30:00,2025-11-24 15:49:44,2025-11-24 15:48:58
2025-11-24 15:51:07,2025-12-01 09:30:00,,
2025-11-24 15:51:08,2025-12-01 09:30:00,2025-11-24 15:51:21,2025-11-24 15:51:11
2025-11-24 15:51:38,2025-12-01 09:30:00,,
2025-11-24 15:52:50,2025-12-01 09:30:00,2025-11-24 15:53:00,2025-11-24 15:53:03
2025-11-24 15:53:00,2025-12-01 09:30:00,,
2025-11-24 15:53:10,2025-12-01 09:30:00,2025-11-24 15:53:40,2025-11-24 15:53:20
2025-11-24 15:54:50,2025-12-01 09:30:00,2025-11-24 15:54:51,2025-11-24 15:55:00
2025-11-24 15:55:55,2025-12-01 09:30:00,2025-11-24 15:56:05,2025-11-24 15:56:57
2025-11-25 10:43:00,2025-12-01 09:30:00,2025-11-25 10:44:27,2025-11-25 10:45:49
2025-11-25 12:43:38,2025-12-01 09:30:00,2025-11-25 12:46:18,2025-11-25 12:43:47
2025-11-25 13:11:00,2025-12-01 09:30:00,2025-11-25 13:13:58,2025-11-25 13:12:30
2025-11-25 13:27:47,2025-12-01 09:30:00,,
2025-11-25 13:59:50,2025-12-01 09:30:00,2025-11-25 13:59:51,2025-11-25 13:59:52
2025-11-25 13:59:51,2025-12-01 09:30:00,,
2025-11-25 14:03:13,2025-12-01 09:30:00,2025-11-25 14:04:56,2025-11-25 14:03:46
2025-11-25 14:10:01,2025-12-01 09:30:00,,
2025-11-25 14:11:46,2025-12-01 09:30:00,,
2025-11-25 14:27:51,2025-12-01 09:30:00,,
2025-11-25 14:28:02,2025-12-01 09:30:00,2025-11-25 14:29:13,2025-11-25 14:28:03
2025-11-25 15:00:31,2025-12-01 09:30:00,,
2025-11-25 15:01:07,2025-12-01 09:30:00,2025-11-25 15:01:30,2025-11-25 15:01:28
2025-11-25 15:01:28,2025-12-01 09:30:00,,
2025-11-25 15:05:05,2025-12-01 09:30:00,2025-11-25 15:05:16,2025-11-25 15:05:13
2025-11-25 15:05:13,2025-12-01 09:30:00,,
2025-11-25 15:12:03,2025-12-01 09:30:00,,
2025-11-25 15:13:37,2025-12-01 09:30:00,,
2025-11-25 15:24:32,2025-12-01 09:30:00,,
2025-11-25 15:33:06,2025-12-01 09:30:00,,
2025-11-25 15:35:34,2025-12-01 09:30:00,2025-11-25 15:36:25,2025-11-25 15:35:53
2025-11-25 15:35:53,2025-12-01 09:30:00,,
2025-11-25 15:37:07,2025-12-01 09:30:00,,
2025-11-25 15:40:59,2025-12-01 09:30:00,2025-11-25 15:41:19,2025-11-25 15:41:09
2025-11-25 15:41:09,2025-12-01 09:30:00,,
2025-11-25 15:49:26,2025-12-01 09:30:00,2025-11-25 15:50:00,2025-11-25 15:50:11
2025-11-25 15:54:10,2025-12-01 09:30:00,2025-11-25 15:54:47,2025-11-25 15:54:23
2025-11-25 15:58:58,2025-12-01 09:30:00,2025-11-25 15:59:06,2025-11-25 15:59:26
2025-11-25 15:59:06,2025-12-01 09:30:00,,
2025-11-26 09:49:09,2025-12-01 09:49:11,2025-11-26 09:52:17,2025-11-26 09:55:38
2025-11-26 14:23:22,2025-12-01 14:24:26,,
2025-11-26 14:30:41,2025-12-01 14:31:35,,
2025-11-26 14:42:08,2025-12-01 14:42:39,2025-11-26 14:44:01,2025-11-26 14:42:41
2025-11-26 14:42:41,2025-12-01 14:43:35,,
2025-11-26 14:58:45,2025-12-01 14:58:51,,
2025-11-26 15:01:11,2025-12-01 15:01:28,2025-11-26 15:01:12,2025-11-26 15:01:51
2025-11-26 15:01:12,2025-12-01 15:01:28,,
2025-11-26 15:14:25,2025-12-01 15:14:28,2025-11-26 15:17:11,2025-11-26 15:15:15
2025-11-26 15:15:15,2025-12-01 15:15:17,,
2025-11-26 15:16:23,2025-12-01 15:16:30,2025-11-26 15:17:11,2025-11-26 15:16:52
2025-11-26 15:16:52,2025-12-01 15:17:11,,
2025-11-26 15:20:37,2025-12-01 15:20:55,,
2025-11-26 15:45:41,2025-12-01 15:45:57,,
2025-11-26 15:58:37,2025-12-01 15:58:39,2025-11-26 15:59:17,2025-11-26 15:58:40
2025-11-28 10:45:10,2025-12-03 10:46:01,,
2025-11-28 11:12:32,2025-12-03 11:15:40,,
2025-11-28 11:13:04,2025-12-03 11:15:40,2025-11-28 11:13:08,2025-11-28 11:14:47
2025-11-28 11:19:17,2025-12-03 11:20:36,,
2025-11-28 11:56:54,2025-12-03 12:00:32,,
2025-11-28 12:01:14,2025-12-03 12:07:33,2025-11-28 12:03:49,2025-11-28 12:02:27
2025-11-28 12:26:39,2025-12-03 12:27:13,2025-11-28 12:30:19,2025-11-28 12:27:25
2025-11-28 12:31:37,2025-12-03 12:35:21,2025-11-28 12:32:10,2025-11-28 12:32:44
2025-11-28 12:32:10,2025-12-03 12:35:21,,
2025-11-28 12:49:39,2025-12-03 12:49:54,2025-11-28 12:50:40,2025-11-28 12:49:58
2025-11-28 12:57:33,2025-12-03 12:57:34,2025-11-28 12:58:09,2025-11-28 12:57:38
2025-11-28 12:57:38,2025-12-03 12:59:54,,
2025-11-28 12:58:40,2025-12-03 12:59:54,,
2025-11-28 12:58:45,2025-12-03 12:59:54,2025-11-28 12:58:51,2025-11-28 12:58:57
2025-12-01 11:15:59,2025-12-08 09:30:00,,
2025-12-01 11:27:55,2025-12-08 09:30:00,2025-12-01 11:31:21,2025-12-01 11:29:26
2025-12-01 11:29:26,2025-12-08 09:30:00,,
2025-12-01 11:36:28,2025-12-08 09:30:00,,
2025-12-01 12:13:37,2025-12-08 09:30:00,2025-12-01 12:14:01,2025-12-01 12:20:01
2025-12-01 12:56:53,2025-12-08 09:30:00,2025-12-01 12:57:16,2025-12-01 13:00:00
2025-12-01 13:05:20,2025-12-08 09:30:00,,
2025-12-01 13:14:04,2025-12-08 09:30:00,2025-12-01 13:17:32,2025-12-01 13:15:48
2025-12-01 13:15:48,2025-12-08 09:30:00,,
2025-12-01 13:36:16,2025-12-08 09:30:00,2025-12-01 13:41:54,2025-12-01 13:40:19
2025-12-01 13:40:19,2025-12-08 09:30:00,,
2025-12-01 13:48:51,2025-12-08 09:30:00,2025-12-01 13:50:27,2025-12-01 13:53:43
2025-12-01 14:29:03,2025-12-08 09:30:00,2025-12-01 14:31:42,2025-12-01 14:29:45
2025-12-01 14:36:31,2025-12-08 09:30:00,2025-12-01 14:38:12,2025-12-01 14:41:17
2025-12-01 14:38:12,2025-12-08 09:30:00,,
2025-12-01 14:50:11,2025-12-08 09:30:00,2025-12-01 14:51:59,2025-12-01 14:51:15
2025-12-01 15:19:54,2025-12-08 09:30:00,,
2025-12-01 15:33:29,2025-12-08 09:30:00,2025-12-01 15:34:46,2025-12-01 15:34:22
2025-12-01 15:34:22,2025-12-08 09:30:00,,
2025-12-01 15:39:01,2025-12-08 09:30:00,2025-12-01 15:40:44,2025-12-01 15:39:05
2025-12-01 15:39:05,2025-12-08 09:30:00,,
2025-12-01 15:50:11,2025-12-08 09:30:00,,
2025-12-01 15:56:06,2025-12-08 09:30:00,,
2025-12-01 15:57:47,2025-12-08 09:30:00,2025-12-01 15:58:10,2025-12-01 15:58:01
2025-12-01 15:58:51,2025-12-08 09:30:00,2025-12-01 15:59:00,2025-12-01 15:58:55
2025-12-01 16:00:00,2025-12-08 09:30:00,,
2025-12-02 09:52:25,2025-12-08 09:30:00,2025-12-02 09:52:34,2025-12-02 09:53:04
2025-12-02 10:01:54,2025-12-08 09:30:00,2025-12-02 10:02:54,2025-12-02 10:02:19
2025-12-02 10:02:19,2025-12-08 09:30:00,,
2025-12-02 10:02:37,2025-12-08 09:30:00,2025-12-02 10:02:54,2025-12-02 10:03:12
2025-12-02 10:05:36,2025-12-08 09:30:00,,
2025-12-02 10:06:28,2025-12-08 09:30:00,2025-12-02 10:06:49,2025-12-02 10:06:43
2025-12-02 10:06:43,2025-12-08 09:30:00,,
2025-12-02 10:44:04,2025-12-08 09:30:00,2025-12-02 10:44:23,2025-12-02 10:45:11
2025-12-02 11:52:15,2025-12-08 09:30:00,2025-12-02 11:54:10,2025-12-02 11:52:58
2025-12-02 11:54:16,2025-12-08 09:30:00,,
2025-12-02 12:10:38,2025-12-08 09:30:00,,
2025-12-02 12:13:04,2025-12-08 09:30:00,2025-12-02 12:13:08,2025-12-02 12:14:34
2025-12-02 12:13:08,2025-12-08 09:30:00,,
2025-12-02 12:18:38,2025-12-08 09:30:00,2025-12-02 12:19:00,2025-12-02 12:23:52
2025-12-02 12:19:00,2025-12-08 09:30:00,,
2025-12-02 12:25:12,2025-12-08 09:30:00,2025-12-02 12:25:33,2025-12-02 12:28:11
2025-12-02 14:36:20,2025-12-08 09:30:00,2025-12-02 14:37:18,2025-12-02 14:39:37
2025-12-02 14:39:37,2025-12-08 09:30:00,,
2025-12-02 15:01:05,2025-12-08 09:30:00,,
2025-12-02 15:13:07,2025-12-08 09:30:00,,
2025-12-02 15:25:26,2025-12-08 09:30:00,2025-12-02 15:26:03,2025-12-02 15:25:40
2025-12-02 15:25:40,2025-12-08 09:30:00,,
2025-12-02 15:31:50,2025-12-08 09:30:00,2025-12-02 15:32:59,2025-12-02 15:32:19
2025-12-02 15:32:19,2025-12-08 09:30:00,,
2025-12-02 15:34:16,2025-12-08 09:30:00,,
2025-12-02 15:35:00,2025-12-08 09:30:00,2025-12-02 15:35:17,2025-12-02 15:36:26
2025-12-02 15:38:05,2025-12-08 09:30:00,2025-12-02 15:41:52,2025-12-02 15:41:08
2025-12-02 15:54:10,2025-12-08 09:30:00,,
2025-12-02 15:56:09,2025-12-08 09:30:00,2025-12-02 15:56:46,2025-12-02 15:56:52
2025-12-02 15:56:46,2025-12-08 09:30:00,,
2025-12-02 15:57:09,2025-12-08 09:30:00,,
2025-12-02 15:58:56,2025-12-08 09:30:00,2025-12-02 15:59:06,2025-12-02 15:58:58
2025-12-02 15:59:18,2025-12-08 09:30:00,2025-12-02 15:59:22,2025-12-02 15:59:21
2025-12-03 09:49:40,2025-12-08 09:51:21,,
2025-12-03 09:52:14,2025-12-08 09:53:12,2025-12-03 09:52:27,2025-12-03 09:54:05
2025-12-03 09:54:54,2025-12-08 09:56:20,2025-12-03 09:58:17,2025-12-03 09:57:28
2025-12-03 09:57:28,2025-12-08 09:57:45,,
2025-12-03 10:00:53,2025-12-08 10:04:21,2025-12-03 10:01:35,2025-12-03 10:01:45
2025-12-03 10:02:33,2025-12-08 10:04:21,,
2025-12-03 10:05:33,2025-12-08 10:08:02,,
2025-12-03 10:12:40,2025-12-08 10:12:51,2025-12-03 10:13:20,2025-12-03 10:13:17
2025-12-03 10:55:38,2025-12-08 10:56:07,2025-12-03 10:56:15,2025-12-03 10:56:13
2025-12-03 11:01:48,2025-12-08 11:01:58,,
2025-12-03 11:04:09,2025-12-08 11:05:52,,
2025-12-03 11:04:23,2025-12-08 11:05:52,2025-12-03 11:04:54,2025-12-03 11:04:40
2025-12-03 11:04:40,2025-12-08 11:05:52,,
2025-12-03 11:04:41,2025-12-08 11:05:52,2025-12-03 11:04:54,2025-12-03 11:07:22
2025-12-03 13:54:11,2025-12-08 13:54:16,2025-12-03 13:54:29,2025-12-03 13:55:17
2025-12-03 14:29:59,2025-12-08 14:30:10,2025-12-03 14:30:15,2025-12-03 14:31:39
2025-12-03 14:30:15,2025-12-08 14:30:40,,
2025-12-03 14:30:49,2025-12-08 14:30:50,2025-12-03 14:31:55,2025-12-03 14:31:39
2025-12-03 14:34:00,2025-12-08 14:34:41,,
2025-12-03 14:39:00,2025-12-08 14:39:05,2025-12-03 14:40:51,2025-12-03 14:39:49
2025-12-03 14:43:24,2025-12-08 14:44:23,2025-12-03 14:45:00,2025-12-03 14:44:36
2025-12-03 14:46:33,2025-12-08 14:46:50,2025-12-03 14:46:53,2025-12-03 14:48:24
2025-12-03 14:46:53,2025-12-08 14:47:20,,
2025-12-03 15:09:22,2025-12-08 15:09:22,2025-12-03 15:10:39,2025-12-03 15:10:10
2025-12-03 15:11:41,2025-12-08 15:12:06,2025-12-03 15:12:30,2025-12-03 15:12:44
2025-12-03 15:12:30,2025-12-08 15:13:12,,
2025-12-03 15:21:48,2025-12-08 15:22:12,,
2025-12-03 15:43:56,2025-12-08 15:44:45,,
2025-12-03 15:44:49,2025-12-08 15:45:01,2025-12-03 15:45:08,2025-12-03 15:46:16
2025-12-03 15:45:08,2025-12-08 15:45:27,,
2025-12-03 15:53:10,2025-12-08 15:53:10,2025-12-03 15:53:17,2025-12-03 15:53:24
2025-12-03 15:53:17,2025-12-08 15:53:19,,
2025-12-03 15:53:20,2025-12-08 15:53:40,2025-12-03 15:53:28,2025-12-03 15:53:24
2025-12-03 15:56:19,2025-12-08 15:56:19,,
2025-12-03 15:56:20,2025-12-08 15:56:21,2025-12-03 15:56:43,2025-12-03 15:56:40
2025-12-03 15:56:43,2025-12-08 15:56:46,,
2025-12-03 15:56:45,2025-12-08 15:56:46,2025-12-03 15:57:15,2025-12-03 15:57:06
2025-12-03 15:57:23,2025-12-08 15:57:35,2025-12-03 15:58:06,2025-12-03 15:57:29
2025-12-03 15:58:28,2025-12-08 15:58:36,2025-12-03 15:58:30,2025-12-03 15:58:29
2025-12-03 15:58:36,2025-12-08 15:58:36,2025-12-03 15:58:42,2025-12-03 15:58:40
2025-12-03 15:58:45,2025-12-08 15:58:58,2025-12-03 15:59:00,2025-12-03 15:58:59
2025-12-03 15:59:18,2025-12-08 15:59:30,2025-12-03 15:59:22,2025-12-03 15:59:39
2025-12-04 10:21:40,2025-12-09 10:22:01,2025-12-04 10:22:01,2025-12-04 10:22:42
2025-12-04 10:22:01,2025-12-09 10:22:01,,
2025-12-04 11:45:27,2025-12-09 11:47:02,2025-12-04 11:54:00,2025-12-04 11:45:57
2025-12-04 11:45:57,2025-12-09 11:47:02,,
2025-12-04 11:58:28,2025-12-09 11:59:26,2025-12-04 11:59:36,2025-12-04 12:02:14
2025-12-04 13:28:09,2025-12-09 13:28:12,2025-12-04 13:34:00,2025-12-04 13:30:00
2025-12-04 13:30:00,2025-12-09 13:30:19,,
2025-12-04 14:24:48,2025-12-09 14:24:58,,
2025-12-04 14:32:05,2025-12-09 14:33:31,2025-12-04 14:32:07,2025-12-04 14:34:17
2025-12-04 14:32:07,2025-12-09 14:33:31,,
2025-12-04 14:32:22,2025-12-09 14:33:31,2025-12-04 14:33:17,2025-12-04 14:34:17
2025-12-04 14:33:17,2025-12-09 14:33:31,,
2025-12-04 14:38:51,2025-12-09 14:39:40,2025-12-04 14:40:39,2025-12-04 14:39:08
2025-12-04 14:50:28,2025-12-09 14:50:48,2025-12-04 14:51:02,2025-12-04 14:51:17
2025-12-04 14:51:17,2025-12-09 14:51:34,,
2025-12-04 15:01:06,2025-12-09 15:01:21,,
2025-12-04 15:03:18,2025-12-09 15:03:32,2025-12-04 15:04:03,2025-12-04 15:04:22
2025-12-04 15:04:03,2025-12-09 15:04:04,,
2025-12-04 15:16:43,2025-12-09 15:17:27,2025-12-04 15:17:54,2025-12-04 15:18:24
2025-12-04 15:18:41,2025-12-09 15:19:03,2025-12-04 15:19:32,2025-12-04 15:19:10
2025-12-04 15:34:11,2025-12-09 15:34:41,2025-12-04 15:35:55,2025-12-04 15:34:49
2025-12-04 15:34:49,2025-12-09 15:35:00,,
2025-12-04 15:58:20,2025-12-09 15:58:21,2025-12-04 15:58:21,2025-12-04 15:58:34
2025-12-04 15:58:34,2025-12-09 15:58:52,,
2025-12-05 10:43:23,2025-12-10 10:43:25,2025-12-05 10:46:22,2025-12-05 10:47:16
2025-12-05 10:46:22,2025-12-10 10:47:18,,
2025-12-05 12:20:12,2025-12-10 12:20:30,2025-12-05 12:20:18,2025-12-05 12:26:06
2025-12-05 12:20:18,2025-12-10 12:20:30,,
2025-12-05 12:39:46,2025-12-10 12:41:02,2025-12-05 12:45:04,2025-12-05 12:39:56
2025-12-05 13:00:56,2025-12-10 13:01:10,2025-12-05 13:05:44,2025-12-05 13:06:39
2025-12-05 13:05:44,2025-12-10 13:06:19,,
2025-12-05 13:12:41,2025-12-10 13:13:39,2025-12-05 13:12:42,2025-12-05 13:16:09
2025-12-05 13:35:46,2025-12-10 13:36:01,2025-12-05 13:36:48,2025-12-05 13:42:30
2025-12-05 14:26:18,2025-12-10 14:26:20,2025-12-05 14:27:05,2025-12-05 14:30:01
2025-12-05 14:27:05,2025-12-10 14:27:06,,
2025-12-05 14:28:12,2025-12-10 14:28:15,2025-12-05 14:30:15,2025-12-05 14:30:01
2025-12-05 14:40:06,2025-12-10 14:40:06,,
2025-12-05 14:46:01,2025-12-10 14:46:04,2025-12-05 14:47:18,2025-12-05 14:46:31
2025-12-05 14:51:27,2025-12-10 14:51:37,2025-12-05 14:53:15,2025-12-05 14:53:10
2025-12-05 14:53:10,2025-12-10 14:53:11,,
2025-12-05 15:04:34,2025-12-10 15:04:40,2025-12-05 15:06:13,2025-12-05 15:04:48
2025-12-05 15:08:32,2025-12-10 15:08:41,2025-12-05 15:08:40,2025-12-05 15:09:02
2025-12-05 15:08:40,2025-12-10 15:08:41,,
2025-12-05 15:11:39,2025-12-10 15:11:42,,
2025-12-05 15:16:45,2025-12-10 15:16:48,2025-12-05 15:17:00,2025-12-05 15:17:10
2025-12-05 15:37:14,2025-12-10 15:37:47,,
2025-12-05 15:39:36,2025-12-10 15:39:38,,
2025-12-05 15:44:09,2025-12-10 15:44:39,2025-12-05 15:44:18,2025-12-05 15:44:26
2025-12-05 15:44:18,2025-12-10 15:44:39,,
2025-12-05 15:50:12,2025-12-10 15:50:14,2025-12-05 15:50:31,2025-12-05 15:50:16
2025-12-05 15:57:14,2025-12-10 15:57:31,,
2025-12-05 15:58:13,2025-12-10 15:58:15,,
2025-12-05 15:58:27,2025-12-10 15:58:30,2025-12-05 15:58:34,2025-12-05 15:59:14
2025-12-05 15:58:34,2025-12-10 15:58:36,,
2025-12-05 15:59:00,2025-12-10 15:59:00,2025-12-05 15:59:02,2025-12-05 15:59:14
2025-12-05 15:59:02,2025-12-10 15:59:03,,
2025-12-08 10:38:16,2025-12-15 09:30:00,,
2025-12-08 10:46:40,2025-12-15 09:30:00,2025-12-08 10:48:00,2025-12-08 10:46:49
2025-12-08 10:46:49,2025-12-15 09:30:00,,
2025-12-08 10:49:40,2025-12-15 09:30:00,2025-12-08 10:50:23,2025-12-08 10:50:51
2025-12-08 10:52:06,2025-12-15 09:30:00,,
2025-12-08 10:53:11,2025-12-15 09:30:00,2025-12-08 10:53:43,2025-12-08 10:56:50
2025-12-08 11:17:32,2025-12-15 09:30:00,2025-12-08 11:18:34,2025-12-08 11:18:50
2025-12-08 11:18:34,2025-12-15 09:30:00,,
2025-12-08 11:43:10,2025-12-15 09:30:00,2025-12-08 11:45:59,2025-12-08 11:46:32
2025-12-08 12:17:15,2025-12-15 09:30:00,2025-12-08 12:18:21,2025-12-08 12:18:02
2025-12-08 12:18:02,2025-12-15 09:30:00,,
2025-12-08 12:48:53,2025-12-15 09:30:00,,
2025-12-08 12:50:17,2025-12-15 09:30:00,2025-12-08 12:52:04,2025-12-08 12:50:27
2025-12-08 12:50:27,2025-12-15 09:30:00,,
2025-12-08 12:58:47,2025-12-15 09:30:00,2025-12-08 12:59:34,2025-12-08 12:59:02
2025-12-08 12:59:02,2025-12-15 09:30:00,,
2025-12-08 13:19:45,2025-12-15 09:30:00,,
2025-12-08 13:20:16,2025-12-15 09:30:00,2025-12-08 13:23:26,2025-12-08 13:21:47
2025-12-08 14:01:30,2025-12-15 09:30:00,2025-12-08 14:02:55,2025-12-08 14:01:54
2025-12-08 14:16:06,2025-12-15 09:30:00,2025-12-08 14:17:11,2025-12-08 14:17:17
2025-12-08 14:20:37,2025-12-15 09:30:00,2025-12-08 14:20:41,2025-12-08 14:22:59
2025-12-08 14:31:50,2025-12-15 09:30:00,2025-12-08 14:32:27,2025-12-08 14:32:05
2025-12-08 14:32:05,2025-12-15 09:30:00,,
2025-12-08 14:37:37,2025-12-15 09:30:00,2025-12-08 14:39:05,2025-12-08 14:38:31
2025-12-08 14:38:31,2025-12-15 09:30:00,,
2025-12-08 14:46:10,2025-12-15 09:30:00,2025-12-08 14:46:50,2025-12-08 14:48:41
2025-12-08 14:49:21,2025-12-15 09:30:00,2025-12-08 14:51:07,2025-12-08 14:49:48
2025-12-08 14:49:48,2025-12-15 09:30:00,,
2025-12-08 14:50:30,2025-12-15 09:30:00,2025-12-08 14:51:07,2025-12-08 14:50:33
2025-12-08 14:50:33,2025-12-15 09:30:00,,
2025-12-08 15:04:21,2025-12-15 09:30:00,,
2025-12-08 15:06:38,2025-12-15 09:30:00,2025-12-08 15:07:35,2025-12-08 15:07:31
2025-12-08 15:10:31,2025-12-15 09:30:00,,
2025-12-08 15:12:06,2025-12-15 09:30:00,2025-12-08 15:13:47,2025-12-08 15:12:24
2025-12-08 15:12:24,2025-12-15 09:30:00,,
2025-12-08 15:13:12,2025-12-15 09:30:00,2025-12-08 15:13:47,2025-12-08 15:14:47
2025-12-08 15:39:20,2025-12-15 09:30:00,2025-12-08 15:40:15,2025-12-08 15:40:01
2025-12-08 15:40:44,2025-12-15 09:30:00,2025-12-08 15:41:33,2025-12-08 15:42:32
2025-12-08 15:41:33,2025-12-15 09:30:00,,
2025-12-08 15:45:57,2025-12-15 09:30:00,2025-12-08 15:46:51,2025-12-08 15:46:04
2025-12-08 15:51:30,2025-12-15 09:30:00,2025-12-08 15:51:40,2025-12-08 15:51:31
2025-12-08 15:51:31,2025-12-15 09:30:00,,
2025-12-08 15:53:10,2025-12-15 09:30:00,,
2025-12-08 15:58:36,2025-12-15 09:30:00,2025-12-08 15:59:12,2025-12-08 15:58:58
2025-12-09 10:45:49,2025-12-15 09:30:00,2025-12-09 10:46:27,2025-12-09 10:46:25
2025-12-09 11:02:59,2025-12-15 09:30:00,2025-12-09 11:04:21,2025-12-09 11:03:06
2025-12-09 11:10:17,2025-12-15 09:30:00,2025-12-09 11:11:52,2025-12-09 11:11:50
2025-12-09 11:13:57,2025-12-15 09:30:00,2025-12-09 11:15:02,2025-12-09 11:15:19
2025-12-09 11:17:16,2025-12-15 09:30:00,2025-12-09 11:17:54,2025-12-09 11:17:48
2025-12-09 11:17:48,2025-12-15 09:30:00,,
2025-12-09 11:50:05,2025-12-15 09:30:00,,
2025-12-09 12:05:00,2025-12-15 09:30:00,,
2025-12-09 12:31:13,2025-12-15 09:30:00,2025-12-09 12:32:14,2025-12-09 12:35:09
2025-12-09 12:32:14,2025-12-15 09:30:00,,
2025-12-09 13:18:09,2025-12-15 09:30:00,2025-12-09 13:18:45,2025-12-09 13:23:11
2025-12-09 13:18:45,2025-12-15 09:30:00,,
2025-12-09 13:24:04,2025-12-15 09:30:00,2025-12-09 13:26:03,2025-12-09 13:24:46
2025-12-09 13:24:46,2025-12-15 09:30:00,,
2025-12-09 13:28:30,2025-12-15 09:30:00,,
2025-12-09 13:30:19,2025-12-15 09:30:00,2025-12-09 13:30:37,2025-12-09 13:32:15
2025-12-09 13:32:18,2025-12-15 09:30:00,2025-12-09 13:32:55,2025-12-09 13:34:29
2025-12-09 13:35:01,2025-12-15 09:30:00,2025-12-09 13:35:48,2025-12-09 13:36:26
2025-12-09 13:35:48,2025-12-15 09:30:00,,
2025-12-09 13:44:35,2025-12-15 09:30:00,2025-12-09 13:47:00,2025-12-09 13:45:04
2025-12-09 13:49:12,2025-12-15 09:30:00,2025-12-09 13:49:24,2025-12-09 13:50:00
2025-12-09 13:49:24,2025-12-15 09:30:00,,
2025-12-09 13:55:28,2025-12-15 09:30:00,2025-12-09 13:56:11,2025-12-09 13:55:53
2025-12-09 13:55:53,2025-12-15 09:30:00,,
2025-12-09 14:03:44,2025-12-15 09:30:00,2025-12-09 14:04:24,2025-12-09 14:03:46
2025-12-09 14:03:46,2025-12-15 09:30:00,,
2025-12-09 14:08:48,2025-12-15 09:30:00,2025-12-09 14:08:49,2025-12-09 14:10:43
2025-12-09 14:11:13,2025-12-15 09:30:00,2025-12-09 14:11:34,2025-12-09 14:13:04
2025-12-09 14:18:19,2025-12-15 09:30:00,,
2025-12-09 14:19:31,2025-12-15 09:30:00,2025-12-09 14:20:00,2025-12-09 14:23:39
2025-12-09 14:23:39,2025-12-15 09:30:00,,
2025-12-09 14:28:08,2025-12-15 09:30:00,2025-12-09 14:28:35,2025-12-09 14:28:51
2025-12-09 14:28:35,2025-12-15 09:30:00,,
2025-12-09 14:30:20,2025-12-15 09:30:00,2025-12-09 14:31:00,2025-12-09 14:30:37
2025-12-09 14:39:40,2025-12-15 09:30:00,,
2025-12-09 14:42:55,2025-12-15 09:30:00,2025-12-09 14:44:35,2025-12-09 14:43:08
2025-12-09 14:43:08,2025-12-15 09:30:00,,
2025-12-09 14:44:12,2025-12-15 09:30:00,2025-12-09 14:44:35,2025-12-09 14:45:48
2025-12-09 14:50:48,2025-12-15 09:30:00,2025-12-09 14:50:57,2025-12-09 14:51:16
2025-12-09 14:50:57,2025-12-15 09:30:00,,
2025-12-09 14:56:40,2025-12-15 09:30:00,2025-12-09 14:56:45,2025-12-09 14:59:27
2025-12-09 15:03:53,2025-12-15 09:30:00,,
2025-12-09 15:04:59,2025-12-15 09:30:00,2025-12-09 15:05:12,2025-12-09 15:05:10
2025-12-09 15:05:10,2025-12-15 09:30:00,,
2025-12-09 15:07:29,2025-12-15 09:30:00,2025-12-09 15:09:23,2025-12-09 15:07:38
2025-12-09 15:07:38,2025-12-15 09:30:00,,
2025-12-09 15:08:08,2025-12-15 09:30:00,2025-12-09 15:09:23,2025-12-09 15:10:37
2025-12-09 15:13:07,2025-12-15 09:30:00,,
2025-12-09 15:17:51,2025-12-15 09:30:00,,
2025-12-09 15:21:45,2025-12-15 09:30:00,2025-12-09 15:24:16,2025-12-09 15:23:29
2025-12-09 15:49:19,2025-12-15 09:30:00,,
2025-12-09 15:49:39,2025-12-15 09:30:00,2025-12-09 15:50:00,2025-12-09 15:50:04
2025-12-09 15:50:00,2025-12-15 09:30:00,,
2025-12-09 15:50:33,2025-12-15 09:30:00,2025-12-09 15:51:30,2025-12-09 15:50:44
2025-12-09 15:50:44,2025-12-15 09:30:00,,
2025-12-09 15:50:46,2025-12-15 09:30:00,2025-12-09 15:51:30,2025-12-09 15:52:30
2025-12-09 15:55:51,2025-12-15 09:30:00,2025-12-09 15:56:00,2025-12-09 15:56:04
2025-12-09 15:56:00,2025-12-15 09:30:00,,
2025-12-09 15:58:52,2025-12-15 09:30:00,2025-12-09 15:59:07,2025-12-09 15:58:57
2025-12-09 15:59:07,2025-12-15 09:30:00,,
2025-12-10 10:10:21,2025-12-15 10:12:44,2025-12-10 10:10:38,2025-12-10 10:11:10
2025-12-10 10:14:54,2025-12-15 10:15:24,2025-12-10 10:14:59,2025-12-10 10:15:46
2025-12-10 10:33:02,2025-12-15 10:33:41,2025-12-10 10:33:20,2025-12-10 10:34:02
2025-12-10 10:46:06,2025-12-15 10:48:04,2025-12-10 10:48:16,2025-12-10 10:46:10
2025-12-10 10:46:10,2025-12-15 10:48:04,,
2025-12-10 10:47:18,2025-12-15 10:48:04,2025-12-10 10:48:16,2025-12-10 10:47:32
2025-12-10 10:47:32,2025-12-15 10:48:04,,
2025-12-10 10:54:22,2025-12-15 10:55:02,,
2025-12-10 11:02:22,2025-12-15 11:02:55,,
2025-12-10 11:09:10,2025-12-15 11:09:58,,
2025-12-10 11:15:11,2025-12-15 11:15:28,2025-12-10 11:16:21,2025-12-10 11:16:46
2025-12-10 11:16:21,2025-12-15 11:16:34,,
2025-12-10 11:32:03,2025-12-15 11:32:33,2025-12-10 11:33:24,2025-12-10 11:32:36
2025-12-10 11:32:36,2025-12-15 11:32:58,,
2025-12-10 11:40:16,2025-12-15 11:40:16,2025-12-10 11:40:30,2025-12-10 11:41:32
2025-12-10 11:41:32,2025-12-15 11:43:31,,
2025-12-10 11:54:36,2025-12-15 11:55:30,2025-12-10 11:57:26,2025-12-10 11:56:31
2025-12-10 11:59:59,2025-12-15 12:00:30,,
2025-12-10 12:00:16,2025-12-15 12:00:30,2025-12-10 12:04:42,2025-12-10 12:01:19
2025-12-10 12:25:35,2025-12-15 12:26:01,,
2025-12-10 12:36:35,2025-12-15 12:36:42,,
2025-12-10 12:50:46,2025-12-15 12:50:53,,
2025-12-10 13:32:33,2025-12-15 13:33:09,,
2025-12-10 13:32:38,2025-12-15 13:33:09,2025-12-10 13:36:52,2025-12-10 13:33:15
2025-12-10 14:09:17,2025-12-15 14:09:20,,
2025-12-10 14:11:19,2025-12-15 14:12:29,,
2025-12-10 14:25:09,2025-12-15 14:25:17,,
2025-12-10 14:27:06,2025-12-15 14:27:21,,
2025-12-10 14:29:00,2025-12-15 14:29:23,,
2025-12-10 14:31:36,2025-12-15 14:32:24,,
2025-12-10 14:48:45,2025-12-15 14:48:54,2025-12-10 14:49:27,2025-12-10 14:49:25
2025-12-10 14:53:11,2025-12-15 14:54:30,,
2025-12-10 14:55:35,2025-12-15 14:55:51,2025-12-10 14:55:36,2025-12-10 14:55:39
2025-12-10 14:57:58,2025-12-15 14:59:32,2025-12-10 14:58:00,2025-12-10 14:58:02
2025-12-10 15:01:39,2025-12-15 15:01:48,2025-12-10 15:01:57,2025-12-10 15:01:40
2025-12-10 15:02:24,2025-12-15 15:02:33,,
2025-12-10 15:02:59,2025-12-15 15:03:50,,
2025-12-10 15:03:49,2025-12-15 15:03:50,,
2025-12-10 15:05:49,2025-12-15 15:06:00,2025-12-10 15:05:54,2025-12-10 15:06:01
2025-12-10 15:06:25,2025-12-15 15:06:53,2025-12-10 15:06:28,2025-12-10 15:06:30
2025-12-10 15:07:37,2025-12-15 15:07:40,,
2025-12-10 15:07:53,2025-12-15 15:08:02,,
2025-12-10 15:08:15,2025-12-15 15:08:48,2025-12-10 15:08:41,2025-12-10 15:08:43
2025-12-10 15:08:41,2025-12-15 15:08:48,,
2025-12-10 15:10:58,2025-12-15 15:11:26,2025-12-10 15:11:00,2025-12-10 15:11:12
2025-12-10 15:11:00,2025-12-15 15:11:26,,
2025-12-10 15:12:17,2025-12-15 15:12:23,2025-12-10 15:12:24,2025-12-10 15:12:18
2025-12-10 15:12:18,2025-12-15 15:12:23,,
2025-12-10 15:13:38,2025-12-15 15:13:39,,
2025-12-10 15:14:44,2025-12-15 15:15:42,2025-12-10 15:14:53,2025-12-10 15:14:56
2025-12-10 15:14:53,2025-12-15 15:15:42,,
2025-12-10 15:21:36,2025-12-15 15:22:20,,
2025-12-10 15:22:46,2025-12-15 15:22:48,,
2025-12-10 15:26:16,2025-12-15 15:26:55,2025-12-10 15:26:27,2025-12-10 15:26:38
2025-12-10 15:26:27,2025-12-15 15:26:55,,
2025-12-10 15:31:05,2025-12-15 15:31:16,,
2025-12-10 15:34:10,2025-12-15 15:34:26,,
2025-12-10 15:35:54,2025-12-15 15:36:00,,
2025-12-10 15:42:08,2025-12-15 15:42:09,2025-12-10 15:42:32,2025-12-10 15:42:14
2025-12-10 15:42:14,2025-12-15 15:42:43,,
2025-12-10 15:44:58,2025-12-15 15:45:48,2025-12-10 15:45:19,2025-12-10 15:45:46
2025-12-10 15:45:19,2025-12-15 15:45:48,,
2025-12-10 15:46:23,2025-12-15 15:46:28,2025-12-10 15:47:30,2025-12-10 15:47:59
2025-12-10 15:47:30,2025-12-15 15:48:39,,
2025-12-10 15:57:03,2025-12-15 15:57:04,2025-12-10 15:57:31,2025-12-10 15:57:10
2025-12-10 15:58:15,2025-12-15 15:58:28,,
2025-12-10 15:58:45,2025-12-15 15:59:00,,
2025-12-10 15:58:51,2025-12-15 15:59:00,2025-12-10 15:59:00,2025-12-10 15:59:04
2025-12-10 15:59:00,2025-12-15 15:59:00,,
2025-12-11 11:07:51,2025-12-16 11:08:23,2025-12-11 11:08:19,2025-12-11 11:08:38
2025-12-11 11:08:19,2025-12-16 11:08:23,,
2025-12-11 11:13:50,2025-12-16 11:15:01,2025-12-11 11:14:02,2025-12-11 11:14:30
2025-12-11 11:21:13,2025-12-16 11:23:55,,
2025-12-11 11:22:49,2025-12-16 11:23:55,2025-12-11 11:22:57,2025-12-11 11:23:08
2025-12-11 11:22:57,2025-12-16 11:23:55,,
2025-12-11 11:27:47,2025-12-16 11:27:52,2025-12-11 11:27:50,2025-12-11 11:27:48
2025-12-11 12:19:02,2025-12-16 12:19:24,,
2025-12-11 12:29:40,2025-12-16 12:29:40,,
2025-12-11 13:12:22,2025-12-16 13:12:54,2025-12-11 13:12:25,2025-12-11 13:14:25
2025-12-11 13:24:52,2025-12-16 13:25:07,2025-12-11 13:25:01,2025-12-11 13:25:34
2025-12-11 13:25:01,2025-12-16 13:25:07,,
2025-12-11 14:13:24,2025-12-16 14:13:25,2025-12-11 14:17:24,2025-12-11 14:14:48
2025-12-11 14:32:41,2025-12-16 14:33:26,,
2025-12-11 14:50:06,2025-12-16 14:51:12,,
2025-12-11 14:56:42,2025-12-16 14:56:55,2025-12-11 14:59:22,2025-12-11 14:57:24
2025-12-11 14:57:24,2025-12-16 14:58:12,,
2025-12-11 15:07:09,2025-12-16 15:07:51,2025-12-11 15:07:45,2025-12-11 15:08:45
2025-12-11 15:09:33,2025-12-16 15:10:55,2025-12-11 15:09:59,2025-12-11 15:10:08
2025-12-11 15:10:20,2025-12-16 15:10:55,2025-12-11 15:10:57,2025-12-11 15:10:53
2025-12-11 15:11:25,2025-12-16 15:11:48,2025-12-11 15:12:58,2025-12-11 15:11:38
2025-12-11 15:14:20,2025-12-16 15:14:45,2025-12-11 15:15:05,2025-12-11 15:14:29
2025-12-11 15:15:05,2025-12-16 15:16:30,,
2025-12-11 15:15:12,2025-12-16 15:16:30,2025-12-11 15:15:18,2025-12-11 15:15:19
2025-12-11 15:15:18,2025-12-16 15:16:30,,
2025-12-11 15:21:54,2025-12-16 15:22:27,2025-12-11 15:22:05,2025-12-11 15:24:09
2025-12-11 15:22:05,2025-12-16 15:22:27,,
2025-12-11 15:33:00,2025-12-16 15:33:00,,
2025-12-11 15:38:57,2025-12-16 15:39:00,2025-12-11 15:41:20,2025-12-11 15:39:29
2025-12-11 15:42:03,2025-12-16 15:42:17,2025-12-11 15:42:16,2025-12-11 15:43:03
2025-12-11 15:42:16,2025-12-16 15:42:17,,
2025-12-11 15:48:56,2025-12-16 15:48:56,2025-12-11 15:50:00,2025-12-11 15:50:18
2025-12-11 15:50:00,2025-12-16 15:50:00,,
2025-12-11 15:51:29,2025-12-16 15:51:29,2025-12-11 15:53:10,2025-12-11 15:51:47
2025-12-12 10:12:01,2025-12-17 10:12:05,,
2025-12-12 10:58:45,2025-12-17 10:59:26,2025-12-12 10:58:51,2025-12-12 10:58:47
2025-12-12 10:59:28,2025-12-17 11:00:06,,
2025-12-12 11:04:30,2025-12-17 11:06:17,,
2025-12-12 11:36:19,2025-12-17 11:36:37,2025-12-12 11:36:34,2025-12-12 11:42:38
2025-12-12 12:37:09,2025-12-17 12:37:57,,
2025-12-12 12:40:57,2025-12-17 12:41:01,,
2025-12-12 13:01:01,2025-12-17 13:01:44,2025-12-12 13:03:45,2025-12-12 13:04:51
2025-12-12 13:12:01,2025-12-17 13:12:08,,
2025-12-12 13:15:34,2025-12-17 13:16:45,2025-12-12 13:19:16,2025-12-12 13:16:13
2025-12-12 13:16:13,2025-12-17 13:16:45,,
2025-12-12 13:50:03,2025-12-17 13:51:21,,
2025-12-12 14:14:15,2025-12-17 14:14:38,2025-12-12 14:15:16,2025-12-12 14:14:16
2025-12-12 14:33:30,2025-12-17 14:35:37,2025-12-12 14:33:54,2025-12-12 14:34:34
2025-12-12 14:33:54,2025-12-17 14:35:37,,
2025-12-12 14:45:46,2025-12-17 14:45:47,,
2025-12-12 14:51:23,2025-12-17 14:52:39,2025-12-12 14:53:18,2025-12-12 14:51:57
2025-12-12 14:51:57,2025-12-17 14:52:39,,
2025-12-12 14:52:48,2025-12-17 14:54:04,2025-12-12 14:53:18,2025-12-12 14:53:48
2025-12-12 14:55:43,2025-12-17 14:56:03,2025-12-12 14:56:05,2025-12-12 14:56:01
2025-12-12 14:56:01,2025-12-17 14:56:03,,
2025-12-12 14:58:49,2025-12-17 15:00:01,2025-12-12 15:00:51,2025-12-12 14:59:11
2025-12-12 14:59:11,2025-12-17 15:00:01,,
2025-12-12 15:02:30,2025-12-17 15:02:35,2025-12-12 15:02:43,2025-12-12 15:04:01
2025-12-12 15:04:34,2025-12-17 15:04:40,2025-12-12 15:05:16,2025-12-12 15:04:41
2025-12-12 15:04:41,2025-12-17 15:04:50,,
2025-12-12 15:08:03,2025-12-17 15:08:10,2025-12-12 15:08:11,2025-12-12 15:08:06
2025-12-12 15:08:06,2025-12-17 15:08:10,,
2025-12-12 15:09:44,2025-12-17 15:10:03,2025-12-12 15:10:00,2025-12-12 15:10:11
2025-12-12 15:10:33,2025-12-17 15:10:38,2025-12-12 15:11:47,2025-12-12 15:11:39
2025-12-12 15:11:39,2025-12-17 15:12:10,,
2025-12-12 15:21:51,2025-12-17 15:22:01,2025-12-12 15:22:01,2025-12-12 15:22:27
2025-12-12 15:22:01,2025-12-17 15:22:01,,
2025-12-12 15:30:02,2025-12-17 15:30:32,2025-12-12 15:30:52,2025-12-12 15:30:07
2025-12-12 15:41:12,2025-12-17 15:42:09,2025-12-12 15:41:26,2025-12-12 15:41:34
2025-12-12 15:41:26,2025-12-17 15:42:09,,
2025-12-12 15:51:45,2025-12-17 15:51:53,2025-12-12 15:51:51,2025-12-12 15:52:08
2025-12-12 15:52:08,2025-12-17 15:52:08,,
2025-12-12 15:53:51,2025-12-17 15:54:06,,
2025-12-12 15:59:37,2025-12-17 15:59:39,2025-12-12 15:59:50,2025-12-12 15:59:44
2025-12-12 15:59:44,2025-12-17 15:59:46,,
2025-12-15 12:28:20,2025-12-22 08:00:04,,
2025-12-15 13:24:23,2025-12-22 08:00:04,2025-12-15 13:25:18,2025-12-15 13:31:35
2025-12-15 13:54:05,2025-12-22 08:00:04,2025-12-15 13:55:31,2025-12-15 13:57:19
2025-12-15 14:20:36,2025-12-22 08:00:04,,
2025-12-15 14:36:45,2025-12-22 08:00:04,2025-12-15 14:36:56,2025-12-15 14:37:47
2025-12-15 14:49:49,2025-12-22 08:00:04,,
2025-12-15 14:59:32,2025-12-22 08:00:04,2025-12-15 15:00:03,2025-12-15 14:59:35
2025-12-15 14:59:35,2025-12-22 08:00:04,,
2025-12-15 15:06:53,2025-12-22 08:00:04,2025-12-15 15:07:40,2025-12-15 15:07:18
2025-12-15 15:07:18,2025-12-22 08:00:04,,
2025-12-15 15:59:03,2025-12-22 08:00:04,,
2025-12-15 15:59:19,2025-12-22 08:00:04,2025-12-15 15:59:23,2025-12-15 15:59:24
2025-12-15 15:59:23,2025-12-22 08:00:04,,
2025-12-15 15:59:34,2025-12-22 08:00:04,,
2025-12-16 10:42:18,2025-12-22 08:00:04,,
2025-12-16 10:50:02,2025-12-22 08:00:04,2025-12-16 10:51:51,2025-12-16 10:55:52
2025-12-16 12:35:36,2025-12-22 08:00:04,2025-12-16 12:35:37,2025-12-16 12:36:43
2025-12-16 12:51:26,2025-12-22 08:00:04,2025-12-16 12:56:32,2025-12-16 12:55:31
2025-12-16 13:15:27,2025-12-22 08:00:04,2025-12-16 13:17:19,2025-12-16 13:15:46
2025-12-16 13:25:07,2025-12-22 08:00:04,2025-12-16 13:26:22,2025-12-16 13:26:20
2025-12-16 13:26:20,2025-12-22 08:00:04,,
2025-12-16 13:38:02,2025-12-22 08:00:04,2025-12-16 13:38:45,2025-12-16 13:39:13
2025-12-16 14:23:38,2025-12-22 08:00:04,2025-12-16 14:24:31,2025-12-16 14:25:14
2025-12-16 14:24:31,2025-12-22 08:00:04,,
2025-12-16 15:28:45,2025-12-22 08:00:04,,
2025-12-16 15:29:44,2025-12-22 08:00:04,2025-12-16 15:30:11,2025-12-16 15:30:17
2025-12-16 15:37:00,2025-12-22 08:00:04,2025-12-16 15:38:07,2025-12-16 15:37:10
2025-12-16 15:37:10,2025-12-22 08:00:04,,
2025-12-16 15:47:13,2025-12-22 08:00:04,2025-12-16 15:47:59,2025-12-16 15:48:23
2025-12-16 15:59:31,2025-12-22 08:00:04,,
2025-12-17 11:03:03,2025-12-22 11:03:48,2025-12-17 11:07:07,2025-12-17 11:06:17
2025-12-17 12:11:21,2025-12-22 12:11:42,,
2025-12-17 12:34:04,2025-12-22 12:34:22,2025-12-17 12:38:05,2025-12-17 12:37:57
2025-12-17 12:37:57,2025-12-22 12:39:35,,
2025-12-17 13:00:07,2025-12-22 13:01:06,,
2025-12-17 13:54:43,2025-12-22 13:55:51,2025-12-17 13:55:14,2025-12-17 13:56:34
2025-12-17 13:55:14,2025-12-22 13:55:51,,
2025-12-17 14:42:21,2025-12-22 14:42:46,,
2025-12-17 14:47:34,2025-12-22 14:47:35,,
2025-12-17 15:23:30,2025-12-22 15:23:45,2025-12-17 15:24:07,2025-12-17 15:23:40
2025-12-17 15:39:37,2025-12-22 15:39:48,2025-12-17 15:40:13,2025-12-17 15:39:44
2025-12-17 15:44:06,2025-12-22 15:44:29,2025-12-17 15:45:34,2025-12-17 15:45:00
2025-12-17 15:45:59,2025-12-22 15:46:01,2025-12-17 15:46:42,2025-12-17 15:46:14
2025-12-17 15:47:31,2025-12-22 15:47:50,2025-12-17 15:48:57,2025-12-17 15:48:23
2025-12-17 15:57:00,2025-12-22 15:57:18,2025-12-17 15:57:16,2025-12-17 15:57:11
2025-12-17 15:58:03,2025-12-22 15:58:03,2025-12-17 15:58:20,2025-12-17 15:58:30
2025-12-17 15:58:20,2025-12-22 15:58:49,2025-12-18 09:30:35,2025-12-22 09:30:43
2025-12-18 10:16:17,2025-12-23 10:16:41,2025-12-18 10:19:01,2025-12-18 10:17:39
2025-12-18 10:21:32,2025-12-23 10:22:47,2025-12-18 10:21:46,2025-12-18 10:21:35
2025-12-18 10:33:22,2025-12-23 10:33:32,,
2025-12-18 10:35:48,2025-12-23 10:36:32,2025-12-18 10:35:52,2025-12-18 10:35:57
2025-12-18 10:35:52,2025-12-23 10:36:32,,
2025-12-18 10:40:21,2025-12-23 10:40:41,2025-12-18 10:40:24,2025-12-18 10:42:04
2025-12-18 10:42:04,2025-12-23 10:43:27,,
2025-12-18 10:46:28,2025-12-23 10:46:43,2025-12-18 10:46:38,2025-12-18 10:48:31
2025-12-18 10:48:53,2025-12-23 10:49:59,2025-12-18 10:50:07,2025-12-18 10:49:43
2025-12-18 11:29:37,2025-12-23 11:30:26,,
2025-12-18 12:19:58,2025-12-23 12:22:15,,
2025-12-18 12:28:27,2025-12-23 12:29:44,2025-12-18 12:29:00,2025-12-18 12:30:03
2025-12-18 12:29:00,2025-12-23 12:29:44,,
2025-12-18 12:35:03,2025-12-23 12:39:21,2025-12-18 12:37:23,2025-12-18 12:36:56
2025-12-18 12:36:56,2025-12-23 12:39:21,,
2025-12-18 12:46:28,2025-12-23 12:47:09,2025-12-18 12:47:58,2025-12-18 12:47:11
2025-12-18 12:47:11,2025-12-23 12:48:23,,
2025-12-18 13:20:40,2025-12-23 13:21:08,,
2025-12-18 13:55:47,2025-12-23 13:56:11,,
2025-12-18 14:22:40,2025-12-23 14:22:59,2025-12-18 14:24:22,2025-12-18 14:23:28
2025-12-18 14:25:12,2025-12-23 14:26:21,2025-12-18 14:25:48,2025-12-18 14:26:46
2025-12-18 14:25:48,2025-12-23 14:26:21,,
2025-12-18 14:33:28,2025-12-23 14:34:17,,
2025-12-18 14:38:06,2025-12-23 14:38:26,2025-12-18 14:39:18,2025-12-18 14:38:19
2025-12-18 14:42:41,2025-12-23 14:44:17,2025-12-18 14:43:10,2025-12-18 14:47:01
2025-12-18 15:00:50,2025-12-23 15:01:17,,
2025-12-18 15:02:53,2025-12-23 15:02:58,,
2025-12-18 15:23:53,2025-12-23 15:24:37,2025-12-18 15:24:10,2025-12-18 15:25:11
2025-12-18 15:33:42,2025-12-23 15:34:59,,
2025-12-18 15:50:44,2025-12-23 15:51:19,,
2025-12-18 15:53:20,2025-12-23 15:53:52,2025-12-18 15:53:42,2025-12-18 15:53:55
2025-12-18 15:53:42,2025-12-23 15:53:52,,
2025-12-19 10:04:23,2025-12-24 10:06:01,2025-12-19 10:05:10,2025-12-19 10:05:44
2025-12-19 10:15:07,2025-12-24 10:15:07,2025-12-19 10:15:51,2025-12-19 10:19:01
2025-12-19 13:08:10,2025-12-26 09:29:59,2025-12-19 13:08:53,2025-12-19 13:09:14
2025-12-19 13:08:53,2025-12-26 09:29:59,,
2025-12-19 13:53:46,2025-12-26 09:29:59,2025-12-19 13:54:28,2025-12-19 13:57:29
2025-12-19 13:54:28,2025-12-26 09:29:59,,
2025-12-19 14:54:33,2025-12-26 09:29:59,,
2025-12-19 15:16:18,2025-12-26 09:29:59,,
2025-12-19 15:21:38,2025-12-26 09:29:59,,
2025-12-19 15:23:01,2025-12-26 09:29:59,,
2025-12-19 15:43:04,2025-12-26 09:29:59,2025-12-19 15:43:05,2025-12-19 15:45:31
2025-12-19 15:45:31,2025-12-26 09:29:59,,
2025-12-19 15:45:32,2025-12-26 09:29:59,2025-12-19 15:45:41,2025-12-19 15:45:54
2025-12-19 15:45:41,2025-12-26 09:29:59,,
2025-12-19 15:50:00,2025-12-26 09:29:59,,
2025-12-19 15:57:35,2025-12-26 09:29:59,,
2025-12-22 10:47:43,2025-12-29 09:30:00,2025-12-22 10:49:31,2025-12-22 10:50:02
2025-12-22 10:50:38,2025-12-29 09:30:00,2025-12-22 10:50:44,2025-12-22 10:50:55
2025-12-22 10:59:02,2025-12-29 09:30:00,2025-12-22 10:59:11,2025-12-22 10:59:32
2025-12-22 12:09:54,2025-12-29 09:30:00,,
2025-12-22 13:55:51,2025-12-29 09:30:00,,
2025-12-22 14:24:40,2025-12-29 09:30:00,2025-12-22 14:24:43,2025-12-22 14:26:10
2025-12-22 14:24:43,2025-12-29 09:30:00,,
2025-12-22 14:38:53,2025-12-29 09:30:00,2025-12-22 14:39:22,2025-12-22 14:42:46
2025-12-22 14:46:32,2025-12-29 09:30:00,2025-12-22 14:47:35,2025-12-22 14:47:25
2025-12-22 14:47:25,2025-12-29 09:30:00,,
2025-12-22 14:56:12,2025-12-29 09:30:00,2025-12-22 14:56:47,2025-12-22 14:59:50
2025-12-22 15:01:25,2025-12-29 09:30:00,2025-12-22 15:02:22,2025-12-22 15:02:07
2025-12-22 15:02:07,2025-12-29 09:30:00,,
2025-12-22 15:32:01,2025-12-29 09:30:00,,
2025-12-23 12:29:44,2025-12-29 09:30:00,2025-12-23 12:33:40,2025-12-23 12:31:50
2025-12-23 12:31:50,2025-12-29 09:30:00,2025-12-26 09:30:00,2025-12-24 09:32:57
2025-12-23 13:39:46,2025-12-29 09:30:00,,
2025-12-23 14:02:47,2025-12-29 09:30:00,2025-12-23 14:06:32,2025-12-23 14:03:20
2025-12-23 14:03:20,2025-12-29 09:30:00,,
2025-12-23 14:22:16,2025-12-29 09:30:00,2025-12-23 14:22:59,2025-12-23 14:23:10
2025-12-23 14:29:16,2025-12-29 09:30:00,2025-12-23 14:32:31,2025-12-23 14:30:43
2025-12-23 14:52:18,2025-12-29 09:30:00,,
2025-12-23 15:34:59,2025-12-29 09:30:00,2025-12-23 15:35:54,2025-12-23 15:36:06
2025-12-23 15:35:54,2025-12-29 09:30:00,,
2025-12-23 15:50:01,2025-12-29 09:30:00,,
2025-12-24 11:18:38,2025-12-29 11:19:14,2025-12-24 11:19:32,2025-12-24 11:20:30
2025-12-24 11:19:32,2025-12-29 11:20:34,,
2025-12-24 11:20:50,2025-12-29 11:21:08,2025-12-24 11:21:28,2025-12-24 11:21:10
2025-12-24 11:33:20,2025-12-29 11:33:46,,
2025-12-24 11:34:01,2025-12-29 11:35:13,2025-12-24 11:34:24,2025-12-24 11:35:27
2025-12-24 11:34:24,2025-12-29 11:35:13,,
2025-12-24 11:35:38,2025-12-29 11:36:44,2025-12-24 11:36:16,2025-12-24 11:40:33
2025-12-24 11:36:16,2025-12-29 11:36:44,,
2025-12-24 11:39:52,2025-12-29 11:44:53,2025-12-24 11:40:55,2025-12-24 11:40:33
2025-12-24 11:41:10,2025-12-29 11:44:53,2025-12-24 11:45:15,2025-12-24 11:42:42
2025-12-24 11:52:09,2025-12-29 11:55:16,,
2025-12-24 11:52:31,2025-12-29 11:55:16,2025-12-24 11:54:09,2025-12-24 11:54:08
2025-12-24 12:20:07,2025-12-29 12:21:44,,
2025-12-24 12:30:35,2025-12-29 12:31:05,2025-12-24 12:35:44,2025-12-24 12:32:52
2025-12-24 12:32:52,2025-12-29 12:36:45,,
2025-12-24 12:50:00,2025-12-29 12:50:08,2025-12-24 12:50:06,2025-12-24 12:50:01
2025-12-24 12:55:29,2025-12-29 12:56:02,2025-12-24 12:55:57,2025-12-24 12:55:55
2025-12-24 12:59:16,2025-12-29 12:59:54,2025-12-24 12:59:44,2025-12-24 12:59:48
2025-12-24 12:59:44,2025-12-29 12:59:54,,
2025-12-26 09:30:52,2025-12-31 09:34:56,,
2025-12-26 10:35:30,2025-12-31 10:36:41,2025-12-26 10:36:23,2025-12-26 10:42:40
2025-12-26 10:36:23,2025-12-31 10:36:41,,
2025-12-26 10:54:28,2025-12-31 10:55:43,,
2025-12-26 10:59:40,2025-12-31 11:00:00,2025-12-26 10:59:53,2025-12-26 11:01:52
2025-12-26 10:59:53,2025-12-31 11:00:00,,
2025-12-26 13:03:24,2025-12-31 13:03:35,2025-12-26 13:17:30,2025-12-26 13:07:12
2025-12-26 14:20:56,2025-12-31 14:21:00,2025-12-26 14:22:15,2025-12-26 14:25:22
2025-12-26 14:38:45,2025-12-31 14:40:17,2025-12-26 14:39:05,2025-12-26 14:41:21
2025-12-26 14:43:37,2025-12-31 14:44:38,2025-12-26 14:45:15,2025-12-26 14:46:47
2025-12-26 15:08:21,2025-12-31 15:08:55,2025-12-26 15:09:57,2025-12-26 15:09:04
2025-12-26 15:09:04,2025-12-31 15:09:29,,
2025-12-26 15:50:00,2025-12-31 15:50:00,,
2025-12-26 15:58:17,2025-12-31 15:58:26,2025-12-26 15:58:26,2025-12-26 15:59:18
2025-12-29 10:16:13,2026-01-05 08:35:00,2025-12-29 10:16:45,2025-12-29 10:16:50
2025-12-29 10:16:45,2026-01-05 08:35:00,,
2025-12-29 11:12:17,2026-01-05 08:35:00,,
2025-12-29 11:27:13,2026-01-05 08:35:00,2025-12-29 11:31:06,2025-12-29 11:28:02
2025-12-29 14:10:14,2026-01-05 08:35:00,,
2025-12-29 14:35:41,2026-01-05 08:35:00,2025-12-29 14:39:04,2025-12-29 14:36:32
2025-12-29 14:36:32,2026-01-05 08:35:00,,
2025-12-29 14:40:31,2026-01-05 08:35:00,2025-12-29 14:45:38,2025-12-29 14:44:22
2025-12-29 14:44:22,2026-01-05 08:35:00,,
2025-12-29 14:51:35,2026-01-05 08:35:00,2025-12-29 14:52:21,2025-12-29 14:54:59
2025-12-29 14:55:11,2026-01-05 08:35:00,2025-12-29 14:58:12,2025-12-29 14:55:57
2025-12-29 14:55:57,2026-01-05 08:35:00,,
2025-12-29 15:01:08,2026-01-05 08:35:00,2025-12-29 15:02:18,2025-12-29 15:03:19
2025-12-29 15:05:35,2026-01-05 08:35:00,2025-12-29 15:06:33,2025-12-29 15:07:09
2025-12-29 15:07:36,2026-01-05 08:35:00,2025-12-29 15:08:14,2025-12-29 15:07:53
2025-12-29 15:07:53,2026-01-05 08:35:00,,
2025-12-29 15:32:06,2026-01-05 08:35:00,,
2025-12-29 15:38:28,2026-01-05 08:35:00,,
2025-12-29 15:52:20,2026-01-05 08:35:00,2025-12-29 15:54:10,2025-12-29 15:54:00
2025-12-29 15:58:10,2026-01-05 08:35:00,,
2025-12-29 15:59:51,2026-01-05 08:35:00,,
2025-12-30 10:16:12,2026-01-05 08:35:00,2025-12-30 10:16:23,2025-12-30 10:17:20
2025-12-30 10:16:23,2026-01-05 08:35:00,,
2025-12-30 10:36:52,2026-01-05 08:35:00,2025-12-30 10:37:05,2025-12-30 10:37:15
2025-12-30 10:56:38,2026-01-05 08:35:00,2025-12-30 10:58:19,2025-12-30 11:05:43
2025-12-30 10:58:19,2026-01-05 08:35:00,,
2025-12-30 11:20:12,2026-01-05 08:35:00,,
2025-12-30 11:21:52,2026-01-05 08:35:00,2025-12-30 11:23:09,2025-12-30 11:22:56
2025-12-30 11:22:56,2026-01-05 08:35:00,,
2025-12-30 12:28:51,2026-01-05 08:35:00,,
2025-12-30 14:16:57,2026-01-05 08:35:00,2025-12-30 14:17:27,2025-12-30 14:18:36
2025-12-30 14:39:36,2026-01-05 08:35:00,2025-12-30 14:43:49,2025-12-30 14:40:59
2025-12-30 14:40:59,2026-01-05 08:35:00,,
2025-12-30 15:16:05,2026-01-05 08:35:00,,
2025-12-30 15:16:52,2026-01-05 08:35:00,2025-12-30 15:17:33,2025-12-30 15:20:12
2025-12-30 15:17:33,2026-01-05 08:35:00,,
2025-12-30 15:35:00,2026-01-05 08:35:00,2025-12-30 15:35:08,2025-12-30 15:35:06
2025-12-30 15:35:06,2026-01-05 08:35:00,2026-01-02 09:35:44,2026-01-02 09:30:57
2025-12-30 15:58:13,2026-01-05 08:35:00,2025-12-30 15:58:15,2025-12-30 15:58:31
2025-12-30 15:58:15,2026-01-05 08:35:00,,
2025-12-31 11:20:22,2026-01-05 11:20:28,,
2025-12-31 13:33:42,2026-01-05 13:33:55,2025-12-31 13:40:01,2025-12-31 13:33:47
2025-12-31 13:33:47,2026-01-05 13:33:55,,
2025-12-31 13:40:22,2026-01-05 13:40:47,,
2025-12-31 14:04:32,2026-01-05 14:05:01,2025-12-31 14:05:42,2025-12-31 14:07:18
2025-12-31 14:23:18,2026-01-05 14:23:41,2025-12-31 14:26:09,2025-12-31 14:23:55
2025-12-31 14:23:55,2026-01-05 14:24:30,,
2025-12-31 14:36:55,2026-01-05 14:37:21,2025-12-31 14:37:02,2025-12-31 14:40:26
2025-12-31 14:37:02,2026-01-05 14:37:21,,
2025-12-31 14:41:09,2026-01-05 14:41:19,2025-12-31 14:46:16,2025-12-31 14:41:32
2025-12-31 14:48:07,2026-01-05 14:48:08,,
2025-12-31 15:05:06,2026-01-05 15:05:17,2025-12-31 15:05:07,2025-12-31 15:05:08
2025-12-31 15:05:07,2026-01-05 15:05:17,,
2025-12-31 15:27:07,2026-01-05 15:28:02,2025-12-31 15:28:58,2025-12-31 15:27:29
2025-12-31 15:32:07,2026-01-05 15:32:56,2025-12-31 15:32:20,2025-12-31 15:34:15
2025-12-31 15:32:20,2026-01-05 15:32:56,,
2025-12-31 15:44:24,2026-01-05 15:44:46,2025-12-31 15:45:29,2025-12-31 15:45:02
2025-12-31 15:45:02,2026-01-05 15:45:22,,
2025-12-31 15:45:09,2026-01-05 15:45:22,2025-12-31 15:45:29,2025-12-31 15:45:51
2025-12-31 15:45:51,2026-01-05 15:46:32,,
2025-12-31 15:50:46,2026-01-05 15:50:48,2025-12-31 15:51:03,2025-12-31 15:52:37
2025-12-31 15:53:04,2026-01-05 15:53:46,2025-12-31 15:53:28,2025-12-31 15:53:51
2026-01-02 10:34:30,2026-01-07 10:35:52,2026-01-02 10:34:49,2026-01-02 10:35:50
2026-01-02 10:34:49,2026-01-07 10:35:52,,
2026-01-02 10:47:09,2026-01-07 10:47:32,2026-01-02 10:48:02,2026-01-02 10:49:42
2026-01-02 10:56:04,2026-01-07 10:57:42,2026-01-02 10:56:18,2026-01-02 10:57:28
2026-01-02 11:11:02,2026-01-07 11:11:09,,
2026-01-02 11:12:48,2026-01-07 11:15:04,,
2026-01-02 11:13:25,2026-01-07 11:15:04,2026-01-02 11:14:28,2026-01-02 11:13:27
2026-01-02 11:13:27,2026-01-07 11:15:04,,
2026-01-02 11:14:35,2026-01-07 11:15:04,2026-01-02 11:14:40,2026-01-02 11:15:01
2026-01-02 11:15:01,2026-01-07 11:15:04,,
2026-01-02 11:16:01,2026-01-07 11:16:21,2026-01-02 11:16:20,2026-01-02 11:16:17
2026-01-02 11:16:17,2026-01-07 11:16:21,,
2026-01-02 11:17:52,2026-01-07 11:20:20,2026-01-02 11:18:02,2026-01-02 11:17:55
2026-01-02 11:17:55,2026-01-07 11:20:20,,
2026-01-02 11:21:37,2026-01-07 11:21:49,,
2026-01-02 12:45:27,2026-01-07 12:46:36,2026-01-02 12:48:05,2026-01-02 12:46:37
2026-01-02 12:46:37,2026-01-07 12:47:49,,
2026-01-02 13:30:01,2026-01-07 13:30:07,2026-01-02 13:31:49,2026-01-02 13:34:01
2026-01-02 13:31:49,2026-01-07 13:31:50,,
2026-01-02 13:57:53,2026-01-07 14:00:39,,
2026-01-02 14:10:10,2026-01-07 14:10:19,2026-01-02 14:10:14,2026-01-02 14:12:07
2026-01-02 14:20:29,2026-01-07 14:21:47,2026-01-02 14:21:33,2026-01-02 14:22:14
2026-01-02 14:24:11,2026-01-07 14:25:13,2026-01-02 14:26:35,2026-01-02 14:25:05
2026-01-02 14:25:05,2026-01-07 14:25:13,,
2026-01-02 14:28:54,2026-01-07 14:29:21,2026-01-02 14:28:55,2026-01-02 14:30:36
2026-01-05 09:36:47,2026-01-12 09:30:00,2026-01-05 09:36:48,2026-01-05 09:37:04
2026-01-05 09:45:39,2026-01-12 09:30:00,2026-01-05 09:45:51,2026-01-05 09:46:00
2026-01-05 09:49:28,2026-01-12 09:30:00,2026-01-05 09:50:01,2026-01-05 09:53:07
2026-01-05 10:45:10,2026-01-12 09:30:00,2026-01-05 10:50:52,2026-01-05 10:46:58
2026-01-05 10:46:58,2026-01-12 09:30:00,,
2026-01-05 11:46:07,2026-01-12 09:30:00,2026-01-05 11:47:44,2026-01-05 11:48:31
2026-01-05 11:56:54,2026-01-12 09:30:00,,
2026-01-05 12:17:49,2026-01-12 09:30:00,2026-01-05 12:18:54,2026-01-05 12:21:41
2026-01-05 12:30:37,2026-01-12 09:30:00,2026-01-05 12:31:11,2026-01-05 12:30:58
2026-01-05 13:21:34,2026-01-12 09:30:00,,
2026-01-05 13:28:46,2026-01-12 09:30:00,,
2026-01-05 13:31:01,2026-01-12 09:30:00,2026-01-05 13:31:18,2026-01-05 13:32:10
2026-01-05 13:31:18,2026-01-12 09:30:00,,
2026-01-05 13:42:01,2026-01-12 09:30:00,,
2026-01-05 13:46:50,2026-01-12 09:30:00,,
2026-01-05 13:52:57,2026-01-12 09:30:00,2026-01-05 13:55:03,2026-01-05 13:56:16
2026-01-05 13:55:03,2026-01-12 09:30:00,,
2026-01-05 14:06:33,2026-01-12 09:30:00,2026-01-05 14:06:56,2026-01-05 14:07:23
2026-01-05 14:29:02,2026-01-12 09:30:00,2026-01-05 14:29:36,2026-01-05 14:30:21
2026-01-05 14:29:36,2026-01-12 09:30:00,,
2026-01-05 14:48:08,2026-01-12 09:30:00,2026-01-05 14:49:11,2026-01-05 14:48:12
2026-01-05 15:00:06,2026-01-12 09:30:00,,
2026-01-05 15:19:07,2026-01-12 09:30:00,,
2026-01-05 15:23:12,2026-01-12 09:30:00,,
2026-01-05 15:36:44,2026-01-12 09:30:00,,
2026-01-05 15:50:01,2026-01-12 09:30:00,,
2026-01-05 15:59:28,2026-01-12 09:30:00,2026-01-05 15:59:33,2026-01-05 15:59:32
2026-01-05 15:59:32,2026-01-12 09:30:00,,
2026-01-06 09:30:00,2026-01-12 09:30:00,2026-01-06 09:31:36,2026-01-06 09:32:09
2026-01-06 09:41:12,2026-01-12 09:30:00,2026-01-06 09:42:58,2026-01-06 09:41:22
2026-01-06 09:41:22,2026-01-12 09:30:00,,
2026-01-06 09:49:36,2026-01-12 09:30:00,2026-01-06 09:51:59,2026-01-06 09:49:45
2026-01-06 09:49:45,2026-01-12 09:30:00,,
2026-01-06 09:49:51,2026-01-12 09:30:00,2026-01-06 09:51:59,2026-01-06 09:50:25
2026-01-06 09:50:25,2026-01-12 09:30:00,,
2026-01-06 10:10:19,2026-01-12 09:30:00,,
2026-01-06 10:19:17,2026-01-12 09:30:00,,
2026-01-06 10:30:13,2026-01-12 09:30:00,,
2026-01-06 10:30:18,2026-01-12 09:30:00,2026-01-06 10:30:53,2026-01-06 10:30:29
2026-01-06 10:30:29,2026-01-12 09:30:00,,
2026-01-06 11:11:54,2026-01-12 09:30:00,2026-01-06 11:12:52,2026-01-06 11:12:20
2026-01-06 11:22:56,2026-01-12 09:30:00,,
2026-01-06 11:41:21,2026-01-12 09:30:00,2026-01-06 11:43:06,2026-01-06 11:42:47
2026-01-06 11:45:44,2026-01-12 09:30:00,,
2026-01-06 12:51:03,2026-01-12 09:30:00,2026-01-06 12:54:38,2026-01-06 12:52:14
2026-01-06 12:52:14,2026-01-12 09:30:00,,
2026-01-06 13:33:57,2026-01-12 09:30:00,2026-01-06 13:35:52,2026-01-06 13:35:25
2026-01-06 13:35:25,2026-01-12 09:30:00,,
2026-01-06 14:02:54,2026-01-12 09:30:00,2026-01-06 14:03:09,2026-01-06 14:03:15
2026-01-06 14:03:09,2026-01-12 09:30:00,,
2026-01-06 14:06:00,2026-01-12 09:30:00,,
2026-01-06 14:08:34,2026-01-12 09:30:00,2026-01-06 14:10:39,2026-01-06 14:09:34
2026-01-06 14:09:34,2026-01-12 09:30:00,,
2026-01-06 14:30:56,2026-01-12 09:30:00,2026-01-06 14:31:34,2026-01-06 14:31:04
2026-01-06 14:34:37,2026-01-12 09:30:00,2026-01-06 14:35:40,2026-01-06 14:35:29
2026-01-06 15:05:54,2026-01-12 09:30:00,2026-01-06 15:07:16,2026-01-06 15:06:52
2026-01-06 15:06:52,2026-01-12 09:30:00,,
2026-01-06 15:30:01,2026-01-12 09:30:00,2026-01-06 15:30:04,2026-01-06 15:30:39
2026-01-06 15:30:04,2026-01-12 09:30:00,,
2026-01-06 15:35:50,2026-01-12 09:30:00,2026-01-06 15:36:00,2026-01-06 15:36:59
2026-01-06 15:36:00,2026-01-12 09:30:00,,
2026-01-06 15:52:29,2026-01-12 09:30:00,,
2026-01-06 15:55:47,2026-01-12 09:30:00,2026-01-06 15:59:12,2026-01-06 15:55:55
2026-01-06 15:59:30,2026-01-12 09:30:00,2026-01-06 15:59:45,2026-01-06 15:59:31
2026-01-07 10:37:23,2026-01-12 10:38:11,,
2026-01-07 10:50:47,2026-01-12 10:50:55,2026-01-07 10:50:52,2026-01-07 10:51:13
2026-01-07 10:53:38,2026-01-12 10:53:58,,
2026-01-07 11:30:33,2026-01-12 11:30:37,,
2026-01-07 12:20:51,2026-01-12 12:20:58,2026-01-07 12:21:16,2026-01-07 12:21:07
2026-01-07 12:21:07,2026-01-12 12:21:50,,
2026-01-07 14:00:39,2026-01-12 14:01:36,,
2026-01-07 14:13:15,2026-01-12 14:13:15,2026-01-07 14:14:09,2026-01-07 14:13:32
2026-01-07 14:18:51,2026-01-12 14:19:02,2026-01-07 14:20:15,2026-01-07 14:19:23
2026-01-07 14:25:13,2026-01-12 14:25:56,2026-01-07 14:28:07,2026-01-07 14:26:16
2026-01-07 14:26:16,2026-01-12 14:26:38,,
2026-01-07 14:29:46,2026-01-12 14:30:31,,
2026-01-07 14:31:32,2026-01-12 14:31:39,2026-01-07 14:31:35,2026-01-07 14:32:12
2026-01-07 14:31:35,2026-01-12 14:31:39,,
2026-01-07 14:54:25,2026-01-12 14:54:54,2026-01-07 14:55:38,2026-01-07 14:55:05
2026-01-07 14:55:05,2026-01-12 14:56:02,,
2026-01-07 15:19:15,2026-01-12 15:20:55,2026-01-07 15:19:30,2026-01-07 15:20:24
2026-01-07 15:19:30,2026-01-12 15:20:55,,
2026-01-07 15:53:14,2026-01-12 15:53:35,,
2026-01-07 15:53:37,2026-01-12 15:54:08,2026-01-07 15:55:00,2026-01-07 15:54:25
2026-01-07 15:54:25,2026-01-12 15:54:26,,
2026-01-07 15:59:24,2026-01-12 15:59:27,2026-01-07 15:59:28,2026-01-07 15:59:37
2026-01-08 10:18:59,2026-01-13 10:19:08,,
2026-01-08 10:20:40,2026-01-13 10:20:45,,
2026-01-08 10:59:30,2026-01-13 11:01:30,2026-01-08 11:00:04,2026-01-08 11:01:26
2026-01-08 11:00:04,2026-01-13 11:01:30,,
2026-01-08 11:32:39,2026-01-13 11:33:27,2026-01-08 11:32:47,2026-01-08 11:36:48
2026-01-08 11:32:47,2026-01-13 11:33:27,,
2026-01-08 11:49:56,2026-01-13 11:51:26,2026-01-08 11:57:21,2026-01-08 11:50:44
2026-01-08 13:33:23,2026-01-13 13:34:09,2026-01-08 13:34:05,2026-01-08 13:33:24
2026-01-08 14:07:06,2026-01-13 14:07:06,2026-01-08 14:07:29,2026-01-08 14:11:11
2026-01-08 14:07:29,2026-01-13 14:09:50,,
2026-01-08 14:13:28,2026-01-13 14:13:35,2026-01-08 14:15:16,2026-01-08 14:15:20
2026-01-08 14:15:16,2026-01-13 14:16:24,,
2026-01-08 14:23:14,2026-01-13 14:24:02,2026-01-08 14:27:37,2026-01-08 14:25:03
2026-01-08 14:41:44,2026-01-13 14:42:40,2026-01-08 14:42:23,2026-01-08 14:42:24
2026-01-08 14:42:23,2026-01-13 14:42:40,,
2026-01-08 15:32:39,2026-01-13 15:33:42,2026-01-08 15:33:23,2026-01-08 15:33:51
2026-01-08 15:33:23,2026-01-13 15:33:42,,
2026-01-08 15:38:02,2026-01-13 15:39:00,2026-01-08 15:41:11,2026-01-08 15:39:07
2026-01-08 15:45:35,2026-01-13 15:45:57,2026-01-08 15:47:09,2026-01-08 15:45:44
2026-01-08 15:50:00,2026-01-13 15:50:00,2026-01-08 15:50:01,2026-01-08 15:50:07
2026-01-08 15:56:19,2026-01-13 15:56:41,,
2026-01-08 15:56:49,2026-01-13 15:57:04,2026-01-08 15:56:57,2026-01-08 15:57:27
2026-01-08 15:58:17,2026-01-13 15:58:30,,
2026-01-09 11:07:54,2026-01-14 11:09:35,2026-01-09 11:08:17,2026-01-09 11:08:10
2026-01-09 11:10:16,2026-01-14 11:10:49,,
2026-01-09 11:15:19,2026-01-14 11:15:34,2026-01-09 11:18:55,2026-01-09 11:17:10
2026-01-09 11:17:10,2026-01-14 11:18:25,,
2026-01-09 11:20:52,2026-01-14 11:20:59,2026-01-09 11:22:10,2026-01-09 11:21:26
2026-01-09 11:21:26,2026-01-14 11:21:46,,
2026-01-09 11:30:25,2026-01-14 11:30:55,,
2026-01-09 12:00:21,2026-01-14 12:00:48,2026-01-09 12:04:40,2026-01-09 12:00:55
2026-01-09 12:00:55,2026-01-14 12:03:39,,
2026-01-09 12:15:59,2026-01-14 12:16:10,2026-01-09 12:16:26,2026-01-09 12:16:51
2026-01-09 12:24:13,2026-01-14 12:25:28,,
2026-01-09 12:31:04,2026-01-14 12:32:19,,
2026-01-09 12:53:50,2026-01-14 12:54:37,,
2026-01-09 13:06:55,2026-01-14 13:07:35,2026-01-09 13:07:20,2026-01-09 13:08:13
2026-01-09 13:07:20,2026-01-14 13:07:35,,
2026-01-09 13:07:27,2026-01-14 13:07:35,2026-01-09 13:09:55,2026-01-09 13:08:13
2026-01-09 13:13:32,2026-01-14 13:14:12,,
2026-01-09 13:15:06,2026-01-14 13:16:23,2026-01-09 13:16:23,2026-01-09 13:15:28
2026-01-09 13:16:23,2026-01-14 13:16:23,,
2026-01-09 13:19:39,2026-01-14 13:20:15,,
2026-01-09 14:06:36,2026-01-14 14:07:09,,
2026-01-09 14:08:11,2026-01-14 14:08:29,,
2026-01-09 14:17:35,2026-01-14 14:17:55,,
2026-01-09 14:27:35,2026-01-14 14:28:21,,
2026-01-09 14:30:02,2026-01-14 14:30:24,2026-01-09 14:32:04,2026-01-09 14:30:07
2026-01-09 14:30:07,2026-01-14 14:30:24,,
2026-01-09 14:31:56,2026-01-14 14:32:33,2026-01-09 14:32:04,2026-01-09 14:33:14
2026-01-09 14:34:41,2026-01-14 14:34:42,2026-01-09 14:36:28,2026-01-09 14:39:03
2026-01-09 14:39:03,2026-01-14 14:40:51,,
2026-01-09 14:39:42,2026-01-14 14:40:51,2026-01-09 14:40:03,2026-01-09 14:40:50
2026-01-09 14:45:41,2026-01-14 14:45:42,2026-01-09 14:46:33,2026-01-09 14:46:01
2026-01-09 14:49:37,2026-01-14 14:50:13,,
2026-01-09 15:02:06,2026-01-14 15:02:08,,
2026-01-09 15:28:04,2026-01-14 15:29:37,,
2026-01-09 15:28:49,2026-01-14 15:29:37,2026-01-09 15:29:38,2026-01-09 15:29:22
2026-01-09 15:29:22,2026-01-14 15:29:37,,
2026-01-09 15:29:47,2026-01-14 15:30:20,,
2026-01-09 15:40:00,2026-01-14 15:40:01,,2026-01-12 09:31:53
2026-01-09 15:41:46,2026-01-14 15:42:01,2026-01-09 15:41:56,2026-01-09 15:42:21
2026-01-09 15:41:56,2026-01-14 15:42:01,,
2026-01-09 15:49:02,2026-01-14 15:49:20,2026-01-09 15:49:26,2026-01-09 15:49:20
2026-01-09 15:52:02,2026-01-14 15:52:15,2026-01-09 15:52:10,2026-01-09 15:52:15
2026-01-09 15:52:10,2026-01-14 15:52:15,,
2026-01-09 15:53:14,2026-01-14 15:53:25,2026-01-09 15:53:22,2026-01-09 15:53:35
2026-01-09 15:53:35,2026-01-14 15:54:00,,
2026-01-09 15:54:15,2026-01-14 15:54:40,2026-01-09 15:54:29,2026-01-09 15:54:19
2026-01-09 15:55:09,2026-01-14 15:55:15,2026-01-09 15:55:15,2026-01-09 15:55:28
2026-01-09 15:56:57,2026-01-14 15:57:40,2026-01-09 15:57:04,2026-01-09 15:56:58
2026-01-09 15:57:52,2026-01-14 15:57:59,,
2026-01-09 15:58:09,2026-01-14 15:58:34,2026-01-09 15:58:19,2026-01-09 15:58:41
2026-01-09 15:58:19,2026-01-14 15:58:34,,
2026-01-12 10:39:18,2026-01-20 09:30:00,2026-01-12 10:39:28,2026-01-12 10:41:18
2026-01-12 10:41:18,2026-01-20 09:30:00,,
2026-01-12 10:44:38,2026-01-20 09:30:00,2026-01-12 10:46:01,2026-01-12 10:45:12
2026-01-12 10:45:12,2026-01-20 09:30:00,,
2026-01-12 11:46:31,2026-01-20 09:30:00,,
2026-01-12 11:49:58,2026-01-20 09:30:00,2026-01-12 11:50:35,2026-01-12 11:52:17
2026-01-12 11:54:11,2026-01-20 09:30:00,,
2026-01-12 12:02:13,2026-01-20 09:30:00,,
2026-01-12 12:14:11,2026-01-20 09:30:00,,
2026-01-12 12:20:47,2026-01-20 09:30:00,2026-01-12 12:21:50,2026-01-12 12:20:58
2026-01-12 12:24:47,2026-01-20 09:30:00,2026-01-12 12:25:27,2026-01-12 12:27:20
2026-01-12 12:25:27,2026-01-20 09:30:00,,
2026-01-12 12:30:46,2026-01-20 09:30:00,2026-01-12 12:31:03,2026-01-12 12:32:21
2026-01-12 12:31:03,2026-01-20 09:30:00,,
2026-01-12 12:54:33,2026-01-20 09:30:00,2026-01-12 12:56:21,2026-01-12 12:54:51
2026-01-12 12:54:51,2026-01-20 09:30:00,,
2026-01-12 13:01:44,2026-01-20 09:30:00,,
2026-01-12 13:13:27,2026-01-20 09:30:00,,
2026-01-12 14:06:38,2026-01-20 09:30:00,2026-01-12 14:07:51,2026-01-12 14:07:25
2026-01-12 14:07:25,2026-01-20 09:30:00,,
2026-01-12 14:09:18,2026-01-20 09:30:00,2026-01-12 14:10:00,2026-01-12 14:11:13
2026-01-12 14:11:13,2026-01-20 09:30:00,,
2026-01-12 14:14:04,2026-01-20 09:30:00,,
2026-01-12 14:38:34,2026-01-20 09:30:00,,
2026-01-12 14:40:39,2026-01-20 09:30:00,,
2026-01-12 14:54:13,2026-01-20 09:30:00,2026-01-12 14:58:34,2026-01-12 14:54:54
2026-01-12 14:54:54,2026-01-20 09:30:00,,
2026-01-12 14:56:58,2026-01-20 09:30:00,2026-01-12 14:58:34,2026-01-12 14:58:13
2026-01-12 14:58:13,2026-01-20 09:30:00,,
2026-01-12 15:00:00,2026-01-20 09:30:00,,
2026-01-12 15:05:36,2026-01-20 09:30:00,,
2026-01-12 15:06:11,2026-01-20 09:30:00,2026-01-12 15:08:28,2026-01-12 15:07:42
2026-01-12 15:07:42,2026-01-20 09:30:00,,
2026-01-12 15:20:55,2026-01-20 09:30:00,2026-01-12 15:22:40,2026-01-12 15:21:30
2026-01-12 15:33:38,2026-01-20 09:30:00,2026-01-12 15:33:57,2026-01-12 15:33:58
2026-01-12 15:33:57,2026-01-20 09:30:00,,
2026-01-12 15:34:41,2026-01-20 09:30:00,,
2026-01-12 15:38:47,2026-01-20 09:30:00,2026-01-12 15:39:10,2026-01-12 15:39:33
2026-01-12 15:40:19,2026-01-20 09:30:00,2026-01-12 15:40:40,2026-01-12 15:41:26
2026-01-12 15:41:34,2026-01-20 09:30:00,2026-01-12 15:41:39,2026-01-12 15:42:07
2026-01-12 15:42:19,2026-01-20 09:30:00,2026-01-12 15:44:54,2026-01-12 15:42:31
2026-01-12 15:42:31,2026-01-20 09:30:00,,
2026-01-12 15:48:15,2026-01-20 09:30:00,2026-01-12 15:49:10,2026-01-12 15:50:00
2026-01-12 15:58:30,2026-01-20 09:30:00,,
2026-01-13 11:06:56,2026-01-20 09:30:00,2026-01-13 11:09:55,2026-01-13 11:13:33
2026-01-13 11:18:55,2026-01-20 09:30:00,2026-01-13 11:18:57,2026-01-13 11:20:18
2026-01-13 11:31:18,2026-01-20 09:30:00,2026-01-13 11:33:27,2026-01-13 11:32:32
2026-01-13 11:36:28,2026-01-20 09:30:00,2026-01-13 11:38:31,2026-01-13 11:36:48
2026-01-13 11:55:17,2026-01-20 09:30:00,,
2026-01-13 12:44:38,2026-01-20 09:30:00,2026-01-13 12:44:47,2026-01-13 12:44:48
2026-01-13 13:01:12,2026-01-20 09:30:00,2026-01-13 13:01:16,2026-01-13 13:01:23
2026-01-13 13:18:05,2026-01-20 09:30:00,2026-01-13 13:20:46,2026-01-13 13:18:55
2026-01-13 14:42:40,2026-01-20 09:30:00,2026-01-13 14:44:04,2026-01-13 14:45:02
2026-01-13 14:44:04,2026-01-20 09:30:00,,
2026-01-13 14:55:02,2026-01-20 09:30:00,,
2026-01-13 15:16:26,2026-01-20 09:30:00,,
2026-01-13 15:24:16,2026-01-20 09:30:00,,
2026-01-13 15:29:00,2026-01-20 09:30:00,2026-01-13 15:30:21,2026-01-13 15:29:22
2026-01-13 15:32:37,2026-01-20 09:30:00,2026-01-13 15:34:56,2026-01-13 15:33:42
2026-01-13 15:42:45,2026-01-20 09:30:00,,
2026-01-13 15:43:58,2026-01-20 09:30:00,2026-01-13 15:44:08,2026-01-13 15:44:00
2026-01-13 15:44:08,2026-01-20 09:30:00,,
2026-01-13 15:44:09,2026-01-20 09:30:00,2026-01-13 15:44:17,2026-01-13 15:44:45
2026-01-13 15:44:17,2026-01-20 09:30:00,,
2026-01-13 15:44:48,2026-01-20 09:30:00,,
2026-01-13 15:45:00,2026-01-20 09:30:00,2026-01-13 15:45:14,2026-01-13 15:45:06
2026-01-13 15:45:06,2026-01-20 09:30:00,,
2026-01-13 15:46:11,2026-01-20 09:30:00,,
2026-01-13 15:46:19,2026-01-20 09:30:00,2026-01-13 15:46:29,2026-01-13 15:46:30
2026-01-13 15:46:48,2026-01-20 09:30:00,2026-01-13 15:47:09,2026-01-13 15:47:16
2026-01-13 15:47:16,2026-01-20 09:30:00,,
2026-01-13 15:47:39,2026-01-20 09:30:00,2026-01-13 15:47:47,2026-01-13 15:47:45
2026-01-13 15:47:45,2026-01-20 09:30:00,,
2026-01-13 15:48:07,2026-01-20 09:30:00,2026-01-13 15:48:08,2026-01-13 15:48:21
2026-01-13 15:48:23,2026-01-20 09:30:00,2026-01-13 15:48:25,2026-01-13 15:48:58
2026-01-13 15:49:17,2026-01-20 09:30:00,2026-01-13 15:49:34,2026-01-13 15:49:33
2026-01-13 15:49:33,2026-01-20 09:30:00,,
2026-01-13 15:55:09,2026-01-20 09:30:00,,
2026-01-13 15:58:05,2026-01-20 09:30:00,2026-01-13 15:58:33,2026-01-13 15:58:30
2026-01-13 15:58:30,2026-01-20 09:30:00,,
2026-01-13 16:07:39,2026-01-20 09:30:00,2026-01-14 09:30:11,2026-01-14 09:30:00
2026-01-14 09:30:00,2026-01-20 09:30:00,,
2026-01-14 09:56:59,2026-01-20 09:30:00,2026-01-14 10:00:00,2026-01-14 09:57:48
2026-01-14 09:57:48,2026-01-20 09:30:00,,
2026-01-14 11:02:24,2026-01-20 09:30:00,2026-01-14 11:05:12,2026-01-14 11:04:46
2026-01-14 11:29:48,2026-01-20 09:30:00,2026-01-14 11:29:51,2026-01-14 11:29:56
2026-01-14 12:43:19,2026-01-20 09:30:00,2026-01-14 12:45:43,2026-01-14 12:44:41
2026-01-14 13:04:24,2026-01-20 09:30:00,,
2026-01-14 13:43:08,2026-01-20 09:30:00,2026-01-14 13:45:08,2026-01-14 13:43:09
2026-01-14 13:43:09,2026-01-20 09:30:00,,
2026-01-14 14:11:02,2026-01-20 09:30:00,2026-01-14 14:12:02,2026-01-14 14:13:12
2026-01-14 15:03:48,2026-01-20 09:30:00,,
2026-01-14 15:31:03,2026-01-20 09:30:00,2026-01-14 15:39:07,2026-01-14 15:33:16
2026-01-14 15:33:16,2026-01-20 09:30:00,,
2026-01-14 15:36:27,2026-01-20 09:30:00,2026-01-14 15:39:07,2026-01-14 15:36:31
2026-01-14 15:36:31,2026-01-20 09:30:00,,
2026-01-14 15:47:48,2026-01-20 09:30:00,2026-01-14 15:48:43,2026-01-14 15:48:03
2026-01-14 15:59:42,2026-01-20 09:30:00,2026-01-14 16:24:32,2026-01-15 09:33:40
2026-01-14 16:24:32,2026-01-20 09:30:00,,
2026-01-15 09:30:00,2026-01-20 09:30:00,2026-01-15 09:33:40,2026-01-15 09:31:01
2026-01-15 09:31:01,2026-01-20 09:31:09,,
2026-01-15 10:21:52,2026-01-20 10:22:51,2026-01-15 10:23:31,2026-01-15 10:21:57
2026-01-15 10:21:57,2026-01-20 10:22:51,,
2026-01-15 10:33:05,2026-01-20 10:33:47,,
2026-01-15 10:34:02,2026-01-20 10:35:12,2026-01-15 10:35:34,2026-01-15 10:34:05
2026-01-15 10:34:05,2026-01-20 10:35:12,,
2026-01-15 11:11:19,2026-01-20 11:11:56,2026-01-15 11:16:00,2026-01-15 11:12:58
2026-01-15 11:24:36,2026-01-20 11:24:53,2026-01-15 11:26:13,2026-01-15 11:26:03
2026-01-15 11:26:03,2026-01-20 11:27:24,,
2026-01-15 11:56:08,2026-01-20 11:59:03,2026-01-15 12:01:38,2026-01-15 11:56:49
2026-01-15 12:45:27,2026-01-20 12:45:36,,
2026-01-15 13:04:01,2026-01-20 13:04:02,2026-01-15 13:05:02,2026-01-15 13:06:18
2026-01-15 13:05:02,2026-01-20 13:08:15,,
2026-01-15 13:40:13,2026-01-20 13:41:12,,
2026-01-15 13:46:56,2026-01-20 13:46:59,2026-01-15 13:47:23,2026-01-15 13:49:47
2026-01-15 14:03:47,2026-01-20 14:03:53,2026-01-15 14:04:21,2026-01-15 14:05:26
2026-01-15 14:37:12,2026-01-20 14:38:01,,
2026-01-15 14:46:06,2026-01-20 14:46:13,2026-01-15 14:46:13,2026-01-15 14:46:36
2026-01-15 14:46:13,2026-01-20 14:46:13,,
2026-01-15 15:11:12,2026-01-20 15:11:14,2026-01-15 15:12:14,2026-01-15 15:11:25
2026-01-15 15:12:14,2026-01-20 15:12:25,,
2026-01-15 15:34:50,2026-01-20 15:35:01,2026-01-15 15:35:47,2026-01-15 15:37:04
2026-01-15 15:35:47,2026-01-20 15:36:06,,
2026-01-15 15:37:24,2026-01-20 15:37:31,2026-01-15 15:37:44,2026-01-15 15:39:02
2026-01-15 15:59:59,2026-01-20 15:59:59,2026-01-16 09:30:00,2026-01-15 16:00:00
2026-01-15 16:00:00,2026-01-20 16:00:00,,
2026-01-16 10:07:24,2026-01-21 10:09:18,2026-01-16 10:08:06,2026-01-16 10:09:16
2026-01-16 10:08:06,2026-01-21 10:09:18,,
2026-01-16 11:08:49,2026-01-21 11:09:16,,
2026-01-16 11:11:48,2026-01-21 11:12:36,,
2026-01-16 11:29:13,2026-01-21 11:29:43,,
2026-01-16 13:26:52,2026-01-21 13:28:57,,
2026-01-16 14:04:26,2026-01-21 14:05:01,2026-01-16 14:04:30,2026-01-16 14:04:43
2026-01-16 14:04:30,2026-01-21 14:05:01,,
2026-01-16 14:04:31,2026-01-21 14:05:01,2026-01-16 14:04:33,2026-01-16 14:04:43
2026-01-16 14:04:33,2026-01-21 14:05:01,,
2026-01-16 14:23:59,2026-01-21 14:24:00,,
2026-01-16 14:33:48,2026-01-21 14:33:58,,
2026-01-16 14:34:14,2026-01-21 14:34:35,2026-01-16 14:35:20,2026-01-16 14:34:53
2026-01-16 14:37:42,2026-01-21 14:37:57,2026-01-16 14:39:30,2026-01-16 14:39:00
2026-01-16 14:39:00,2026-01-21 14:39:24,,
2026-01-16 14:43:13,2026-01-21 14:43:25,2026-01-16 14:46:36,2026-01-16 14:43:47
2026-01-16 14:47:04,2026-01-21 14:47:04,2026-01-16 14:47:16,2026-01-16 14:47:28
2026-01-16 14:47:16,2026-01-21 14:47:17,,
2026-01-16 15:02:05,2026-01-21 15:02:10,,
2026-01-16 15:03:26,2026-01-21 15:03:34,2026-01-16 15:03:43,2026-01-16 15:05:09
2026-01-16 15:03:43,2026-01-21 15:04:05,,
2026-01-16 15:23:17,2026-01-21 15:23:22,2026-01-16 15:24:32,2026-01-16 15:31:14
2026-01-16 15:36:28,2026-01-21 15:36:29,2026-01-16 15:36:56,2026-01-16 15:37:43
2026-01-16 15:36:56,2026-01-21 15:37:12,,
2026-01-16 15:40:01,2026-01-21 15:40:04,2026-01-16 15:42:02,2026-01-16 15:42:20
2026-01-16 15:42:02,2026-01-21 15:42:02,,
2026-01-16 15:51:30,2026-01-21 15:51:51,2026-01-16 15:54:00,2026-01-16 15:51:57
2026-01-16 15:51:57,2026-01-21 15:51:57,,
2026-01-16 15:53:46,2026-01-21 15:53:59,2026-01-16 15:54:00,2026-01-16 15:54:10
2026-01-16 15:55:35,2026-01-21 15:56:05,2026-01-16 15:56:10,2026-01-16 15:56:30
2026-01-16 15:57:55,2026-01-21 15:58:03,2026-01-16 15:58:06,2026-01-16 15:58:20
2026-01-16 15:58:20,2026-01-21 15:58:20,,
2026-01-16 15:59:07,2026-01-21 15:59:08,,
2026-01-20 10:02:08,2026-01-26 09:30:00,,
2026-01-20 10:03:04,2026-01-26 09:30:00,2026-01-20 10:05:10,2026-01-20 10:05:46
2026-01-20 10:15:38,2026-01-26 09:30:00,2026-01-20 10:15:57,2026-01-20 10:16:15
2026-01-20 10:15:57,2026-01-26 09:30:00,,
2026-01-20 10:32:17,2026-01-26 09:30:00,2026-01-20 10:32:40,2026-01-20 10:32:52
2026-01-20 10:49:37,2026-01-26 09:30:00,2026-01-20 10:50:00,2026-01-20 10:51:03
2026-01-20 11:17:30,2026-01-26 09:30:00,,
2026-01-20 12:11:10,2026-01-26 09:30:00,2026-01-20 12:11:31,2026-01-20 12:13:32
2026-01-20 12:24:25,2026-01-26 09:30:00,,
2026-01-20 12:51:00,2026-01-26 09:30:00,,
2026-01-20 14:07:22,2026-01-26 09:30:00,,
2026-01-20 14:25:22,2026-01-26 09:30:00,2026-01-20 14:28:09,2026-01-20 14:25:34
2026-01-20 14:25:34,2026-01-26 09:30:00,,
2026-01-20 14:46:13,2026-01-26 09:30:00,,
2026-01-20 15:03:25,2026-01-26 09:30:00,,
2026-01-20 15:04:54,2026-01-26 09:30:00,2026-01-20 15:06:15,2026-01-20 15:06:30
2026-01-20 15:28:13,2026-01-26 09:30:00,,
2026-01-20 15:32:31,2026-01-26 09:30:00,2026-01-20 15:32:40,2026-01-20 15:33:08
2026-01-20 15:35:01,2026-01-26 09:30:00,2026-01-20 15:35:06,2026-01-20 15:36:23
2026-01-20 15:37:37,2026-01-26 09:30:00,2026-01-20 15:38:18,2026-01-20 15:41:00
2026-01-20 15:46:50,2026-01-26 09:30:00,,
2026-01-20 15:51:03,2026-01-26 09:30:00,2026-01-20 15:51:34,2026-01-20 15:51:07
2026-01-20 15:51:07,2026-01-26 09:30:00,,
2026-01-20 15:52:09,2026-01-26 09:30:00,,
2026-01-20 15:55:57,2026-01-26 09:30:00,2026-01-20 15:56:01,2026-01-20 15:56:19
2026-01-20 15:56:39,2026-01-26 09:30:00,2026-01-20 15:56:57,2026-01-20 15:56:48
2026-01-20 15:56:48,2026-01-26 09:30:00,,
2026-01-20 15:58:00,2026-01-26 09:30:00,,
2026-01-21 10:00:59,2026-01-26 10:02:19,2026-01-21 10:03:28,2026-01-21 10:02:27
2026-01-21 10:02:27,2026-01-26 10:03:59,,
2026-01-21 10:33:08,2026-01-26 10:33:15,2026-01-21 10:33:58,2026-01-21 10:37:59
2026-01-21 10:33:58,2026-01-26 10:36:00,,
2026-01-21 10:35:20,2026-01-26 10:36:00,2026-01-21 10:35:57,2026-01-21 10:37:59
2026-01-21 10:35:57,2026-01-26 10:36:00,,
2026-01-21 10:40:46,2026-01-26 10:42:12,2026-01-21 10:42:20,2026-01-21 10:40:57
2026-01-21 11:35:40,2026-01-26 11:36:06,2026-01-21 11:39:36,2026-01-21 11:37:06
2026-01-21 12:16:54,2026-01-26 12:17:13,2026-01-21 12:16:59,2026-01-21 12:17:33
2026-01-21 12:16:59,2026-01-26 12:17:13,,
2026-01-21 12:50:27,2026-01-26 12:52:09,,
2026-01-21 13:46:38,2026-01-26 13:48:42,,
2026-01-21 14:20:18,2026-01-26 14:21:53,2026-01-21 14:22:03,2026-01-21 14:22:31
2026-01-21 14:22:03,2026-01-26 14:22:26,,
2026-01-21 14:41:20,2026-01-26 14:41:39,,
2026-01-21 14:47:05,2026-01-26 14:48:37,2026-01-21 14:47:29,2026-01-21 14:47:17
2026-01-21 14:47:29,2026-01-26 14:48:37,,
2026-01-21 14:50:52,2026-01-26 14:51:55,2026-01-21 14:52:36,2026-01-21 14:51:10
2026-01-21 15:05:35,2026-01-26 15:05:40,,
2026-01-21 15:13:34,2026-01-26 15:16:16,,
2026-01-21 15:19:10,2026-01-26 15:20:09,2026-01-21 15:19:50,2026-01-21 15:19:20
2026-01-21 15:33:14,2026-01-26 15:33:42,,
2026-01-21 15:34:28,2026-01-26 15:34:28,2026-01-21 15:35:02,2026-01-21 15:34:55
2026-01-21 15:34:55,2026-01-26 15:35:10,,
2026-01-21 15:50:41,2026-01-26 15:51:42,,
2026-01-21 15:54:12,2026-01-26 15:55:00,,
2026-01-21 15:57:30,2026-01-26 15:57:50,2026-01-21 15:58:06,2026-01-21 15:58:20
2026-01-21 15:58:59,2026-01-26 15:59:04,,
2026-01-21 15:59:00,2026-01-26 15:59:04,2026-01-21 15:59:46,2026-01-21 15:59:13
2026-01-21 15:59:13,2026-01-26 15:59:13,,
2026-01-21 15:59:20,2026-01-26 15:59:25,2026-01-21 15:59:46,2026-01-21 15:59:30
2026-01-21 15:59:30,2026-01-26 15:59:33,,
2026-01-21 15:59:31,2026-01-26 15:59:33,2026-01-21 15:59:46,2026-01-21 15:59:33
2026-01-21 15:59:33,2026-01-26 15:59:33,,
2026-01-21 15:59:43,2026-01-26 15:59:43,2026-01-21 15:59:46,2026-01-21 15:59:45
2026-01-21 15:59:45,2026-01-26 15:59:47,,
2026-01-22 10:06:21,2026-01-27 10:06:50,,
2026-01-22 10:27:14,2026-01-27 10:27:58,2026-01-22 10:27:25,2026-01-22 10:28:22
2026-01-22 10:27:25,2026-01-27 10:27:58,,
2026-01-22 11:06:49,2026-01-27 11:07:09,2026-01-22 11:08:02,2026-01-22 11:07:31
2026-01-22 11:07:31,2026-01-27 11:09:05,,
2026-01-22 12:24:35,2026-01-27 12:25:27,2026-01-22 12:26:21,2026-01-22 12:25:41
2026-01-22 12:25:41,2026-01-27 12:26:08,,
2026-01-22 12:39:44,2026-01-27 12:40:10,2026-01-22 12:43:07,2026-01-22 12:41:04
2026-01-22 12:41:04,2026-01-27 12:41:19,2026-01-23 09:34:15,2026-01-26 09:31:20
2026-01-22 14:21:45,2026-01-27 14:21:49,,
2026-01-22 14:35:49,2026-01-27 14:36:08,,
2026-01-22 15:01:07,2026-01-27 15:01:59,,
2026-01-22 15:10:49,2026-01-27 15:12:38,,
2026-01-22 15:24:53,2026-01-27 15:24:59,2026-01-22 15:25:01,2026-01-22 15:25:47
2026-01-22 15:29:13,2026-01-27 15:29:50,,
2026-01-22 15:32:44,2026-01-27 15:33:04,2026-01-22 15:33:00,2026-01-22 15:33:26
2026-01-22 15:33:00,2026-01-27 15:33:04,,
2026-01-22 15:36:08,2026-01-27 15:36:41,2026-01-22 15:37:39,2026-01-22 15:36:21
2026-01-22 15:59:47,2026-01-27 15:59:56,2026-01-22 15:59:57,2026-01-22 15:59:50
2026-01-22 15:59:50,2026-01-27 15:59:56,,
2026-01-23 11:24:32,2026-01-28 11:24:53,2026-01-23 11:26:29,2026-01-23 11:24:33
2026-01-23 11:24:33,2026-01-28 11:24:53,,
2026-01-23 11:43:33,2026-01-28 11:44:28,2026-01-23 11:44:12,2026-01-23 11:43:40
2026-01-23 11:43:40,2026-01-28 11:44:28,,
2026-01-23 15:00:36,2026-01-28 15:01:09,2026-01-23 15:01:27,2026-01-23 15:02:28
2026-01-23 15:08:34,2026-01-28 15:08:36,2026-01-23 15:09:38,2026-01-23 15:09:11
2026-01-23 15:59:39,2026-01-28 15:59:40,2026-01-23 16:00:00,2026-01-23 15:59:46
2026-01-26 10:17:06,2026-02-02 04:00:01,2026-01-26 10:17:41,2026-01-26 10:18:55
2026-01-26 12:03:49,2026-02-02 04:00:01,2026-01-26 12:05:39,2026-01-26 12:12:38
2026-01-26 12:05:39,2026-02-02 04:00:01,,
2026-01-26 14:02:03,2026-02-02 04:00:01,2026-01-26 14:02:23,2026-01-26 14:04:56
2026-01-26 14:02:23,2026-02-02 04:00:01,,
2026-01-26 14:15:31,2026-02-02 04:00:01,2026-01-26 14:16:57,2026-01-26 14:16:58
2026-01-26 14:17:17,2026-02-02 04:00:01,2026-01-26 14:17:24,2026-01-26 14:18:42
2026-01-26 14:18:44,2026-02-02 04:00:01,2026-01-26 14:19:50,2026-01-26 14:21:53
2026-01-26 14:32:22,2026-02-02 04:00:01,2026-01-26 14:32:58,2026-01-26 14:34:44
2026-01-26 15:37:40,2026-02-02 04:00:01,,
2026-01-26 15:56:51,2026-02-02 04:00:01,2026-01-26 15:57:24,2026-01-26 15:56:57
2026-01-26 15:58:42,2026-02-02 04:00:01,2026-01-26 15:59:07,2026-01-26 15:59:04
2026-01-27 10:43:13,2026-02-02 04:00:01,,
2026-01-27 11:27:10,2026-02-02 04:00:01,2026-01-27 11:31:21,2026-01-27 11:29:28
2026-01-27 11:29:28,2026-02-02 04:00:01,,
2026-01-27 12:10:50,2026-02-02 04:00:01,2026-01-27 12:12:54,2026-01-27 12:18:13
2026-01-27 12:21:29,2026-02-02 04:00:01,2026-01-27 12:21:55,2026-01-27 12:21:33
2026-01-27 12:21:33,2026-02-02 04:00:01,,
2026-01-27 12:23:20,2026-02-02 04:00:01,,
2026-01-27 12:24:11,2026-02-02 04:00:01,2026-01-27 12:25:27,2026-01-27 12:24:26
2026-01-27 12:24:26,2026-02-02 04:00:01,,
2026-01-27 12:29:40,2026-02-02 04:00:01,2026-01-27 12:31:09,2026-01-27 12:33:47
2026-01-27 12:42:29,2026-02-02 04:00:01,,
2026-01-27 12:46:00,2026-02-02 04:00:01,2026-01-27 12:50:31,2026-01-27 12:48:04
2026-01-27 12:48:04,2026-02-02 04:00:01,,
2026-01-27 12:54:00,2026-02-02 04:00:01,2026-01-27 12:56:02,2026-01-27 12:56:29
2026-01-27 12:57:55,2026-02-02 04:00:01,2026-01-27 12:58:24,2026-01-27 12:58:11
2026-01-27 12:58:11,2026-02-02 04:00:01,,
2026-01-27 13:10:37,2026-02-02 04:00:01,,
2026-01-27 13:17:40,2026-02-02 04:00:01,2026-01-27 13:17:54,2026-01-27 13:19:40
2026-01-27 13:17:54,2026-02-02 04:00:01,,
2026-01-27 13:48:00,2026-02-02 04:00:01,2026-01-27 13:48:37,2026-01-27 13:51:25
2026-01-27 13:58:16,2026-02-02 04:00:01,2026-01-27 13:58:19,2026-01-27 13:58:23
2026-01-27 14:02:19,2026-02-02 04:00:01,,
2026-01-27 14:06:22,2026-02-02 04:00:01,,
2026-01-27 14:11:53,2026-02-02 04:00:01,2026-01-27 14:12:01,2026-01-27 14:13:56
2026-01-27 14:13:56,2026-02-02 04:00:01,,
2026-01-27 14:15:00,2026-02-02 04:00:01,2026-01-27 14:15:01,2026-01-27 14:16:27
2026-01-27 14:16:27,2026-02-02 04:00:01,,
2026-01-27 14:17:19,2026-02-02 04:00:01,2026-01-27 14:17:23,2026-01-27 14:18:22
2026-01-27 14:20:17,2026-02-02 04:00:01,2026-01-27 14:20:22,2026-01-27 14:20:29
2026-01-27 14:20:22,2026-02-02 04:00:01,,
2026-01-27 14:21:49,2026-02-02 04:00:01,2026-01-27 14:23:04,2026-01-27 14:23:18
2026-01-27 14:24:29,2026-02-02 04:00:01,2026-01-27 14:26:39,2026-01-27 14:25:58
2026-01-27 14:25:58,2026-02-02 04:00:01,,
2026-01-27 14:28:39,2026-02-02 04:00:01,2026-01-27 14:29:08,2026-01-27 14:30:00
2026-01-27 14:36:08,2026-02-02 04:00:01,2026-01-27 14:39:01,2026-01-27 14:36:45
2026-01-27 14:36:45,2026-02-02 04:00:01,,
2026-01-27 14:56:37,2026-02-02 04:00:01,,
2026-01-27 15:02:42,2026-02-02 04:00:01,2026-01-27 15:04:00,2026-01-27 15:05:07
2026-01-27 15:04:00,2026-02-02 04:00:01,,
2026-01-27 15:47:30,2026-02-02 04:00:01,2026-01-27 15:48:48,2026-01-27 15:51:03
2026-01-27 15:48:48,2026-02-02 04:00:01,,
2026-01-28 10:08:35,2026-02-02 10:09:27,,
2026-01-28 11:24:53,2026-02-02 11:25:10,,
2026-01-28 12:02:34,2026-02-02 12:02:34,2026-01-28 12:06:46,2026-01-28 12:05:29
2026-01-28 14:31:00,2026-02-02 14:31:01,2026-01-28 14:31:57,2026-01-28 14:31:07
2026-01-28 14:31:07,2026-02-02 14:31:51,,
2026-01-28 14:38:04,2026-02-02 14:38:29,2026-01-28 14:38:45,2026-01-28 14:38:09
2026-01-28 14:38:56,2026-02-02 14:39:37,2026-01-28 14:40:15,2026-01-28 14:40:00
2026-01-28 14:40:00,2026-02-02 14:40:27,,
2026-01-28 14:50:32,2026-02-02 14:50:42,2026-01-28 14:52:35,2026-01-28 14:50:49
2026-01-28 15:06:26,2026-02-02 15:06:35,,
2026-01-28 15:56:35,2026-02-02 15:56:37,2026-01-28 15:56:52,2026-01-28 15:57:01
2026-01-28 15:58:42,2026-02-02 15:58:43,2026-01-28 15:58:55,2026-01-28 15:59:01
2026-01-29 09:39:58,2026-02-03 09:40:07,2026-01-29 09:40:54,2026-01-29 09:40:10
2026-01-29 09:40:10,2026-02-03 09:40:47,,
2026-01-29 09:46:29,2026-02-03 09:47:18,2026-01-29 09:47:10,2026-01-29 09:47:27
2026-01-29 09:47:10,2026-02-03 09:47:18,,
2026-01-29 09:54:28,2026-02-03 09:54:56,,
2026-01-29 10:05:48,2026-02-03 10:07:37,2026-01-29 10:05:54,2026-01-29 10:06:00
2026-01-29 10:13:26,2026-02-03 10:13:41,2026-01-29 10:14:02,2026-01-29 10:15:09
2026-01-29 10:42:52,2026-02-03 10:43:44,,
2026-01-29 10:44:05,2026-02-03 10:45:18,,
2026-01-29 10:45:04,2026-02-03 10:45:18,2026-01-29 10:45:38,2026-01-29 10:45:27
2026-01-29 11:07:50,2026-02-03 11:09:44,,
2026-01-29 11:12:22,2026-02-03 11:12:29,2026-01-29 11:12:39,2026-01-29 11:13:55
2026-01-29 11:19:26,2026-02-03 11:19:39,,
2026-01-29 11:37:44,2026-02-03 11:39:09,,
2026-01-29 11:43:43,2026-02-03 11:43:58,2026-01-29 11:44:27,2026-01-29 11:43:54
2026-01-29 11:55:50,2026-02-03 11:55:59,,
2026-01-29 11:56:11,2026-02-03 11:57:26,,
2026-01-29 12:26:40,2026-02-03 12:26:54,2026-01-29 12:26:59,2026-01-29 12:27:15
2026-01-29 12:29:26,2026-02-03 12:30:20,2026-01-29 12:30:05,2026-01-29 12:29:39
2026-01-29 12:29:39,2026-02-03 12:30:20,,
2026-01-29 12:30:22,2026-02-03 12:31:26,,
2026-01-29 12:36:39,2026-02-03 12:37:39,2026-01-29 12:39:00,2026-01-29 12:37:25
2026-01-29 12:39:59,2026-02-03 12:40:33,2026-01-29 12:41:41,2026-01-29 12:41:20
2026-01-29 13:41:22,2026-02-03 13:41:40,2026-01-29 13:41:58,2026-01-29 13:43:34
2026-01-29 14:24:09,2026-02-03 14:25:47,2026-01-29 14:27:15,2026-01-29 14:25:55
2026-01-29 14:25:55,2026-02-03 14:26:02,,
2026-01-29 14:38:55,2026-02-03 14:39:01,2026-01-29 14:39:34,2026-01-29 14:41:55
2026-01-29 14:41:55,2026-02-03 14:42:01,,
2026-01-29 14:51:18,2026-02-03 14:51:48,,
2026-01-29 15:03:49,2026-02-03 15:04:08,2026-01-29 15:03:52,2026-01-29 15:04:29
2026-01-29 15:03:52,2026-02-03 15:04:08,,
2026-01-29 15:19:18,2026-02-03 15:19:34,2026-01-29 15:20:02,2026-01-29 15:20:51
2026-01-29 15:20:02,2026-02-03 15:20:05,,
2026-01-29 15:38:18,2026-02-03 15:38:38,2026-01-29 15:38:54,2026-01-29 15:39:50
2026-01-29 15:38:54,2026-02-03 15:39:37,,
2026-01-30 11:40:07,2026-02-04 11:40:49,2026-01-30 11:40:57,2026-01-30 11:40:11
2026-01-30 14:37:26,2026-02-04 14:37:56,2026-01-30 14:39:11,2026-01-30 14:37:46
2026-01-30 14:39:11,2026-02-04 14:39:27,,
2026-01-30 14:44:25,2026-02-04 14:44:36,,
2026-01-30 14:47:07,2026-02-04 14:47:12,,
2026-01-30 14:51:09,2026-02-04 14:51:40,,
2026-01-30 15:33:47,2026-02-04 15:33:54,,
2026-01-30 15:50:20,2026-02-04 15:50:20,2026-01-30 15:50:33,2026-01-30 15:51:00
2026-01-30 15:55:49,2026-02-04 15:55:54,2026-01-30 15:56:18,2026-01-30 15:56:02
2026-01-30 15:56:02,2026-02-04 15:56:32,,
2026-01-30 15:58:26,2026-02-04 15:58:30,,
2026-01-30 15:59:18,2026-02-04 15:59:31,2026-01-30 15:59:26,2026-01-30 15:59:19
2026-02-02 09:30:33,2026-02-09 09:30:00,,
2026-02-02 10:30:36,2026-02-09 09:30:00,,
2026-02-02 10:38:04,2026-02-09 09:30:00,2026-02-02 10:41:19,2026-02-02 10:39:46
2026-02-02 10:39:46,2026-02-09 09:30:00,,
2026-02-02 12:02:52,2026-02-09 09:30:00,2026-02-02 12:04:32,2026-02-02 12:03:43
2026-02-02 12:03:43,2026-02-09 09:30:00,,
2026-02-02 12:10:00,2026-02-09 09:30:00,2026-02-02 12:13:48,2026-02-02 12:11:16
2026-02-02 12:11:16,2026-02-09 09:30:00,,
2026-02-02 12:12:11,2026-02-09 09:30:00,2026-02-02 12:12:50,2026-02-02 12:13:48
2026-02-02 12:12:50,2026-02-09 09:30:00,,
2026-02-02 12:15:44,2026-02-09 09:30:00,2026-02-03 09:34:21,2026-02-03 09:30:02
2026-02-02 14:40:35,2026-02-09 09:30:00,,
2026-02-02 14:56:28,2026-02-09 09:30:00,2026-02-02 14:57:34,2026-02-02 14:56:48
2026-02-02 15:58:55,2026-02-09 09:30:00,,
2026-02-02 15:59:30,2026-02-09 09:30:00,2026-02-02 15:59:39,2026-02-02 15:59:33
2026-02-03 09:31:40,2026-02-09 09:30:00,,
2026-02-03 09:49:25,2026-02-09 09:30:00,2026-02-03 09:53:22,2026-02-03 09:50:26
2026-02-03 09:50:26,2026-02-09 09:30:00,,
2026-02-03 11:05:38,2026-02-09 09:30:00,,
2026-02-03 11:06:19,2026-02-09 09:30:00,2026-02-03 11:09:44,2026-02-03 11:12:29
2026-02-03 11:09:44,2026-02-09 09:30:00,,
2026-02-03 11:41:14,2026-02-09 09:30:00,2026-02-03 11:43:58,2026-02-03 11:43:12
2026-02-03 13:56:17,2026-02-09 09:30:00,2026-02-03 13:59:51,2026-02-03 14:00:01
2026-02-03 13:59:51,2026-02-09 09:30:00,,
2026-02-03 15:50:22,2026-02-09 09:30:00,,
2026-02-03 15:55:00,2026-02-09 09:30:00,,
2026-02-03 15:58:53,2026-02-09 09:30:00,,
2026-02-04 10:38:29,2026-02-09 10:38:29,,
2026-02-04 10:38:46,2026-02-09 10:39:12,2026-02-04 10:38:49,2026-02-04 10:39:21
2026-02-04 10:38:49,2026-02-09 10:39:12,,
2026-02-04 10:41:04,2026-02-09 10:41:14,2026-02-04 10:41:31,2026-02-04 10:42:54
2026-02-04 10:41:31,2026-02-09 10:41:53,,
2026-02-04 11:11:31,2026-02-09 11:12:03,2026-02-04 11:11:46,2026-02-04 11:12:04
2026-02-04 11:11:46,2026-02-09 11:12:03,,
2026-02-04 11:27:28,2026-02-09 11:27:35,2026-02-04 11:27:52,2026-02-04 11:28:24
2026-02-04 11:27:52,2026-02-09 11:29:06,,
2026-02-04 12:02:45,2026-02-09 12:05:43,2026-02-04 12:06:12,2026-02-04 12:03:16
2026-02-04 12:40:00,2026-02-09 12:41:18,,
2026-02-04 14:55:22,2026-02-09 14:55:45,2026-02-04 14:56:18,2026-02-04 14:57:02
2026-02-04 14:57:11,2026-02-09 14:57:30,2026-02-04 14:58:15,2026-02-04 14:57:57
2026-02-04 14:57:57,2026-02-09 14:58:02,,
2026-02-04 15:08:09,2026-02-09 15:09:25,2026-02-04 15:09:02,2026-02-04 15:08:25
2026-02-04 15:14:23,2026-02-09 15:14:37,2026-02-04 15:15:40,2026-02-04 15:16:31
2026-02-04 15:15:40,2026-02-09 15:16:08,,
2026-02-04 15:24:32,2026-02-09 15:25:56,2026-02-04 15:24:45,2026-02-04 15:25:06
2026-02-04 15:24:45,2026-02-09 15:25:56,,
2026-02-04 15:24:57,2026-02-09 15:25:56,2026-02-04 15:26:23,2026-02-04 15:25:06
2026-02-04 15:31:33,2026-02-09 15:32:41,,
2026-02-04 15:59:48,2026-02-09 15:59:57,,
2026-02-05 10:28:24,2026-02-10 10:28:38,,
2026-02-05 10:28:53,2026-02-10 10:30:00,2026-02-05 10:30:01,2026-02-05 10:29:22
2026-02-05 10:37:13,2026-02-10 10:40:19,,
2026-02-05 10:40:23,2026-02-10 10:40:37,2026-02-05 10:40:48,2026-02-05 10:41:59
2026-02-05 11:49:17,2026-02-10 11:49:25,,
2026-02-05 12:15:08,2026-02-10 12:15:51,,
2026-02-05 12:25:49,2026-02-10 12:26:55,2026-02-05 12:28:15,2026-02-05 12:26:36
2026-02-05 12:26:36,2026-02-10 12:26:55,,
2026-02-05 14:48:30,2026-02-10 14:49:07,2026-02-05 14:49:11,2026-02-05 14:49:34
2026-02-05 15:15:16,2026-02-10 15:15:46,,
2026-02-05 15:30:00,2026-02-10 15:31:01,,
2026-02-06 10:05:47,2026-02-11 10:06:04,2026-02-06 10:07:40,2026-02-06 10:07:03
2026-02-06 10:07:03,2026-02-11 10:07:17,,
2026-02-06 10:34:45,2026-02-11 10:35:27,2026-02-06 10:35:34,2026-02-06 10:35:21
2026-02-06 10:35:21,2026-02-11 10:35:27,,
2026-02-06 10:38:40,2026-02-11 10:39:34,,
2026-02-06 11:50:22,2026-02-11 11:50:50,2026-02-06 11:52:52,2026-02-06 11:56:36
2026-02-06 11:52:52,2026-02-11 11:52:55,,
2026-02-06 12:48:20,2026-02-11 12:48:22,2026-02-06 12:49:12,2026-02-06 12:49:21
2026-02-06 12:49:12,2026-02-11 12:49:40,,
2026-02-06 13:06:14,2026-02-11 13:06:46,,
2026-02-06 15:00:42,2026-02-11 15:01:24,,
2026-02-06 15:01:14,2026-02-11 15:01:24,2026-02-06 15:01:43,2026-02-06 15:04:01
2026-02-06 15:04:01,2026-02-11 15:04:10,,
2026-02-06 15:04:32,2026-02-11 15:04:57,2026-02-06 15:05:02,2026-02-06 15:08:03
2026-02-06 15:25:30,2026-02-11 15:25:37,2026-02-06 15:27:55,2026-02-06 15:25:37
2026-02-06 15:33:13,2026-02-11 15:33:34,2026-02-06 15:34:26,2026-02-06 15:37:05
2026-02-06 15:43:28,2026-02-11 15:45:25,2026-02-06 15:43:33,2026-02-06 15:43:54
2026-02-06 15:44:16,2026-02-11 15:45:25,2026-02-06 15:45:50,2026-02-06 15:46:28
2026-02-06 15:46:40,2026-02-11 15:47:19,2026-02-06 15:48:51,2026-02-06 15:47:28
2026-02-06 15:47:28,2026-02-11 15:47:43,,
2026-02-06 15:59:24,2026-02-11 15:59:29,2026-02-06 15:59:45,2026-02-06 15:59:30
2026-02-06 15:59:30,2026-02-11 15:59:32,,
2026-02-09 09:37:03,2026-02-17 09:30:00,2026-02-09 09:39:03,2026-02-09 09:38:46
2026-02-09 09:47:00,2026-02-17 09:30:00,,
2026-02-09 12:41:18,2026-02-17 09:30:00,2026-02-09 12:42:03,2026-02-09 12:46:46
2026-02-09 14:04:51,2026-02-17 09:30:00,2026-02-09 14:06:30,2026-02-09 14:05:06
2026-02-09 14:05:06,2026-02-17 09:30:00,,
2026-02-09 14:16:11,2026-02-17 09:30:00,2026-02-09 14:21:07,2026-02-09 14:16:45
2026-02-09 14:16:45,2026-02-17 09:30:00,,
2026-02-09 14:22:23,2026-02-17 09:30:00,2026-02-09 14:30:52,2026-02-09 14:24:22
2026-02-09 14:24:22,2026-02-17 09:30:00,,
2026-02-09 14:27:29,2026-02-17 09:30:00,2026-02-09 14:30:52,2026-02-09 14:29:49
2026-02-09 14:29:49,2026-02-17 09:30:00,,
2026-02-09 14:43:45,2026-02-17 09:30:00,,
2026-02-09 14:47:06,2026-02-17 09:30:00,2026-02-09 14:49:06,2026-02-09 14:48:11
2026-02-09 14:55:00,2026-02-17 09:30:00,,
2026-02-09 14:57:30,2026-02-17 09:30:00,2026-02-09 14:58:02,2026-02-09 15:00:34
2026-02-09 14:58:02,2026-02-17 09:30:00,,
2026-02-09 14:59:01,2026-02-17 09:30:00,2026-02-09 14:59:40,2026-02-09 15:00:34
2026-02-09 14:59:40,2026-02-17 09:30:00,,
2026-02-09 15:06:43,2026-02-17 09:30:00,,
2026-02-09 15:11:42,2026-02-17 09:30:00,,
2026-02-09 15:16:08,2026-02-17 09:30:00,2026-02-09 15:18:46,2026-02-09 15:19:15
2026-02-09 15:20:24,2026-02-17 09:30:00,,
2026-02-09 15:58:34,2026-02-17 09:30:00,,
2026-02-10 10:47:52,2026-02-17 09:30:00,2026-02-10 10:50:43,2026-02-10 10:48:02
2026-02-10 12:41:11,2026-02-17 09:30:00,2026-02-10 12:41:29,2026-02-10 12:45:20
2026-02-10 12:41:29,2026-02-17 09:30:00,,
2026-02-10 14:03:05,2026-02-17 09:30:00,2026-02-10 14:09:18,2026-02-10 14:05:25
2026-02-10 14:22:06,2026-02-17 09:30:00,2026-02-10 14:25:57,2026-02-10 14:24:27
2026-02-10 14:24:27,2026-02-17 09:30:00,,
2026-02-10 15:39:55,2026-02-17 09:30:00,2026-02-10 15:44:10,2026-02-10 15:40:09
2026-02-10 15:47:38,2026-02-17 09:30:00,2026-02-10 15:50:05,2026-02-10 15:50:00
2026-02-10 15:58:31,2026-02-17 09:30:00,2026-02-10 15:58:33,2026-02-10 15:59:29
2026-02-10 15:58:33,2026-02-17 09:30:00,,
2026-02-10 15:59:50,2026-02-17 09:30:00,2026-02-10 15:59:55,2026-02-10 16:00:00
2026-02-10 15:59:55,2026-02-17 09:30:00,,
2026-02-11 10:57:21,2026-02-17 09:30:00,2026-02-11 11:03:18,2026-02-11 10:59:26
2026-02-11 10:59:26,2026-02-17 09:30:00,,
2026-02-11 11:10:17,2026-02-17 09:30:00,,
2026-02-11 11:40:59,2026-02-17 09:30:00,2026-02-11 11:41:34,2026-02-11 11:41:12
2026-02-11 11:41:12,2026-02-17 09:30:00,,
2026-02-11 11:41:58,2026-02-17 09:30:00,,
2026-02-11 11:53:46,2026-02-17 09:30:00,2026-02-11 11:55:16,2026-02-11 11:54:05
2026-02-11 12:14:21,2026-02-17 09:30:00,,
2026-02-11 12:40:16,2026-02-17 09:30:00,2026-02-11 12:41:06,2026-02-11 12:43:49
2026-02-11 12:41:06,2026-02-17 09:30:00,,
2026-02-11 13:00:12,2026-02-17 09:30:00,2026-02-11 13:01:13,2026-02-11 13:01:27
2026-02-11 13:01:13,2026-02-17 09:30:00,,
2026-02-11 13:25:13,2026-02-17 09:30:00,,
2026-02-11 14:03:05,2026-02-17 09:30:00,2026-02-11 14:06:39,2026-02-11 14:04:36
2026-02-11 14:04:36,2026-02-17 09:30:00,,
2026-02-11 14:13:43,2026-02-17 09:30:00,2026-02-11 14:16:49,2026-02-11 14:14:20
2026-02-11 14:14:20,2026-02-17 09:30:00,,
2026-02-11 14:39:01,2026-02-17 09:30:00,2026-02-11 14:39:52,2026-02-11 14:39:37
2026-02-11 14:39:37,2026-02-17 09:30:00,,
2026-02-11 14:42:18,2026-02-17 09:30:00,,
2026-02-11 14:55:31,2026-02-17 09:30:00,2026-02-11 14:55:41,2026-02-11 14:57:16
2026-02-11 14:55:41,2026-02-17 09:30:00,,
2026-02-11 15:00:36,2026-02-17 09:30:00,2026-02-11 15:01:35,2026-02-11 15:00:39
2026-02-11 15:09:04,2026-02-17 09:30:00,2026-02-11 15:10:05,2026-02-11 15:11:51
2026-02-11 15:11:51,2026-02-17 09:30:00,,
2026-02-11 15:14:49,2026-02-17 09:30:00,2026-02-11 15:16:07,2026-02-11 15:15:01
2026-02-11 15:23:54,2026-02-17 09:30:00,2026-02-11 15:24:13,2026-02-11 15:24:32
2026-02-11 15:24:13,2026-02-17 09:30:00,,
2026-02-11 15:58:58,2026-02-17 09:30:00,,
2026-02-11 15:59:06,2026-02-17 09:30:00,2026-02-11 15:59:18,2026-02-11 15:59:10
2026-02-11 15:59:10,2026-02-17 09:30:00,,
2026-02-12 11:51:19,2026-02-17 11:51:42,2026-02-12 11:51:39,2026-02-12 11:51:21
2026-02-12 11:51:21,2026-02-17 11:51:42,,
2026-02-12 14:10:27,2026-02-17 14:10:29,2026-02-12 14:10:28,2026-02-12 14:10:37
2026-02-12 14:34:05,2026-02-17 14:34:52,2026-02-12 14:34:14,2026-02-12 14:35:25
2026-02-12 14:38:04,2026-02-17 14:38:23,2026-02-12 14:40:20,2026-02-12 14:38:49
2026-02-12 14:38:49,2026-02-17 14:39:02,,
2026-02-12 14:46:20,2026-02-17 14:46:20,,
2026-02-12 14:49:52,2026-02-17 14:50:01,,
2026-02-12 15:23:03,2026-02-17 15:23:22,2026-02-12 15:25:18,2026-02-12 15:23:43
2026-02-12 15:25:18,2026-02-17 15:25:46,,
2026-02-12 15:26:05,2026-02-17 15:26:09,2026-02-12 15:26:58,2026-02-12 15:26:52
2026-02-12 15:36:14,2026-02-17 15:36:19,,
2026-02-12 15:59:35,2026-02-17 15:59:35,2026-02-12 15:59:45,2026-02-12 15:59:39
2026-02-12 15:59:45,2026-02-17 15:59:51,,
2026-02-13 10:48:10,2026-02-18 10:48:14,2026-02-13 10:48:14,2026-02-13 10:49:00
2026-02-13 10:48:14,2026-02-18 10:48:14,,
2026-02-13 10:57:14,2026-02-18 10:57:50,2026-02-13 10:57:31,2026-02-13 10:57:18
2026-02-13 10:57:18,2026-02-18 10:57:50,,
2026-02-13 11:02:04,2026-02-18 11:02:21,2026-02-13 11:02:12,2026-02-13 11:03:00
2026-02-13 11:02:12,2026-02-18 11:02:21,,
2026-02-13 11:08:46,2026-02-18 11:10:03,2026-02-13 11:09:18,2026-02-13 11:09:55
2026-02-13 11:25:43,2026-02-18 11:25:52,2026-02-13 11:26:13,2026-02-13 11:26:05
2026-02-13 11:29:29,2026-02-18 11:29:58,2026-02-13 11:29:43,2026-02-13 11:30:10
2026-02-13 11:50:10,2026-02-18 11:52:12,,
2026-02-13 12:19:36,2026-02-18 12:20:34,,
2026-02-13 12:20:54,2026-02-18 12:21:35,2026-02-13 12:21:04,2026-02-13 12:21:59
2026-02-13 12:21:04,2026-02-18 12:21:35,,
2026-02-13 13:14:52,2026-02-18 13:16:24,2026-02-13 13:15:11,2026-02-13 13:15:14
2026-02-13 13:15:11,2026-02-18 13:16:24,,
2026-02-13 13:18:19,2026-02-18 13:19:22,2026-02-13 13:19:28,2026-02-13 13:19:45
2026-02-13 13:32:38,2026-02-18 13:32:59,,
2026-02-13 13:34:00,2026-02-18 13:34:24,2026-02-13 13:34:29,2026-02-13 13:34:25
2026-02-13 13:34:25,2026-02-18 13:34:52,,
2026-02-13 13:56:42,2026-02-18 13:57:26,,
2026-02-13 14:10:54,2026-02-18 14:11:48,2026-02-13 14:11:27,2026-02-13 14:11:39
2026-02-13 14:13:06,2026-02-18 14:13:43,2026-02-13 14:13:26,2026-02-13 14:14:00
2026-02-13 14:25:54,2026-02-18 14:26:02,2026-02-13 14:26:44,2026-02-13 14:26:16
2026-02-13 14:26:16,2026-02-18 14:26:56,,
2026-02-13 14:31:44,2026-02-18 14:31:58,,
2026-02-13 14:43:16,2026-02-18 14:43:16,2026-02-13 14:43:55,2026-02-13 14:44:06
2026-02-13 14:43:55,2026-02-18 14:44:43,,
2026-02-13 14:58:45,2026-02-18 14:59:42,2026-02-13 14:58:47,2026-02-13 14:58:59
2026-02-13 14:58:47,2026-02-18 14:59:42,,
2026-02-13 15:00:56,2026-02-18 15:01:20,2026-02-13 15:01:15,2026-02-13 15:01:10
2026-02-13 15:02:50,2026-02-18 15:03:19,,
2026-02-13 15:26:14,2026-02-18 15:26:14,2026-02-13 15:26:19,2026-02-13 15:26:27
2026-02-13 15:26:19,2026-02-18 15:26:19,,
2026-02-13 15:30:29,2026-02-18 15:30:33,2026-02-13 15:31:22,2026-02-13 15:30:31
2026-02-13 15:45:29,2026-02-18 15:45:34,,
2026-02-13 15:45:37,2026-02-18 15:45:41,2026-02-13 15:45:42,2026-02-13 15:45:43
2026-02-13 15:53:45,2026-02-18 15:53:48,2026-02-13 15:54:00,2026-02-13 15:53:50
2026-02-13 15:53:50,2026-02-18 15:54:10,,
2026-02-17 10:44:36,2026-02-23 09:30:00,2026-02-17 10:44:42,2026-02-17 10:44:44
2026-02-17 10:44:42,2026-02-23 09:30:00,,
2026-02-17 10:51:44,2026-02-23 09:30:00,,
2026-02-17 10:58:53,2026-02-23 09:30:00,2026-02-17 10:59:41,2026-02-17 10:59:30
2026-02-17 10:59:30,2026-02-23 09:30:00,,
2026-02-17 11:00:09,2026-02-23 09:30:00,,
2026-02-17 11:05:57,2026-02-23 09:30:00,2026-02-17 11:06:15,2026-02-17 11:05:58
2026-02-17 11:05:58,2026-02-23 09:30:00,,
2026-02-17 11:07:05,2026-02-23 09:30:00,,
2026-02-17 11:09:59,2026-02-23 09:30:00,2026-02-17 11:10:58,2026-02-17 11:11:32
2026-02-17 11:39:31,2026-02-23 09:30:00,2026-02-17 11:39:35,2026-02-17 11:39:41
2026-02-17 11:39:35,2026-02-23 09:30:00,,
2026-02-17 12:00:38,2026-02-23 09:30:00,2026-02-17 12:02:26,2026-02-17 12:01:00
2026-02-17 12:06:41,2026-02-23 09:30:00,,
2026-02-17 13:22:30,2026-02-23 09:30:00,2026-02-17 13:23:03,2026-02-17 13:22:31
2026-02-17 13:22:31,2026-02-23 09:30:00,,
2026-02-17 13:34:02,2026-02-23 09:30:00,2026-02-17 13:35:15,2026-02-17 13:35:00
2026-02-17 13:35:00,2026-02-23 09:30:00,,
2026-02-17 14:59:44,2026-02-23 09:30:00,2026-02-17 14:59:48,2026-02-17 15:00:00
2026-02-17 14:59:48,2026-02-23 09:30:00,,
2026-02-17 15:09:25,2026-02-23 09:30:00,,
2026-02-17 15:13:54,2026-02-23 09:30:00,,
2026-02-17 15:14:11,2026-02-23 09:30:00,2026-02-17 15:14:52,2026-02-17 15:14:33
2026-02-17 15:15:40,2026-02-23 09:30:00,2026-02-17 15:16:48,2026-02-17 15:15:55
2026-02-17 15:17:30,2026-02-23 09:30:00,2026-02-17 15:17:35,2026-02-17 15:17:50
2026-02-17 15:17:35,2026-02-23 09:30:00,,
2026-02-17 15:23:22,2026-02-23 09:30:00,,
2026-02-17 15:29:02,2026-02-23 09:30:00,2026-02-17 15:29:16,2026-02-17 15:29:51
2026-02-17 15:39:09,2026-02-23 09:30:00,,
2026-02-18 09:30:00,2026-02-23 09:30:00,2026-02-18 09:30:09,2026-02-18 09:30:31
2026-02-18 10:20:54,2026-02-23 10:21:10,2026-02-18 10:23:02,2026-02-18 10:21:15
2026-02-18 10:21:15,2026-02-23 10:21:33,,
2026-02-18 10:25:51,2026-02-23 10:26:43,2026-02-18 10:26:49,2026-02-18 10:26:58
2026-02-18 12:02:25,2026-02-23 12:02:46,2026-02-18 12:06:04,2026-02-18 12:09:47
2026-02-18 12:06:04,2026-02-23 12:06:28,,
2026-02-18 13:32:24,2026-02-23 13:32:47,2026-02-18 13:34:24,2026-02-18 13:32:59
2026-02-18 13:36:17,2026-02-23 13:37:23,2026-02-18 13:37:47,2026-02-18 13:40:44
2026-02-18 13:37:47,2026-02-23 13:38:27,,
2026-02-18 15:18:28,2026-02-23 15:18:53,,
2026-02-18 15:19:44,2026-02-23 15:19:44,2026-02-18 15:20:00,2026-02-18 15:22:18
2026-02-18 15:28:26,2026-02-23 15:28:42,2026-02-18 15:28:39,2026-02-18 15:28:37
2026-02-18 15:31:07,2026-02-23 15:31:10,2026-02-18 15:32:13,2026-02-18 15:31:29
2026-02-18 15:31:29,2026-02-23 15:32:25,,
2026-02-18 15:39:07,2026-02-23 15:39:30,2026-02-18 15:40:27,2026-02-18 15:39:50
2026-02-18 15:39:50,2026-02-23 15:40:10,,
2026-02-19 13:00:38,2026-02-24 13:00:50,2026-02-19 13:01:51,2026-02-19 13:00:55
2026-02-19 13:32:19,2026-02-24 13:33:03,2026-02-19 13:33:18,2026-02-19 13:33:00
2026-02-19 13:33:00,2026-02-24 13:33:03,,
2026-02-19 14:01:09,2026-02-24 14:01:25,2026-02-19 14:01:41,2026-02-19 14:01:56
2026-02-19 14:41:57,2026-02-24 14:41:57,2026-02-19 14:42:26,2026-02-19 14:43:04
2026-02-19 14:42:26,2026-02-24 14:42:32,,
2026-02-19 14:51:34,2026-02-24 14:52:31,2026-02-19 14:51:51,2026-02-19 14:52:27
2026-02-19 14:51:51,2026-02-24 14:52:31,,
2026-02-19 14:59:08,2026-02-24 15:00:06,,
2026-02-19 15:06:00,2026-02-24 15:06:10,,
2026-02-19 15:10:02,2026-02-24 15:10:26,2026-02-19 15:11:00,2026-02-19 15:10:28
2026-02-19 15:10:28,2026-02-24 15:11:04,,
2026-02-19 15:12:49,2026-02-24 15:12:56,2026-02-19 15:12:56,2026-02-19 15:13:03
2026-02-19 15:14:45,2026-02-24 15:15:15,2026-02-19 15:15:48,2026-02-19 15:15:02
2026-02-19 15:15:02,2026-02-24 15:15:15,,
2026-02-19 15:15:37,2026-02-24 15:15:52,2026-02-19 15:15:48,2026-02-19 15:16:51
2026-02-19 15:22:38,2026-02-24 15:23:29,,
2026-02-19 15:31:04,2026-02-24 15:31:05,,
2026-02-19 15:43:00,2026-02-24 15:43:20,2026-02-19 15:43:02,2026-02-19 15:43:41
2026-02-19 15:43:02,2026-02-24 15:43:20,,
2026-02-19 15:58:31,2026-02-24 15:58:43,2026-02-19 15:59:02,2026-02-19 15:58:38
2026-02-19 15:58:38,2026-02-24 15:58:43,,
2026-02-19 15:58:49,2026-02-24 15:58:49,2026-02-19 15:59:02,2026-02-19 15:58:53
2026-02-19 15:58:53,2026-02-24 15:58:53,,
2026-02-20 10:31:03,2026-02-25 10:32:24,2026-02-20 10:31:32,2026-02-20 10:32:43
2026-02-20 12:56:58,2026-02-25 12:58:15,2026-02-20 12:58:05,2026-02-20 12:58:18
2026-02-20 13:18:54,2026-02-25 13:19:14,,
2026-02-20 13:33:03,2026-02-25 13:35:29,2026-02-20 13:33:10,2026-02-20 13:33:48
2026-02-20 13:33:10,2026-02-25 13:35:29,,
2026-02-20 13:42:16,2026-02-25 13:42:16,,
2026-02-20 13:47:21,2026-02-25 13:47:48,2026-02-20 13:47:47,2026-02-20 13:47:48
2026-02-20 13:50:11,2026-02-25 13:50:29,2026-02-20 13:50:12,2026-02-20 13:50:35
2026-02-20 13:50:52,2026-02-25 13:53:39,2026-02-20 13:50:59,2026-02-20 13:51:06
2026-02-20 13:50:59,2026-02-25 13:53:39,,
2026-02-20 14:47:32,2026-02-25 14:48:00,2026-02-20 14:48:08,2026-02-20 14:47:46
2026-02-20 14:55:32,2026-02-25 14:55:34,,
2026-02-20 14:59:53,2026-02-25 14:59:57,2026-02-20 14:59:57,2026-02-20 14:59:58
2026-02-20 14:59:57,2026-02-25 14:59:57,,
2026-02-20 15:09:46,2026-02-25 15:09:52,,
2026-02-20 15:17:10,2026-02-25 15:17:27,2026-02-23 09:30:36,2026-02-25 09:30:25
2026-02-20 15:41:33,2026-02-25 15:41:46,2026-02-20 15:42:33,2026-02-20 15:43:47
2026-02-20 15:42:33,2026-02-25 15:43:14,,
2026-02-20 15:54:18,2026-02-25 15:54:19,,
2026-02-20 15:55:06,2026-02-25 15:55:19,,
2026-02-20 15:58:23,2026-02-25 15:58:30,2026-02-20 15:58:38,2026-02-20 15:58:33
2026-02-20 15:58:33,2026-02-25 15:58:38,,
2026-02-23 10:17:25,2026-03-02 09:30:00,,
2026-02-23 10:18:30,2026-03-02 09:30:00,2026-02-23 10:19:37,2026-02-23 10:19:07
2026-02-23 10:28:10,2026-03-02 09:30:00,2026-02-23 10:28:34,2026-02-23 10:29:09
2026-02-23 10:28:34,2026-03-02 09:30:00,,
2026-02-23 10:33:27,2026-03-02 09:30:00,,
2026-02-23 11:07:01,2026-03-02 09:30:00,2026-02-23 11:07:18,2026-02-23 11:08:15
2026-02-23 12:54:03,2026-03-02 09:30:00,2026-02-23 12:55:07,2026-02-23 12:56:08
2026-02-23 13:01:05,2026-03-02 09:30:00,2026-02-23 13:06:28,2026-02-23 13:01:24
2026-02-23 13:01:24,2026-03-02 09:30:00,,
2026-02-23 13:48:44,2026-03-02 09:30:00,2026-02-23 13:48:51,2026-02-23 13:49:58
2026-02-23 13:51:46,2026-03-02 09:30:00,2026-02-23 13:52:16,2026-02-23 13:55:55
2026-02-23 14:19:21,2026-03-02 09:30:00,2026-02-23 14:19:51,2026-02-23 14:20:38
2026-02-23 14:19:51,2026-03-02 09:30:00,,
2026-02-23 14:57:40,2026-03-02 09:30:00,2026-02-23 14:58:28,2026-02-23 14:58:16
2026-02-23 14:58:16,2026-03-02 09:30:00,,
2026-02-23 15:00:19,2026-03-02 09:30:00,2026-02-23 15:03:08,2026-02-23 15:00:42
2026-02-23 15:00:42,2026-03-02 09:30:00,,
2026-02-23 15:10:10,2026-03-02 09:30:00,2026-02-23 15:10:21,2026-02-23 15:11:00
2026-02-23 15:47:31,2026-03-02 09:30:00,,
2026-02-23 15:47:49,2026-03-02 09:30:00,2026-02-23 15:48:27,2026-02-23 15:50:07
2026-02-23 15:48:27,2026-03-02 09:30:00,,
2026-02-23 15:56:30,2026-03-02 09:30:00,2026-02-23 15:56:54,2026-02-23 15:57:05
2026-02-23 15:56:54,2026-03-02 09:30:00,,
2026-02-23 15:59:00,2026-03-02 09:30:00,2026-02-23 15:59:17,2026-02-23 15:59:01
2026-02-24 10:16:16,2026-03-02 09:30:00,2026-02-24 10:16:28,2026-02-24 10:16:53
2026-02-24 11:04:58,2026-03-02 09:30:00,,
2026-02-24 11:13:23,2026-03-02 09:30:00,2026-02-24 11:15:11,2026-02-24 11:16:02
2026-02-24 11:15:11,2026-03-02 09:30:00,,
2026-02-24 11:48:30,2026-03-02 09:30:00,,
2026-02-24 11:52:31,2026-03-02 09:30:00,2026-02-24 11:54:21,2026-02-24 11:52:58
2026-02-24 12:04:22,2026-03-02 09:30:00,2026-02-24 12:06:14,2026-02-24 12:04:27
2026-02-24 12:04:27,2026-03-02 09:30:00,,
2026-02-24 12:12:15,2026-03-02 09:30:00,2026-02-24 12:14:38,2026-02-24 12:15:06
2026-02-24 12:19:25,2026-03-02 09:30:00,2026-02-24 12:23:12,2026-02-24 12:26:36
2026-02-24 12:39:39,2026-03-02 09:30:00,2026-02-24 12:47:21,2026-02-24 12:41:51
2026-02-24 12:41:51,2026-03-02 09:30:00,,
2026-02-24 13:33:03,2026-03-02 09:30:00,,
2026-02-24 14:34:06,2026-03-02 09:30:00,2026-02-24 14:37:21,2026-02-24 14:34:52
2026-02-24 15:07:48,2026-03-02 09:30:00,,
2026-02-24 15:24:38,2026-03-02 09:30:00,2026-02-24 15:26:27,2026-02-24 15:25:14
2026-02-24 15:39:00,2026-03-02 09:30:00,2026-02-24 15:39:29,2026-02-24 15:40:39
2026-02-24 15:43:20,2026-03-02 09:30:00,,
2026-02-24 15:48:03,2026-03-02 09:30:00,2026-02-24 15:51:42,2026-02-24 15:48:41
2026-02-24 15:48:41,2026-03-02 09:30:00,,
2026-02-24 15:55:00,2026-03-02 09:30:00,,
2026-02-24 15:58:56,2026-03-02 09:30:00,2026-02-24 15:59:32,2026-02-24 15:59:16
2026-02-24 15:59:16,2026-03-02 09:30:00,,
2026-02-25 10:54:37,2026-03-02 10:54:45,2026-02-25 10:55:50,2026-02-25 10:56:13
2026-02-25 10:55:50,2026-03-02 10:56:35,,
2026-02-25 11:33:46,2026-03-02 11:34:21,2026-02-25 11:34:28,2026-02-25 11:37:37
2026-02-25 12:11:26,2026-03-02 12:11:47,2026-02-25 12:15:15,2026-02-25 12:17:36
2026-02-25 12:28:54,2026-03-02 12:28:55,,
2026-02-25 12:58:15,2026-03-02 12:58:34,,
2026-02-25 13:05:18,2026-03-02 13:05:32,2026-02-25 13:10:36,2026-02-25 13:06:03
2026-02-25 13:06:03,2026-03-02 13:06:39,,
2026-02-25 13:32:37,2026-03-02 13:32:56,2026-02-25 13:39:29,2026-02-25 13:32:40
2026-02-25 14:07:52,2026-03-02 14:08:06,,
2026-02-25 14:19:40,2026-03-02 14:19:40,,
2026-02-25 14:30:00,2026-03-02 14:30:23,2026-02-25 14:31:10,2026-02-25 14:32:26
2026-02-25 14:31:10,2026-03-02 14:31:57,,
2026-02-25 14:39:01,2026-03-02 14:39:07,2026-02-25 14:39:29,2026-02-25 14:40:01
2026-02-25 14:56:22,2026-03-02 14:56:47,2026-02-25 14:59:01,2026-02-25 14:57:08
2026-02-25 14:57:08,2026-03-02 14:57:32,,
2026-02-25 15:04:27,2026-03-02 15:04:40,,
2026-02-25 15:26:33,2026-03-02 15:26:44,2026-02-25 15:30:00,2026-02-25 15:26:44
2026-02-25 15:30:00,2026-03-02 15:30:00,,
2026-02-25 15:32:38,2026-03-02 15:32:39,2026-02-25 15:34:40,2026-02-25 15:33:00
2026-02-25 15:34:40,2026-03-02 15:34:58,,
2026-02-25 15:54:21,2026-03-02 15:54:50,2026-02-25 15:55:00,2026-02-25 15:54:50
2026-02-25 15:54:50,2026-03-02 15:54:50,,
2026-02-25 15:59:30,2026-03-02 15:59:32,2026-02-25 15:59:35,2026-02-25 15:59:46
2026-02-25 15:59:35,2026-03-02 15:59:35,,
2026-02-26 10:08:46,2026-03-03 10:08:54,2026-02-26 10:09:13,2026-02-26 10:09:12
2026-02-26 10:19:12,2026-03-03 10:19:16,2026-02-26 10:20:03,2026-02-26 10:19:22
2026-02-26 11:14:56,2026-03-03 11:15:02,2026-02-26 11:18:19,2026-02-26 11:15:22
2026-02-26 11:15:22,2026-03-03 11:15:31,,
2026-02-26 11:15:56,2026-03-03 11:15:59,2026-02-26 11:18:19,2026-02-26 11:17:35
2026-02-26 11:17:35,2026-03-03 11:17:40,,
2026-02-26 11:22:58,2026-03-03 11:23:02,2026-02-26 11:23:59,2026-02-26 11:23:32
2026-02-26 11:23:32,2026-03-03 11:23:50,,
2026-02-26 11:26:47,2026-03-03 11:26:57,,
2026-02-26 11:27:20,2026-03-03 11:27:32,2026-02-26 11:30:10,2026-02-26 11:31:02
2026-02-26 11:30:10,2026-03-03 11:30:18,,
2026-02-26 11:39:08,2026-03-03 11:39:11,,
2026-02-26 11:42:04,2026-03-03 11:42:11,2026-02-26 11:45:38,2026-02-26 11:42:10
2026-02-26 12:15:55,2026-03-03 12:15:57,2026-02-26 12:19:26,2026-02-26 12:16:38
2026-02-26 12:32:46,2026-03-03 12:32:46,2026-02-26 12:33:03,2026-02-26 12:36:01
2026-02-26 12:33:03,2026-03-03 12:33:07,,
2026-02-26 13:13:10,2026-03-03 13:13:51,2026-02-26 13:17:22,2026-02-26 13:15:01
2026-02-26 13:15:01,2026-03-03 13:15:36,,
2026-02-26 13:15:55,2026-03-03 13:16:14,2026-02-26 13:17:22,2026-02-26 13:19:39
2026-02-26 13:19:39,2026-03-03 13:20:00,,
2026-02-26 13:39:58,2026-03-03 13:40:23,,
2026-02-26 14:33:40,2026-03-03 14:33:40,,
2026-02-26 14:53:28,2026-03-03 14:53:31,2026-02-26 14:54:02,2026-02-26 14:56:49
2026-02-26 14:57:52,2026-03-03 14:58:07,,
2026-02-26 15:16:43,2026-03-03 15:16:46,2026-02-26 15:18:43,2026-02-26 15:17:43
2026-02-26 15:21:17,2026-03-03 15:21:33,2026-02-26 15:23:32,2026-02-26 15:21:27
2026-02-26 15:27:33,2026-03-03 15:27:42,2026-02-26 15:29:27,2026-02-26 15:27:48
2026-02-26 15:33:13,2026-03-03 15:33:47,2026-02-26 15:35:10,2026-02-26 15:36:02
2026-02-26 15:35:10,2026-03-03 15:35:14,,
2026-02-26 15:47:42,2026-03-03 15:47:46,2026-02-26 15:48:29,2026-02-26 15:49:25
2026-02-26 15:48:29,2026-03-03 15:48:41,,
2026-02-26 15:57:42,2026-03-03 15:58:02,,
2026-02-26 15:58:31,2026-03-03 15:58:32,2026-02-26 15:58:55,2026-02-26 15:58:32
2026-02-26 15:58:55,2026-03-03 15:58:59,,
2026-02-26 15:59:50,2026-03-03 15:59:53,,
2026-02-27 10:43:27,2026-03-04 10:43:28,,
2026-02-27 10:52:02,2026-03-04 10:52:06,,
2026-02-27 11:01:17,2026-03-04 11:01:18,2026-02-27 11:01:46,2026-02-27 11:03:57
2026-02-27 11:11:22,2026-03-04 11:11:24,,
2026-02-27 12:02:23,2026-03-04 12:02:27,2026-02-27 12:03:11,2026-02-27 12:02:28
2026-02-27 12:02:28,2026-03-04 12:02:38,,
2026-02-27 12:05:18,2026-03-04 12:05:27,,
2026-02-27 12:30:21,2026-03-04 12:30:26,,
2026-02-27 12:56:49,2026-03-04 12:56:59,2026-02-27 12:57:42,2026-02-27 12:58:29
2026-02-27 13:14:38,2026-03-04 13:14:55,2026-02-27 13:17:19,2026-02-27 13:15:54
2026-02-27 13:15:54,2026-03-04 13:16:00,,
2026-02-27 13:23:58,2026-03-04 13:23:59,,
2026-02-27 13:41:10,2026-03-04 13:41:18,,
2026-02-27 15:01:19,2026-03-04 15:01:50,,
2026-02-27 15:09:35,2026-03-04 15:09:44,,
2026-02-27 15:51:37,2026-03-04 15:51:40,2026-02-27 15:51:40,2026-02-27 15:51:39
2026-02-27 15:59:34,2026-03-04 15:59:34,2026-02-27 15:59:35,2026-02-27 15:59:54
2026-02-27 15:59:35,2026-03-04 15:59:35,,
2026-03-02 09:45:11,2026-03-09 09:30:00,,
2026-03-02 10:11:53,2026-03-09 09:30:00,2026-03-02 10:11:55,2026-03-02 10:12:02
2026-03-02 10:14:53,2026-03-09 09:30:00,,
2026-03-02 11:00:04,2026-03-09 09:30:00,,
2026-03-02 11:19:37,2026-03-09 09:30:00,2026-03-02 11:20:51,2026-03-02 11:22:21
2026-03-02 11:29:37,2026-03-09 09:30:00,2026-03-02 11:30:05,2026-03-02 11:30:02
2026-03-02 12:15:08,2026-03-09 09:30:00,2026-03-02 12:15:38,2026-03-02 12:17:01
2026-03-02 12:15:38,2026-03-09 09:30:00,,
2026-03-02 12:36:18,2026-03-09 09:30:00,,
2026-03-02 12:48:39,2026-03-09 09:30:00,,
2026-03-02 13:06:39,2026-03-09 09:30:00,2026-03-02 13:07:57,2026-03-02 13:08:05
2026-03-02 13:11:40,2026-03-09 09:30:00,2026-03-02 13:13:10,2026-03-02 13:12:13
2026-03-02 13:12:13,2026-03-09 09:30:00,,
2026-03-02 13:25:53,2026-03-09 09:30:00,2026-03-02 13:27:08,2026-03-02 13:28:05
2026-03-02 14:01:38,2026-03-09 09:30:00,,
2026-03-02 14:45:03,2026-03-09 09:30:00,,
2026-03-02 14:53:27,2026-03-09 09:30:00,2026-03-02 14:54:27,2026-03-02 14:55:38
2026-03-02 14:54:27,2026-03-09 09:30:00,,
2026-03-02 15:13:04,2026-03-09 09:30:00,,
2026-03-02 15:30:56,2026-03-09 09:30:00,2026-03-02 15:31:24,2026-03-02 15:32:39
2026-03-02 15:48:14,2026-03-09 09:30:00,2026-03-02 15:48:30,2026-03-02 15:48:27
2026-03-02 15:48:27,2026-03-09 09:30:00,,
2026-03-02 15:51:14,2026-03-09 09:30:00,2026-03-02 15:51:50,2026-03-02 15:51:55
2026-03-02 15:58:50,2026-03-09 09:30:00,,
2026-03-03 09:53:53,2026-03-09 09:30:00,,
2026-03-03 09:58:15,2026-03-09 09:30:00,2026-03-03 09:58:38,2026-03-03 09:58:53
2026-03-03 09:58:53,2026-03-09 09:30:00,,
2026-03-03 10:01:33,2026-03-09 09:30:00,2026-03-03 10:01:38,2026-03-03 10:01:40
2026-03-03 10:02:44,2026-03-09 09:30:00,,
2026-03-03 10:06:27,2026-03-09 09:30:00,2026-03-03 10:06:32,2026-03-03 10:06:42
2026-03-03 10:10:09,2026-03-09 09:30:00,,
2026-03-03 10:10:41,2026-03-09 09:30:00,,
2026-03-03 10:20:56,2026-03-09 09:30:00,2026-03-03 10:20:59,2026-03-03 10:21:01
2026-03-03 10:20:59,2026-03-09 09:30:00,,
2026-03-03 10:22:12,2026-03-09 09:30:00,2026-03-03 10:22:41,2026-03-03 10:22:16
2026-03-03 10:28:40,2026-03-09 09:30:00,2026-03-03 10:29:05,2026-03-03 10:28:53
2026-03-03 10:28:53,2026-03-09 09:30:00,,
2026-03-03 10:31:27,2026-03-09 09:30:00,2026-03-03 10:31:50,2026-03-03 10:31:34
2026-03-03 10:31:34,2026-03-09 09:30:00,,
2026-03-03 10:33:09,2026-03-09 09:30:00,,
2026-03-03 10:55:53,2026-03-09 09:30:00,,
2026-03-03 10:57:09,2026-03-09 09:30:00,2026-03-03 10:57:25,2026-03-03 10:57:11
2026-03-03 10:57:11,2026-03-09 09:30:00,,
2026-03-03 11:09:17,2026-03-09 09:30:00,2026-03-03 11:09:23,2026-03-03 11:09:26
2026-03-03 11:12:23,2026-03-09 09:30:00,,
2026-03-03 11:18:00,2026-03-09 09:30:00,2026-03-03 11:18:22,2026-03-03 11:18:55
2026-03-03 11:18:22,2026-03-09 09:30:00,,
2026-03-03 11:22:36,2026-03-09 09:30:00,2026-03-03 11:22:47,2026-03-03 11:22:56
2026-03-03 11:22:47,2026-03-09 09:30:00,,
2026-03-03 11:31:41,2026-03-09 09:30:00,,
2026-03-03 11:40:47,2026-03-09 09:30:00,,
2026-03-03 11:44:09,2026-03-09 09:30:00,2026-03-03 11:44:12,2026-03-03 11:44:56
2026-03-03 11:46:44,2026-03-09 09:30:00,2026-03-03 11:47:02,2026-03-03 11:46:45
2026-03-03 11:46:45,2026-03-09 09:30:00,,
2026-03-03 11:50:53,2026-03-09 09:30:00,2026-03-03 11:51:24,2026-03-03 11:51:01
2026-03-03 11:51:01,2026-03-09 09:30:00,,
2026-03-03 11:58:53,2026-03-09 09:30:00,2026-03-03 11:59:04,2026-03-03 11:59:27
2026-03-03 11:59:04,2026-03-09 09:30:00,,
2026-03-03 11:59:16,2026-03-09 09:30:00,2026-03-03 11:59:50,2026-03-03 11:59:27
2026-03-03 12:06:43,2026-03-09 09:30:00,2026-03-03 12:07:03,2026-03-03 12:07:35
2026-03-03 12:07:03,2026-03-09 09:30:00,,
2026-03-03 12:07:22,2026-03-09 09:30:00,2026-03-03 12:07:49,2026-03-03 12:07:35
2026-03-03 12:11:26,2026-03-09 09:30:00,2026-03-03 12:11:57,2026-03-03 12:12:03
2026-03-03 12:11:57,2026-03-09 09:30:00,,
2026-03-03 12:18:43,2026-03-09 09:30:00,2026-03-03 12:18:46,2026-03-03 12:19:04
2026-03-03 12:18:46,2026-03-09 09:30:00,,
2026-03-03 12:23:20,2026-03-09 09:30:00,2026-03-03 12:23:41,2026-03-03 12:24:36
2026-03-03 12:29:14,2026-03-09 09:30:00,,
2026-03-03 12:40:55,2026-03-09 09:30:00,,
2026-03-03 12:57:45,2026-03-09 09:30:00,2026-03-03 12:58:24,2026-03-03 12:57:48
2026-03-03 12:57:48,2026-03-09 09:30:00,,
2026-03-03 13:02:00,2026-03-09 09:30:00,2026-03-03 13:02:24,2026-03-03 13:02:04
2026-03-03 13:02:04,2026-03-09 09:30:00,,
2026-03-03 13:17:11,2026-03-09 09:30:00,,
2026-03-03 13:23:51,2026-03-09 09:30:00,2026-03-03 13:23:57,2026-03-03 13:23:58
2026-03-03 13:24:15,2026-03-09 09:30:00,2026-03-03 13:25:01,2026-03-03 13:24:37
2026-03-03 13:24:37,2026-03-09 09:30:00,,
2026-03-03 13:33:23,2026-03-09 09:30:00,2026-03-03 13:34:07,2026-03-03 13:33:32
2026-03-03 13:33:32,2026-03-09 09:30:00,,
2026-03-03 13:37:40,2026-03-09 09:30:00,2026-03-03 13:37:51,2026-03-03 13:38:21
2026-03-03 13:37:51,2026-03-09 09:30:00,,
2026-03-03 14:09:02,2026-03-09 09:30:00,2026-03-03 14:09:55,2026-03-03 14:09:16
2026-03-03 14:15:34,2026-03-09 09:30:00,,
2026-03-03 14:20:51,2026-03-09 09:30:00,2026-03-03 14:21:35,2026-03-03 14:21:23
2026-03-03 14:21:23,2026-03-09 09:30:00,,
2026-03-03 14:41:29,2026-03-09 09:30:00,,
2026-03-03 14:54:59,2026-03-09 09:30:00,2026-03-03 14:55:11,2026-03-03 14:55:22
2026-03-03 14:55:11,2026-03-09 09:30:00,,
2026-03-03 15:05:40,2026-03-09 09:30:00,2026-03-03 15:05:41,2026-03-03 15:05:55
2026-03-03 15:31:46,2026-03-09 09:30:00,2026-03-03 15:32:06,2026-03-03 15:34:27
2026-03-03 15:36:33,2026-03-09 09:30:00,,
2026-03-03 15:43:07,2026-03-09 09:30:00,2026-03-03 15:43:27,2026-03-03 15:43:15
2026-03-03 15:43:45,2026-03-09 09:30:00,2026-03-03 15:43:54,2026-03-03 15:43:58
2026-03-03 15:43:54,2026-03-09 09:30:00,,
2026-03-03 15:45:08,2026-03-09 09:30:00,2026-03-03 15:45:41,2026-03-03 15:45:52
2026-03-03 15:45:41,2026-03-09 09:30:00,,
2026-03-03 15:49:33,2026-03-09 09:30:00,,
2026-03-03 15:49:40,2026-03-09 09:30:00,2026-03-03 15:49:48,2026-03-03 15:50:00
2026-03-03 15:49:48,2026-03-09 09:30:00,,
2026-03-03 15:55:53,2026-03-09 09:30:00,2026-03-03 15:56:00,2026-03-03 15:56:11
2026-03-03 15:56:00,2026-03-09 09:30:00,,
2026-03-03 15:57:21,2026-03-09 09:30:00,2026-03-03 15:57:31,2026-03-03 15:57:38
2026-03-03 15:58:02,2026-03-09 09:30:00,2026-03-03 15:58:11,2026-03-03 15:58:03
2026-03-03 15:58:03,2026-03-09 09:30:00,,
2026-03-03 15:58:33,2026-03-09 09:30:00,2026-03-03 15:58:59,2026-03-03 15:58:53
2026-03-03 15:58:53,2026-03-09 09:30:00,,
2026-03-04 09:42:07,2026-03-09 09:42:10,2026-03-04 09:42:21,2026-03-04 09:42:15
2026-03-04 09:46:14,2026-03-09 09:46:14,,
2026-03-04 09:52:13,2026-03-09 09:52:34,2026-03-04 09:52:28,2026-03-04 09:52:18
2026-03-04 09:52:18,2026-03-09 09:52:34,,
2026-03-04 09:55:11,2026-03-09 09:55:27,,
2026-03-04 09:55:35,2026-03-09 09:55:35,2026-03-04 09:55:38,2026-03-04 09:55:36
2026-03-04 09:55:36,2026-03-09 09:55:36,,
2026-03-04 09:56:46,2026-03-09 09:57:04,,
2026-03-04 10:01:13,2026-03-09 10:01:13,2026-03-04 10:01:20,2026-03-04 10:01:14
2026-03-04 10:01:14,2026-03-09 10:01:54,,
2026-03-04 10:01:48,2026-03-09 10:01:54,2026-03-04 10:01:58,2026-03-04 10:01:49
2026-03-04 10:01:49,2026-03-09 10:01:54,,
2026-03-04 10:04:17,2026-03-09 10:04:37,2026-03-04 10:04:21,2026-03-04 10:04:18
2026-03-04 10:05:21,2026-03-09 10:05:41,2026-03-04 10:05:22,2026-03-04 10:05:24
2026-03-04 10:05:22,2026-03-09 10:05:41,,
2026-03-04 10:05:36,2026-03-09 10:05:41,,
2026-03-04 10:07:25,2026-03-09 10:07:31,2026-03-04 10:07:26,2026-03-04 10:07:52
2026-03-04 10:07:26,2026-03-09 10:07:31,,
2026-03-04 10:07:35,2026-03-09 10:08:02,2026-03-04 10:07:52,2026-03-04 10:07:41
2026-03-04 10:07:41,2026-03-09 10:08:02,,
2026-03-04 10:09:32,2026-03-09 10:09:42,2026-03-04 10:09:37,2026-03-04 10:09:33
2026-03-04 10:09:33,2026-03-09 10:09:42,,
2026-03-04 10:09:49,2026-03-09 10:10:48,,
2026-03-04 10:10:36,2026-03-09 10:10:48,2026-03-04 10:10:39,2026-03-04 10:10:44
2026-03-04 10:12:02,2026-03-09 10:12:05,,
2026-03-04 10:14:21,2026-03-09 10:14:21,2026-03-04 10:14:22,2026-03-04 10:14:23
2026-03-04 10:14:57,2026-03-09 10:15:02,,
2026-03-04 10:15:15,2026-03-09 10:15:24,2026-03-04 10:15:17,2026-03-04 10:15:23
2026-03-04 10:15:17,2026-03-09 10:15:24,,
2026-03-04 10:16:48,2026-03-09 10:16:53,2026-03-04 10:16:53,2026-03-04 10:16:52
2026-03-04 10:17:28,2026-03-09 10:17:28,2026-03-04 10:17:39,2026-03-04 10:17:29
2026-03-04 10:19:14,2026-03-09 10:19:29,2026-03-04 10:19:16,2026-03-04 10:19:22
2026-03-04 10:19:16,2026-03-09 10:19:29,,
2026-03-04 10:20:35,2026-03-09 10:20:51,2026-03-04 10:20:53,2026-03-04 10:20:43
2026-03-04 10:20:43,2026-03-09 10:20:51,,
2026-03-04 10:21:29,2026-03-09 10:21:45,,
2026-03-04 10:22:14,2026-03-09 10:22:26,2026-03-04 10:22:39,2026-03-04 10:22:23
2026-03-04 10:22:23,2026-03-09 10:22:26,,
2026-03-04 10:22:29,2026-03-09 10:22:30,2026-03-04 10:22:39,2026-03-04 10:22:35
2026-03-04 10:22:35,2026-03-09 10:22:53,,
2026-03-04 10:22:38,2026-03-09 10:22:53,2026-03-04 10:22:39,2026-03-04 10:22:44
2026-03-04 10:23:30,2026-03-09 10:23:34,,
2026-03-04 10:24:00,2026-03-09 10:24:34,2026-03-04 10:24:03,2026-03-04 10:24:34
2026-03-04 10:24:47,2026-03-09 10:24:53,2026-03-04 10:24:51,2026-03-04 10:25:38
2026-03-04 10:30:48,2026-03-09 10:31:00,,
2026-03-04 10:32:02,2026-03-09 10:33:02,,
2026-03-04 10:32:52,2026-03-09 10:33:02,2026-03-04 10:33:10,2026-03-04 10:33:00
2026-03-04 10:33:23,2026-03-09 10:34:00,2026-03-04 10:33:52,2026-03-04 10:33:25
2026-03-04 10:36:01,2026-03-09 10:36:13,2026-03-04 10:36:18,2026-03-04 10:36:15
2026-03-04 10:38:05,2026-03-09 10:38:43,2026-03-04 10:38:09,2026-03-04 10:38:07
2026-03-04 10:38:48,2026-03-09 10:39:44,2026-03-04 10:38:56,2026-03-04 10:39:00
2026-03-04 10:38:56,2026-03-09 10:39:44,,
2026-03-04 10:43:28,2026-03-09 10:43:54,2026-03-04 10:44:05,2026-03-04 10:43:35
2026-03-04 10:47:02,2026-03-09 10:47:08,2026-03-04 10:47:07,2026-03-04 10:47:11
2026-03-04 10:48:42,2026-03-09 10:48:57,2026-03-04 10:48:45,2026-03-04 10:48:47
2026-03-04 10:49:40,2026-03-09 10:50:03,2026-03-04 10:50:00,2026-03-04 10:49:42
2026-03-04 10:49:42,2026-03-09 10:50:03,,
2026-03-04 10:49:58,2026-03-09 10:50:03,2026-03-04 10:50:00,2026-03-04 10:50:29
2026-03-04 10:51:21,2026-03-09 10:51:44,2026-03-04 10:51:24,2026-03-04 10:51:31
2026-03-04 10:53:35,2026-03-09 10:53:44,,
2026-03-04 10:56:42,2026-03-09 10:56:48,,
2026-03-04 10:57:03,2026-03-09 10:57:52,,
2026-03-04 10:57:19,2026-03-09 10:57:52,2026-03-04 10:57:49,2026-03-04 10:57:25
2026-03-04 10:57:25,2026-03-09 10:57:52,,
2026-03-04 10:58:03,2026-03-09 10:58:09,2026-03-04 10:58:05,2026-03-04 10:58:07
2026-03-04 10:59:26,2026-03-09 10:59:38,,
2026-03-04 10:59:58,2026-03-09 11:00:09,,
2026-03-04 11:00:07,2026-03-09 11:00:09,2026-03-04 11:00:13,2026-03-04 11:00:08
2026-03-04 11:00:08,2026-03-09 11:00:09,,
2026-03-04 11:01:00,2026-03-09 11:01:02,2026-03-04 11:01:27,2026-03-04 11:01:11
2026-03-04 11:01:11,2026-03-09 11:01:17,,
2026-03-04 11:01:16,2026-03-09 11:01:17,2026-03-04 11:01:27,2026-03-04 11:01:18
2026-03-04 11:01:18,2026-03-09 11:01:28,,
2026-03-04 11:03:16,2026-03-09 11:03:24,,
2026-03-04 11:05:06,2026-03-09 11:05:17,,
2026-03-04 11:05:23,2026-03-09 11:05:43,2026-03-04 11:05:26,2026-03-04 11:05:36
2026-03-04 11:05:52,2026-03-09 11:06:34,2026-03-04 11:06:06,2026-03-04 11:05:56
2026-03-04 11:06:30,2026-03-09 11:06:34,2026-03-04 11:06:37,2026-03-04 11:06:54
2026-03-04 11:06:37,2026-03-09 11:06:40,,
2026-03-04 11:06:42,2026-03-09 11:07:09,2026-03-04 11:07:51,2026-03-04 11:06:54
2026-03-04 11:10:34,2026-03-09 11:10:52,2026-03-04 11:10:53,2026-03-04 11:10:36
2026-03-04 11:25:05,2026-03-09 11:25:13,2026-03-04 11:25:14,2026-03-04 11:25:27
2026-03-04 11:25:14,2026-03-09 11:25:18,,
2026-03-04 11:30:05,2026-03-09 11:30:50,2026-03-04 11:30:18,2026-03-04 11:30:09
2026-03-04 11:30:09,2026-03-09 11:30:50,,
2026-03-04 11:31:02,2026-03-09 11:31:05,,
2026-03-04 11:32:31,2026-03-09 11:32:47,2026-03-04 11:33:05,2026-03-04 11:33:23
2026-03-04 11:36:50,2026-03-09 11:36:53,2026-03-04 11:37:25,2026-03-04 11:37:10
2026-03-04 11:37:10,2026-03-09 11:39:02,,
2026-03-04 11:38:43,2026-03-09 11:39:02,2026-03-04 11:39:28,2026-03-04 11:39:11
2026-03-04 11:39:11,2026-03-09 11:39:13,,
2026-03-04 11:40:08,2026-03-09 11:41:56,,
2026-03-04 11:41:59,2026-03-09 11:42:39,2026-03-04 11:42:34,2026-03-04 11:42:55
2026-03-04 11:42:34,2026-03-09 11:42:39,,
2026-03-04 11:42:51,2026-03-09 11:43:08,2026-03-04 11:42:55,2026-03-04 11:43:04
2026-03-04 11:43:13,2026-03-09 11:43:28,2026-03-04 11:43:17,2026-03-04 11:43:24
2026-03-04 11:46:06,2026-03-09 11:46:09,2026-03-04 11:46:16,2026-03-04 11:46:32
2026-03-04 11:47:14,2026-03-09 11:47:18,2026-03-04 11:47:20,2026-03-04 11:48:10
2026-03-04 11:48:14,2026-03-09 11:49:08,2026-03-04 11:48:16,2026-03-04 11:48:29
2026-03-04 11:58:32,2026-03-09 11:58:40,,
2026-03-04 12:01:21,2026-03-09 12:02:13,2026-03-04 12:01:30,2026-03-04 12:01:35
2026-03-04 12:01:30,2026-03-09 12:02:13,,
2026-03-04 12:03:59,2026-03-09 12:04:24,2026-03-04 12:04:38,2026-03-04 12:04:17
2026-03-04 12:04:17,2026-03-09 12:04:24,,
2026-03-04 12:04:25,2026-03-09 12:04:41,2026-03-04 12:04:38,2026-03-04 12:04:57
2026-03-04 12:11:00,2026-03-09 12:11:32,,
2026-03-04 12:12:02,2026-03-09 12:12:54,,
2026-03-04 12:13:08,2026-03-09 12:13:28,,
2026-03-04 12:14:11,2026-03-09 12:14:33,2026-03-04 12:14:13,2026-03-04 12:14:39
2026-03-04 12:14:13,2026-03-09 12:14:33,,
2026-03-04 12:15:42,2026-03-09 12:16:20,,
2026-03-04 12:19:19,2026-03-09 12:19:49,2026-03-04 12:19:23,2026-03-04 12:20:02
2026-03-04 12:19:23,2026-03-09 12:19:49,,
2026-03-04 12:23:13,2026-03-09 12:23:40,,
2026-03-04 12:27:08,2026-03-09 12:27:54,,
2026-03-04 12:34:00,2026-03-09 12:34:27,2026-03-04 12:34:30,2026-03-04 12:34:18
2026-03-04 12:35:50,2026-03-09 12:36:15,2026-03-04 12:36:19,2026-03-04 12:35:58
2026-03-04 12:35:58,2026-03-09 12:36:15,,
2026-03-04 12:38:05,2026-03-09 12:38:05,,
2026-03-04 12:38:18,2026-03-09 12:38:21,2026-03-04 12:38:29,2026-03-04 12:38:39
2026-03-04 12:39:55,2026-03-09 12:41:05,2026-03-04 12:40:10,2026-03-04 12:40:34
2026-03-04 12:44:51,2026-03-09 12:44:51,,
2026-03-04 12:46:01,2026-03-09 12:46:01,2026-03-04 12:46:08,2026-03-04 12:46:20
2026-03-04 12:51:04,2026-03-09 12:51:30,2026-03-04 12:51:56,2026-03-04 12:51:40
2026-03-04 12:51:40,2026-03-09 12:51:49,,
2026-03-04 12:52:44,2026-03-09 12:53:27,,
2026-03-04 12:55:17,2026-03-09 12:56:00,,
2026-03-04 12:56:11,2026-03-09 12:56:41,,
2026-03-04 12:56:20,2026-03-09 12:56:41,2026-03-04 12:56:43,2026-03-04 12:57:03
2026-03-04 13:12:45,2026-03-09 13:13:12,2026-03-04 13:14:08,2026-03-04 13:13:22
2026-03-04 13:18:14,2026-03-09 13:18:18,2026-03-04 13:18:30,2026-03-04 13:18:19
2026-03-04 13:20:53,2026-03-09 13:21:07,,
2026-03-04 13:21:24,2026-03-09 13:21:51,,
2026-03-04 13:22:08,2026-03-09 13:22:16,2026-03-04 13:22:22,2026-03-04 13:22:50
2026-03-04 13:22:22,2026-03-09 13:23:14,,
2026-03-04 13:25:24,2026-03-09 13:25:53,,
2026-03-04 13:26:27,2026-03-09 13:26:56,2026-03-04 13:26:32,2026-03-04 13:26:41
2026-03-04 13:27:24,2026-03-09 13:28:45,2026-03-04 13:27:30,2026-03-04 13:27:27
2026-03-04 13:27:27,2026-03-09 13:28:45,,
2026-03-04 13:28:04,2026-03-09 13:28:45,2026-03-04 13:28:16,2026-03-04 13:28:34
2026-03-04 13:30:03,2026-03-09 13:30:15,,
2026-03-04 13:43:02,2026-03-09 13:44:15,2026-03-04 13:44:24,2026-03-04 13:43:14
2026-03-04 13:43:14,2026-03-09 13:44:15,,
2026-03-04 13:45:30,2026-03-09 13:46:36,2026-03-04 13:45:35,2026-03-04 13:46:24
2026-03-04 13:45:35,2026-03-09 13:46:36,,
2026-03-04 13:46:06,2026-03-09 13:46:36,2026-03-04 13:46:24,2026-03-04 13:46:26
2026-03-04 13:47:25,2026-03-09 13:47:38,2026-03-04 13:47:46,2026-03-04 13:48:42
2026-03-04 13:53:38,2026-03-09 13:53:47,2026-03-04 13:53:46,2026-03-04 13:54:22
2026-03-04 13:53:46,2026-03-09 13:53:47,,
2026-03-04 13:54:10,2026-03-09 13:54:16,2026-03-04 13:55:24,2026-03-04 13:54:22
2026-03-04 14:08:01,2026-03-09 14:08:04,2026-03-04 14:09:45,2026-03-04 14:08:44
2026-03-04 14:09:47,2026-03-09 14:10:50,2026-03-04 14:10:18,2026-03-04 14:11:15
2026-03-04 14:10:18,2026-03-09 14:10:50,,
2026-03-04 14:13:50,2026-03-09 14:14:05,,
2026-03-04 14:21:43,2026-03-09 14:21:49,,
2026-03-04 14:22:37,2026-03-09 14:23:00,2026-03-04 14:23:08,2026-03-04 14:24:52
2026-03-04 14:25:40,2026-03-09 14:26:07,2026-03-04 14:26:07,2026-03-04 14:27:45
2026-03-04 14:28:19,2026-03-09 14:28:19,,
2026-03-04 14:29:09,2026-03-09 14:29:14,2026-03-04 14:29:29,2026-03-04 14:29:55
2026-03-04 14:31:33,2026-03-09 14:32:25,2026-03-04 14:32:16,2026-03-04 14:31:35
2026-03-04 14:31:35,2026-03-09 14:32:25,,
2026-03-04 14:36:34,2026-03-09 14:36:47,,
2026-03-04 14:38:01,2026-03-09 14:38:01,,
2026-03-04 14:43:37,2026-03-09 14:43:40,2026-03-04 14:43:49,2026-03-04 14:44:06
2026-03-04 14:44:21,2026-03-09 14:44:28,2026-03-04 14:46:57,2026-03-04 14:45:01
2026-03-04 14:45:01,2026-03-09 14:45:01,,
2026-03-04 14:45:58,2026-03-09 14:46:02,2026-03-04 14:46:57,2026-03-04 14:46:14
2026-03-04 14:46:14,2026-03-09 14:46:18,,
2026-03-04 14:46:25,2026-03-09 14:46:43,2026-03-04 14:46:57,2026-03-04 14:46:54
2026-03-04 14:46:54,2026-03-09 14:46:55,,
2026-03-04 14:54:12,2026-03-09 14:54:37,2026-03-04 14:54:53,2026-03-04 14:58:57
2026-03-04 15:01:50,2026-03-09 15:02:31,2026-03-04 15:02:02,2026-03-04 15:02:48
2026-03-04 15:02:02,2026-03-09 15:02:31,,
2026-03-04 15:02:20,2026-03-09 15:02:31,2026-03-04 15:02:48,2026-03-04 15:05:14
2026-03-04 15:05:14,2026-03-09 15:05:34,,
2026-03-04 15:06:31,2026-03-09 15:06:55,2026-03-04 15:08:08,2026-03-04 15:06:46
2026-03-04 15:08:19,2026-03-09 15:08:44,2026-03-04 15:08:51,2026-03-04 15:10:02
2026-03-04 15:08:51,2026-03-09 15:09:07,,
2026-03-04 15:16:05,2026-03-09 15:16:52,,
2026-03-04 15:20:14,2026-03-09 15:20:15,2026-03-04 15:20:22,2026-03-04 15:20:57
2026-03-04 15:20:22,2026-03-09 15:20:22,,
2026-03-04 15:21:13,2026-03-09 15:21:13,2026-03-04 15:21:16,2026-03-04 15:21:26
2026-03-04 15:23:23,2026-03-09 15:23:29,2026-03-04 15:23:33,2026-03-04 15:23:54
2026-03-04 15:23:33,2026-03-09 15:23:35,,
2026-03-04 15:24:43,2026-03-09 15:24:46,2026-03-04 15:24:58,2026-03-04 15:24:47
2026-03-04 15:25:46,2026-03-09 15:25:52,,
2026-03-04 15:27:07,2026-03-09 15:27:08,,
2026-03-04 15:29:06,2026-03-09 15:29:17,,
2026-03-04 15:30:17,2026-03-09 15:30:18,2026-03-04 15:31:19,2026-03-04 15:30:45
2026-03-04 15:30:45,2026-03-09 15:30:46,,
2026-03-04 15:31:14,2026-03-09 15:31:14,2026-03-04 15:31:19,2026-03-04 15:32:08
2026-03-04 15:32:08,2026-03-09 15:32:08,,
2026-03-04 15:33:13,2026-03-09 15:33:32,,
2026-03-04 15:33:48,2026-03-09 15:34:13,2026-03-04 15:33:52,2026-03-04 15:34:09
2026-03-04 15:34:09,2026-03-09 15:34:13,,
2026-03-04 15:34:38,2026-03-09 15:34:55,,
2026-03-04 15:37:14,2026-03-09 15:37:19,,
2026-03-04 15:37:28,2026-03-09 15:37:30,2026-03-04 15:37:53,2026-03-04 15:37:48
2026-03-04 15:37:48,2026-03-09 15:37:53,,
2026-03-04 15:37:52,2026-03-09 15:37:53,2026-03-04 15:37:53,2026-03-04 15:39:09
2026-03-04 15:41:17,2026-03-09 15:41:17,,
2026-03-04 15:48:13,2026-03-09 15:48:59,,
2026-03-04 15:48:24,2026-03-09 15:48:59,2026-03-04 15:48:43,2026-03-04 15:49:20
2026-03-04 15:50:47,2026-03-09 15:51:02,2026-03-04 15:51:05,2026-03-04 15:50:49
2026-03-04 15:54:50,2026-03-09 15:54:56,,
2026-03-04 15:59:17,2026-03-09 15:59:22,2026-03-04 15:59:22,2026-03-04 15:59:19
2026-03-05 10:20:59,2026-03-10 10:22:11,2026-03-05 10:22:13,2026-03-05 10:22:32
2026-03-05 10:22:13,2026-03-10 10:23:19,,
2026-03-05 11:10:58,2026-03-10 11:12:59,2026-03-05 11:11:04,2026-03-05 11:11:58
2026-03-05 11:26:43,2026-03-10 11:27:38,,
2026-03-05 11:31:56,2026-03-10 11:32:46,,
2026-03-05 11:33:35,2026-03-10 11:33:44,2026-03-05 11:34:02,2026-03-05 11:33:53
2026-03-05 11:33:53,2026-03-10 11:34:17,,
2026-03-05 11:36:19,2026-03-10 11:36:22,,
2026-03-05 11:51:03,2026-03-10 11:51:23,2026-03-05 11:51:08,2026-03-05 11:51:56
2026-03-05 12:05:26,2026-03-10 12:05:34,2026-03-05 12:05:39,2026-03-05 12:06:24
2026-03-05 12:08:41,2026-03-10 12:10:12,2026-03-05 12:09:49,2026-03-05 12:10:01
2026-03-05 12:09:49,2026-03-10 12:10:12,,
2026-03-05 12:13:55,2026-03-10 12:14:41,2026-03-05 12:14:23,2026-03-05 12:13:56
2026-03-05 12:19:56,2026-03-10 12:22:20,,
2026-03-05 12:28:57,2026-03-10 12:29:14,2026-03-05 12:29:00,2026-03-05 12:28:58
2026-03-05 12:31:41,2026-03-10 12:31:46,,
2026-03-05 12:31:50,2026-03-10 12:31:56,2026-03-05 12:32:01,2026-03-05 12:32:14
2026-03-05 12:32:01,2026-03-10 12:32:05,,
2026-03-05 12:35:13,2026-03-10 12:35:54,2026-03-05 12:35:24,2026-03-05 12:36:05
2026-03-05 12:35:24,2026-03-10 12:35:54,,
2026-03-05 12:43:06,2026-03-10 12:44:43,2026-03-05 12:43:13,2026-03-05 12:43:15
2026-03-05 12:43:25,2026-03-10 12:44:43,2026-03-05 12:43:53,2026-03-05 12:43:31
2026-03-05 12:43:31,2026-03-10 12:44:43,,
2026-03-05 12:57:09,2026-03-10 12:57:18,,
2026-03-05 13:11:23,2026-03-10 13:11:27,,
2026-03-05 13:21:40,2026-03-10 13:22:04,,
2026-03-05 13:21:43,2026-03-10 13:22:04,2026-03-05 13:21:44,2026-03-05 13:22:05
2026-03-05 13:21:44,2026-03-10 13:22:04,,
2026-03-05 13:22:26,2026-03-10 13:23:08,,
2026-03-05 13:26:44,2026-03-10 13:26:49,2026-03-05 13:27:32,2026-03-05 13:27:11
2026-03-05 13:40:37,2026-03-10 13:40:46,,
2026-03-05 13:41:51,2026-03-10 13:42:18,2026-03-05 13:42:11,2026-03-05 13:42:13
2026-03-05 13:45:57,2026-03-10 13:46:33,2026-03-05 13:46:06,2026-03-05 13:46:41
2026-03-05 13:53:53,2026-03-10 13:54:35,2026-03-05 13:54:24,2026-03-05 13:54:09
2026-03-05 13:56:08,2026-03-10 13:57:19,,
2026-03-05 14:08:22,2026-03-10 14:08:22,2026-03-05 14:08:46,2026-03-05 14:09:05
2026-03-05 14:33:16,2026-03-10 14:33:33,2026-03-05 14:33:30,2026-03-05 14:34:02
2026-03-05 14:33:30,2026-03-10 14:33:33,,
2026-03-05 14:35:25,2026-03-10 14:35:37,2026-03-05 14:35:38,2026-03-05 14:35:50
2026-03-05 14:35:38,2026-03-10 14:36:22,,
2026-03-05 14:41:40,2026-03-10 14:41:54,2026-03-05 14:42:09,2026-03-05 14:41:59
2026-03-05 14:41:59,2026-03-10 14:42:13,,
2026-03-05 14:53:35,2026-03-10 14:53:47,2026-03-05 14:53:54,2026-03-05 14:53:38
2026-03-05 14:53:38,2026-03-10 14:53:47,,
2026-03-05 14:53:51,2026-03-10 14:55:04,2026-03-05 14:53:54,2026-03-05 14:54:08
2026-03-05 14:54:08,2026-03-10 14:55:04,,
2026-03-05 15:03:52,2026-03-10 15:04:13,,
2026-03-05 15:15:18,2026-03-10 15:16:00,2026-03-05 15:15:34,2026-03-05 15:15:26
2026-03-05 15:15:26,2026-03-10 15:16:00,,
2026-03-05 15:45:33,2026-03-10 15:46:16,,
2026-03-06 09:56:29,2026-03-11 09:59:14,2026-03-06 09:57:10,2026-03-06 09:56:32
2026-03-06 09:57:10,2026-03-11 09:59:14,,
2026-03-06 09:57:19,2026-03-11 09:59:14,2026-03-06 09:57:25,2026-03-06 09:57:56
2026-03-06 09:57:25,2026-03-11 09:59:14,,
2026-03-06 10:15:55,2026-03-11 10:17:15,2026-03-06 10:16:06,2026-03-06 10:16:01
2026-03-06 10:16:01,2026-03-11 10:17:15,,
2026-03-06 10:22:21,2026-03-11 10:22:27,,
2026-03-06 10:36:16,2026-03-11 10:36:25,2026-03-06 10:36:32,2026-03-06 10:36:24
2026-03-06 10:36:24,2026-03-11 10:36:25,,
2026-03-06 10:37:59,2026-03-11 10:38:34,,
2026-03-06 10:38:27,2026-03-11 10:38:34,2026-03-06 10:39:05,2026-03-06 10:38:59
2026-03-06 10:38:59,2026-03-11 10:40:24,,
2026-03-06 10:58:17,2026-03-11 10:58:27,2026-03-06 10:58:42,2026-03-06 10:58:33
2026-03-06 11:00:48,2026-03-11 11:01:20,2026-03-06 11:01:08,2026-03-06 11:01:04
2026-03-06 11:01:04,2026-03-11 11:01:20,,
2026-03-06 11:23:59,2026-03-11 11:25:02,,
2026-03-06 11:27:39,2026-03-11 11:28:04,2026-03-06 11:28:11,2026-03-06 11:27:40
2026-03-06 11:48:49,2026-03-11 11:49:08,,
2026-03-06 12:01:03,2026-03-11 12:02:09,,
2026-03-06 12:45:35,2026-03-11 12:46:23,,
2026-03-06 12:45:51,2026-03-11 12:46:23,2026-03-06 12:46:42,2026-03-06 12:46:13
2026-03-06 13:08:44,2026-03-11 13:09:00,2026-03-06 13:09:19,2026-03-06 13:08:59
2026-03-06 13:08:59,2026-03-11 13:09:00,,
2026-03-06 13:17:28,2026-03-11 13:18:58,,
2026-03-06 13:21:06,2026-03-11 13:22:59,,
2026-03-06 13:38:54,2026-03-11 13:39:01,2026-03-06 13:39:16,2026-03-06 13:40:33
2026-03-06 13:39:16,2026-03-11 13:40:06,,
2026-03-06 13:49:38,2026-03-11 13:50:15,,
2026-03-06 13:50:21,2026-03-11 13:50:58,2026-03-06 13:51:19,2026-03-06 13:50:52
2026-03-06 14:07:31,2026-03-11 14:07:54,2026-03-06 14:08:01,2026-03-06 14:07:56
2026-03-06 14:07:56,2026-03-11 14:08:23,,
2026-03-06 14:17:19,2026-03-11 14:17:57,2026-03-06 14:18:22,2026-03-06 14:17:36
2026-03-06 14:17:36,2026-03-11 14:17:57,,
2026-03-06 14:30:27,2026-03-11 14:30:41,,
2026-03-06 14:46:45,2026-03-11 14:48:25,2026-03-06 14:47:06,2026-03-06 14:47:20
2026-03-06 14:52:41,2026-03-11 14:54:03,,
2026-03-06 15:02:29,2026-03-11 15:02:48,2026-03-06 15:02:49,2026-03-06 15:02:34
2026-03-06 15:02:34,2026-03-11 15:02:48,,
2026-03-06 15:07:40,2026-03-11 15:07:41,2026-03-06 15:08:07,2026-03-06 15:07:42
2026-03-06 15:07:42,2026-03-11 15:08:14,,
2026-03-06 15:11:29,2026-03-11 15:11:49,2026-03-06 15:11:35,2026-03-06 15:11:30
2026-03-06 15:20:50,2026-03-11 15:22:00,,
2026-03-06 15:22:29,2026-03-11 15:22:35,2026-03-06 15:23:23,2026-03-06 15:22:42
2026-03-06 15:27:25,2026-03-11 15:28:51,2026-03-06 15:28:00,2026-03-06 15:27:41
2026-03-06 15:28:32,2026-03-11 15:28:51,2026-03-06 15:29:02,2026-03-06 15:28:46
2026-03-06 15:30:27,2026-03-11 15:31:35,2026-03-06 15:30:31,2026-03-06 15:30:40
2026-03-06 15:30:31,2026-03-11 15:31:35,,
2026-03-06 15:34:21,2026-03-11 15:34:29,2026-03-06 15:34:37,2026-03-06 15:35:04
2026-03-06 15:34:37,2026-03-11 15:34:47,,
2026-03-06 15:42:08,2026-03-11 15:42:35,2026-03-06 15:42:51,2026-03-06 15:42:25
2026-03-06 15:42:25,2026-03-11 15:42:35,,
2026-03-06 15:51:30,2026-03-11 15:52:26,,
2026-03-06 15:53:10,2026-03-11 15:53:20,2026-03-06 15:54:28,2026-03-06 15:54:10
2026-03-06 15:58:03,2026-03-11 15:58:38,2026-03-06 15:58:22,2026-03-06 15:58:14
2026-03-06 15:58:14,2026-03-11 15:58:38,,
2026-03-09 10:21:50,2026-03-16 09:30:00,2026-03-09 10:22:26,2026-03-09 10:22:28
2026-03-09 10:57:00,2026-03-16 09:30:00,2026-03-09 10:57:52,2026-03-09 10:58:09
2026-03-09 11:15:13,2026-03-16 09:30:00,,
2026-03-09 11:15:18,2026-03-16 09:30:00,2026-03-09 11:16:28,2026-03-09 11:16:15
2026-03-09 11:16:15,2026-03-16 09:30:00,,
2026-03-09 11:22:13,2026-03-16 09:30:00,2026-03-09 11:22:17,2026-03-09 11:23:21
2026-03-09 11:22:17,2026-03-16 09:30:00,,
2026-03-09 11:24:23,2026-03-16 09:30:00,,
2026-03-09 11:25:13,2026-03-16 09:30:00,2026-03-09 11:25:18,2026-03-09 11:26:39
2026-03-09 11:51:04,2026-03-16 09:30:00,2026-03-09 11:51:46,2026-03-09 11:51:29
2026-03-09 11:54:25,2026-03-16 09:30:00,2026-03-09 11:56:53,2026-03-09 11:55:27
2026-03-09 12:25:49,2026-03-16 09:30:00,2026-03-09 12:26:06,2026-03-09 12:26:13
2026-03-09 12:27:54,2026-03-16 09:30:00,2026-03-09 12:29:35,2026-03-09 12:28:26
2026-03-09 12:28:26,2026-03-16 09:30:00,,
2026-03-09 13:47:38,2026-03-16 09:30:00,2026-03-09 13:48:38,2026-03-09 13:50:01
2026-03-09 13:48:38,2026-03-16 09:30:00,,
2026-03-09 14:06:47,2026-03-16 09:30:00,2026-03-09 14:07:20,2026-03-09 14:08:04
2026-03-09 14:11:27,2026-03-16 09:30:00,2026-03-09 14:12:33,2026-03-09 14:14:05
2026-03-09 14:21:21,2026-03-16 09:30:00,,
2026-03-09 14:29:14,2026-03-16 09:30:00,,
2026-03-09 14:46:02,2026-03-16 09:30:00,,
2026-03-09 14:46:43,2026-03-16 09:30:00,2026-03-09 14:48:46,2026-03-09 14:46:55
2026-03-09 14:46:55,2026-03-16 09:30:00,,
2026-03-09 15:00:00,2026-03-16 09:30:00,2026-03-09 15:00:01,2026-03-09 15:00:09
2026-03-09 15:00:01,2026-03-16 09:30:00,,
2026-03-09 15:12:16,2026-03-16 09:30:00,2026-03-09 15:14:02,2026-03-09 15:12:17
2026-03-09 15:17:02,2026-03-16 09:30:00,,
2026-03-09 15:17:29,2026-03-16 09:30:00,,
2026-03-09 15:33:06,2026-03-16 09:30:00,2026-03-09 15:33:32,2026-03-09 15:33:11
2026-03-09 15:33:11,2026-03-16 09:30:00,,
2026-03-09 15:57:10,2026-03-16 09:30:00,2026-03-09 15:57:23,2026-03-09 15:57:55
2026-03-09 15:57:23,2026-03-16 09:30:00,,
2026-03-09 15:59:45,2026-03-16 09:30:00,2026-03-09 15:59:48,2026-03-09 15:59:53
2026-03-10 09:51:19,2026-03-16 09:30:00,2026-03-10 09:51:28,2026-03-10 09:51:22
2026-03-10 10:07:52,2026-03-16 09:30:00,,
2026-03-10 10:31:18,2026-03-16 09:30:00,2026-03-10 10:32:30,2026-03-10 10:31:39
2026-03-10 10:31:39,2026-03-16 09:30:00,,
2026-03-10 10:33:57,2026-03-16 09:30:00,2026-03-10 10:34:14,2026-03-10 10:34:21
2026-03-10 10:45:38,2026-03-16 09:30:00,,
2026-03-10 10:53:51,2026-03-16 09:30:00,2026-03-10 10:59:12,2026-03-10 10:53:58
2026-03-10 10:53:58,2026-03-16 09:30:00,,
2026-03-10 11:02:03,2026-03-16 09:30:00,2026-03-10 11:04:07,2026-03-10 11:03:56
2026-03-10 11:03:56,2026-03-16 09:30:00,,
2026-03-10 11:06:02,2026-03-16 09:30:00,,
2026-03-10 11:09:45,2026-03-16 09:30:00,,
2026-03-10 11:18:05,2026-03-16 09:30:00,2026-03-10 11:19:21,2026-03-10 11:18:23
2026-03-10 11:22:02,2026-03-16 09:30:00,,
2026-03-10 11:22:10,2026-03-16 09:30:00,2026-03-10 11:23:21,2026-03-10 11:22:46
2026-03-10 11:32:46,2026-03-16 09:30:00,2026-03-10 11:33:44,2026-03-10 11:33:15
2026-03-10 11:34:17,2026-03-16 09:30:00,2026-03-10 11:36:22,2026-03-10 11:34:43
2026-03-10 12:25:55,2026-03-16 09:30:00,2026-03-10 12:25:56,2026-03-10 12:26:23
2026-03-10 12:25:56,2026-03-16 09:30:00,,
2026-03-10 12:30:00,2026-03-16 09:30:00,2026-03-10 12:30:13,2026-03-10 12:31:38
2026-03-10 12:30:13,2026-03-16 09:30:00,,2026-03-12 09:30:53
2026-03-10 12:33:44,2026-03-16 09:30:00,2026-03-10 12:33:53,2026-03-10 12:33:46
2026-03-10 13:11:27,2026-03-16 09:30:00,2026-03-10 13:12:02,2026-03-10 13:13:28
2026-03-10 13:14:58,2026-03-16 09:30:00,2026-03-10 13:15:55,2026-03-10 13:17:06
2026-03-10 14:16:38,2026-03-16 09:30:00,2026-03-10 14:17:07,2026-03-10 14:16:46
2026-03-10 14:18:02,2026-03-16 09:30:00,2026-03-10 14:18:16,2026-03-10 14:18:03
2026-03-10 14:24:31,2026-03-16 09:30:00,2026-03-10 14:25:05,2026-03-10 14:24:48
2026-03-10 14:27:08,2026-03-16 09:30:00,2026-03-10 14:27:15,2026-03-10 14:27:18
2026-03-11 12:32:26,2026-03-16 12:32:57,2026-03-11 12:34:21,2026-03-11 12:34:58
2026-03-11 12:38:39,2026-03-16 12:39:49,2026-03-11 12:39:16,2026-03-11 12:43:24
2026-03-11 12:43:24,2026-03-16 12:43:57,,
2026-03-11 13:48:36,2026-03-16 13:50:23,2026-03-11 13:50:58,2026-03-11 13:50:15
2026-03-11 14:04:59,2026-03-16 14:05:47,2026-03-11 14:06:28,2026-03-11 14:06:53
2026-03-11 14:06:28,2026-03-16 14:06:32,,
2026-03-11 14:26:53,2026-03-16 14:27:35,2026-03-11 14:30:41,2026-03-11 14:28:09
2026-03-11 14:28:09,2026-03-16 14:28:38,,
2026-03-11 14:44:32,2026-03-16 14:44:49,2026-03-11 14:48:53,2026-03-11 14:45:47
2026-03-11 14:45:47,2026-03-16 14:45:49,,
2026-03-11 15:07:41,2026-03-16 15:07:47,2026-03-11 15:08:14,2026-03-11 15:08:39
2026-03-11 15:08:14,2026-03-16 15:08:18,,
2026-03-11 15:34:01,2026-03-16 15:34:24,2026-03-11 15:34:29,2026-03-11 15:34:32
2026-03-12 10:09:59,2026-03-17 10:11:34,,
2026-03-12 10:50:34,2026-03-17 10:50:35,2026-03-12 10:50:36,2026-03-12 10:50:45
2026-03-12 11:07:30,2026-03-17 11:08:07,2026-03-12 11:07:49,2026-03-12 11:07:46
2026-03-12 11:07:46,2026-03-17 11:08:07,,
2026-03-12 11:08:36,2026-03-17 11:10:06,2026-03-12 11:10:01,2026-03-12 11:11:29
2026-03-12 11:12:02,2026-03-17 11:13:36,2026-03-12 11:12:11,2026-03-12 11:12:17
2026-03-12 11:12:11,2026-03-17 11:13:36,,
2026-03-12 11:21:50,2026-03-17 11:22:02,,
2026-03-12 11:39:21,2026-03-17 11:40:36,2026-03-12 11:39:23,2026-03-12 11:39:31
2026-03-12 11:39:23,2026-03-17 11:40:36,,
2026-03-12 12:03:53,2026-03-17 12:04:05,2026-03-12 12:04:22,2026-03-12 12:04:10
2026-03-12 12:04:10,2026-03-17 12:04:48,,
2026-03-12 12:27:19,2026-03-17 12:27:27,2026-03-12 12:27:41,2026-03-12 12:27:25
2026-03-12 12:29:21,2026-03-17 12:30:51,,
2026-03-12 12:29:40,2026-03-17 12:30:51,2026-03-12 12:29:57,2026-03-12 12:29:47
2026-03-12 12:39:42,2026-03-17 12:41:45,2026-03-12 12:40:34,2026-03-12 12:41:19
2026-03-12 12:43:11,2026-03-17 12:43:21,2026-03-12 12:43:55,2026-03-12 12:43:31
2026-03-12 12:43:31,2026-03-17 12:43:33,,
2026-03-12 12:50:23,2026-03-17 12:51:46,,
2026-03-12 12:51:07,2026-03-17 12:51:46,,
2026-03-12 12:56:41,2026-03-17 12:59:10,,
2026-03-12 13:05:01,2026-03-17 13:05:03,2026-03-12 13:05:05,2026-03-12 13:05:36
2026-03-12 13:17:09,2026-03-17 13:17:22,2026-03-12 13:17:27,2026-03-12 13:17:28
2026-03-12 13:17:27,2026-03-17 13:19:04,,
2026-03-12 13:18:32,2026-03-17 13:19:04,,
2026-03-12 13:33:36,2026-03-17 13:35:01,2026-03-12 13:33:56,2026-03-12 13:33:39
2026-03-12 13:34:59,2026-03-17 13:35:01,,
2026-03-12 13:38:19,2026-03-17 13:38:37,2026-03-12 13:39:20,2026-03-12 13:38:34
2026-03-12 13:38:34,2026-03-17 13:38:37,,
2026-03-12 13:46:36,2026-03-17 13:48:46,2026-03-12 13:46:41,2026-03-12 13:47:06
2026-03-12 13:46:41,2026-03-17 13:48:46,,
2026-03-12 14:16:55,2026-03-17 14:17:01,2026-03-12 14:17:18,2026-03-12 14:18:07
2026-03-12 14:22:13,2026-03-17 14:22:25,,
2026-03-12 14:22:33,2026-03-17 14:22:35,2026-03-12 14:23:17,2026-03-12 14:23:01
2026-03-12 14:24:54,2026-03-17 14:25:12,,
2026-03-12 14:26:10,2026-03-17 14:26:18,,
2026-03-12 14:27:09,2026-03-17 14:27:13,2026-03-12 14:27:10,2026-03-12 14:27:21
2026-03-12 14:27:10,2026-03-17 14:27:13,,
2026-03-12 14:28:54,2026-03-17 14:29:55,,
2026-03-12 14:29:10,2026-03-17 14:29:55,2026-03-12 14:29:31,2026-03-12 14:29:15
2026-03-12 14:29:15,2026-03-17 14:29:55,,
2026-03-12 14:30:25,2026-03-17 14:30:36,,
2026-03-12 14:36:27,2026-03-17 14:37:56,,
2026-03-12 14:38:03,2026-03-17 14:39:10,2026-03-12 14:38:11,2026-03-12 14:38:20
2026-03-12 14:38:11,2026-03-17 14:39:10,,
2026-03-12 14:38:40,2026-03-17 14:39:10,,
2026-03-12 14:38:58,2026-03-17 14:39:10,2026-03-12 14:39:03,2026-03-12 14:39:05
2026-03-12 14:39:03,2026-03-17 14:39:10,,
2026-03-12 14:39:31,2026-03-17 14:39:35,,
2026-03-12 14:40:28,2026-03-17 14:40:52,2026-03-12 14:40:39,2026-03-12 14:41:04
2026-03-12 14:41:08,2026-03-17 14:41:18,2026-03-12 14:41:11,2026-03-12 14:41:24
2026-03-12 14:41:43,2026-03-17 14:41:51,2026-03-12 14:41:47,2026-03-12 14:41:46
2026-03-12 14:41:46,2026-03-17 14:41:51,,
2026-03-12 14:42:35,2026-03-17 14:43:34,,
2026-03-12 14:43:26,2026-03-17 14:43:34,,
2026-03-12 14:44:07,2026-03-17 14:44:41,,
2026-03-12 14:44:08,2026-03-17 14:44:41,2026-03-12 14:44:25,2026-03-12 14:44:11
2026-03-12 14:44:11,2026-03-17 14:44:41,,
2026-03-12 14:45:22,2026-03-17 14:46:26,2026-03-12 14:45:49,2026-03-12 14:45:24
2026-03-12 14:45:24,2026-03-17 14:46:26,,
2026-03-12 14:45:33,2026-03-17 14:46:26,2026-03-12 14:45:49,2026-03-12 14:45:46
2026-03-12 14:45:46,2026-03-17 14:46:26,,
2026-03-12 14:47:46,2026-03-17 14:50:01,2026-03-12 14:48:02,2026-03-12 14:47:51
2026-03-12 14:48:25,2026-03-17 14:50:01,,
2026-03-12 14:49:26,2026-03-17 14:50:01,2026-03-12 14:49:33,2026-03-12 14:49:28
2026-03-12 14:50:03,2026-03-17 14:52:01,,
2026-03-12 14:50:04,2026-03-17 14:52:01,2026-03-12 14:50:06,2026-03-12 14:50:38
2026-03-12 14:50:06,2026-03-17 14:52:01,,
2026-03-12 14:51:10,2026-03-17 14:52:01,2026-03-12 14:51:36,2026-03-12 14:51:18
2026-03-12 14:51:18,2026-03-17 14:52:01,,
2026-03-12 14:51:53,2026-03-17 14:52:01,2026-03-12 14:51:55,2026-03-12 14:51:59
2026-03-12 14:57:54,2026-03-17 14:58:32,,
2026-03-12 15:00:09,2026-03-17 15:00:52,2026-03-12 15:00:19,2026-03-12 15:00:35
2026-03-12 15:00:19,2026-03-17 15:00:52,,
2026-03-12 15:03:38,2026-03-17 15:04:02,2026-03-12 15:03:39,2026-03-12 15:04:00
2026-03-12 15:03:39,2026-03-17 15:04:02,,
2026-03-12 15:03:47,2026-03-17 15:04:02,2026-03-12 15:04:00,2026-03-12 15:04:02
2026-03-12 15:04:28,2026-03-17 15:04:53,2026-03-12 15:04:37,2026-03-12 15:04:49
2026-03-12 15:04:37,2026-03-17 15:04:53,,
2026-03-12 15:08:14,2026-03-17 15:08:23,2026-03-12 15:08:27,2026-03-12 15:08:18
2026-03-12 15:08:18,2026-03-17 15:08:23,,
2026-03-12 15:11:52,2026-03-17 15:11:58,,
2026-03-12 15:12:53,2026-03-17 15:14:22,2026-03-12 15:12:54,2026-03-12 15:13:27
2026-03-12 15:12:54,2026-03-17 15:14:22,,
2026-03-12 15:13:20,2026-03-17 15:14:22,2026-03-12 15:13:39,2026-03-12 15:13:27
2026-03-12 15:14:00,2026-03-17 15:14:22,,
2026-03-12 15:15:00,2026-03-17 15:15:18,2026-03-12 15:15:02,2026-03-12 15:15:03
2026-03-12 15:15:19,2026-03-17 15:15:26,2026-03-12 15:15:27,2026-03-12 15:15:23
2026-03-12 15:15:23,2026-03-17 15:15:26,,
2026-03-12 15:17:49,2026-03-17 15:17:50,2026-03-12 15:17:55,2026-03-12 15:17:52
2026-03-12 15:17:55,2026-03-17 15:19:08,,
2026-03-12 15:18:01,2026-03-17 15:19:08,2026-03-12 15:18:03,2026-03-12 15:18:02
2026-03-12 15:18:26,2026-03-17 15:19:08,2026-03-12 15:18:33,2026-03-12 15:18:51
2026-03-12 15:18:33,2026-03-17 15:19:08,,
2026-03-12 15:18:41,2026-03-17 15:19:08,2026-03-12 15:18:46,2026-03-12 15:18:51
2026-03-12 15:18:46,2026-03-17 15:19:08,,
2026-03-12 15:19:25,2026-03-17 15:19:28,2026-03-12 15:19:27,2026-03-12 15:19:38
2026-03-12 15:19:38,2026-03-17 15:19:41,,
2026-03-12 15:19:43,2026-03-17 15:20:23,2026-03-12 15:19:59,2026-03-12 15:20:06
2026-03-12 15:20:34,2026-03-17 15:21:00,2026-03-12 15:20:38,2026-03-12 15:20:41
2026-03-12 15:20:45,2026-03-17 15:21:00,2026-03-12 15:21:03,2026-03-12 15:20:46
2026-03-12 15:20:46,2026-03-17 15:21:00,,2026-03-16 09:33:32
2026-03-12 15:20:49,2026-03-17 15:21:00,2026-03-12 15:21:03,2026-03-12 15:20:50
2026-03-12 15:20:50,2026-03-17 15:21:00,,
2026-03-12 15:21:11,2026-03-17 15:21:19,2026-03-12 15:21:31,2026-03-12 15:21:24
2026-03-12 15:21:24,2026-03-17 15:21:33,,
2026-03-12 15:21:39,2026-03-17 15:22:20,,
2026-03-12 15:21:57,2026-03-17 15:22:20,2026-03-12 15:21:58,2026-03-12 15:22:05
2026-03-12 15:25:13,2026-03-17 15:25:30,2026-03-12 15:25:37,2026-03-12 15:26:31
2026-03-12 15:25:37,2026-03-17 15:26:10,,
2026-03-12 15:29:36,2026-03-17 15:29:45,2026-03-12 15:29:38,2026-03-12 15:29:50
2026-03-12 15:29:38,2026-03-17 15:29:45,,
2026-03-12 15:29:43,2026-03-17 15:29:45,2026-03-12 15:29:44,2026-03-12 15:29:50
2026-03-12 15:29:44,2026-03-17 15:29:45,,
2026-03-12 15:30:37,2026-03-17 15:31:34,2026-03-12 15:32:15,2026-03-12 15:30:54
2026-03-12 15:33:25,2026-03-17 15:33:34,2026-03-12 15:35:00,2026-03-12 15:34:44
2026-03-12 15:34:44,2026-03-17 15:36:58,,
2026-03-12 15:39:11,2026-03-17 15:39:11,2026-03-12 15:39:33,2026-03-12 15:39:12
2026-03-12 15:39:12,2026-03-17 15:39:30,,
2026-03-12 15:48:02,2026-03-17 15:48:08,,
2026-03-12 15:50:11,2026-03-17 15:50:17,2026-03-12 15:50:26,2026-03-12 15:50:16
2026-03-12 15:58:20,2026-03-17 15:58:39,2026-03-12 15:58:30,2026-03-12 15:58:54
2026-03-12 15:58:55,2026-03-17 15:58:55,2026-03-12 15:58:58,2026-03-12 15:58:57
2026-03-12 15:58:57,2026-03-17 15:59:03,,
2026-03-13 09:45:55,2026-03-18 09:46:01,2026-03-13 09:47:04,2026-03-13 09:49:22
2026-03-13 10:48:12,2026-03-18 10:48:24,2026-03-13 10:49:02,2026-03-13 10:50:18
2026-03-13 10:49:02,2026-03-18 10:49:21,,
2026-03-13 10:58:53,2026-03-18 10:58:59,,
2026-03-13 11:21:37,2026-03-18 11:21:43,,
2026-03-13 11:43:28,2026-03-18 11:45:05,,
2026-03-13 12:06:53,2026-03-18 12:08:01,,
2026-03-13 12:10:03,2026-03-18 12:10:44,,
2026-03-13 12:11:34,2026-03-18 12:13:27,,
2026-03-13 13:35:06,2026-03-18 13:38:01,,
2026-03-13 13:41:32,2026-03-18 13:43:26,2026-03-13 13:42:19,2026-03-13 13:41:35
2026-03-13 13:55:59,2026-03-18 13:56:26,2026-03-13 13:56:54,2026-03-13 13:56:16
2026-03-13 14:04:43,2026-03-18 14:05:00,,
2026-03-13 14:11:58,2026-03-18 14:12:46,2026-03-13 14:13:08,2026-03-13 14:12:17
2026-03-13 14:12:17,2026-03-18 14:12:46,,
2026-03-13 14:21:53,2026-03-18 14:22:20,2026-03-13 14:22:01,2026-03-13 14:22:21
2026-03-13 14:29:07,2026-03-18 14:30:04,,
2026-03-13 14:32:09,2026-03-18 14:32:25,2026-03-13 14:38:06,2026-03-13 14:32:36
2026-03-13 14:32:36,2026-03-18 14:32:57,,
2026-03-13 14:41:38,2026-03-18 14:41:58,2026-03-13 14:42:07,2026-03-13 14:43:23
2026-03-13 14:51:30,2026-03-18 14:51:38,2026-03-13 14:51:42,2026-03-13 14:52:06
2026-03-13 15:10:17,2026-03-18 15:10:38,2026-03-13 15:11:17,2026-03-13 15:10:29
2026-03-13 15:31:47,2026-03-18 15:32:06,2026-03-13 15:32:24,2026-03-13 15:31:51
2026-03-13 15:34:51,2026-03-18 15:34:55,2026-03-13 15:34:57,2026-03-13 15:35:07
2026-03-13 15:34:57,2026-03-18 15:35:07,,
2026-03-13 15:39:04,2026-03-18 15:39:41,2026-03-13 15:40:12,2026-03-13 15:39:16
2026-03-13 15:40:16,2026-03-18 15:40:17,2026-03-13 15:40:23,2026-03-13 15:40:33
2026-03-13 15:40:23,2026-03-18 15:41:04,,
2026-03-13 15:47:47,2026-03-18 15:47:55,2026-03-13 15:48:02,2026-03-13 15:48:43
2026-03-13 15:48:02,2026-03-18 15:48:25,,
2026-03-13 15:52:10,2026-03-18 15:52:14,2026-03-13 15:52:20,2026-03-13 15:52:42
2026-03-13 15:55:50,2026-03-18 15:55:51,,
2026-03-13 15:56:54,2026-03-18 15:57:01,,
2026-03-13 15:57:30,2026-03-18 15:57:44,2026-03-13 15:58:06,2026-03-13 15:58:05
2026-03-13 15:58:05,2026-03-18 15:58:06,,
2026-03-13 15:59:45,2026-03-18 15:59:47,2026-03-13 15:59:55,2026-03-13 16:00:00
2026-03-16 10:24:13,2026-03-23 08:53:32,2026-03-16 10:24:21,2026-03-16 10:25:14
2026-03-16 10:25:22,2026-03-23 08:53:32,2026-03-16 10:26:26,2026-03-16 10:25:54
2026-03-16 10:25:54,2026-03-23 08:53:32,,
2026-03-16 11:20:10,2026-03-23 08:53:32,2026-03-16 11:20:41,2026-03-16 11:20:11
2026-03-16 11:32:12,2026-03-23 08:53:32,2026-03-16 11:33:10,2026-03-16 11:35:08
2026-03-16 11:33:10,2026-03-23 08:53:32,,
2026-03-16 12:30:31,2026-03-23 08:53:32,,
2026-03-16 13:13:56,2026-03-23 08:53:32,2026-03-16 13:14:09,2026-03-16 13:14:00
2026-03-16 13:14:00,2026-03-23 08:53:32,,
2026-03-16 13:23:26,2026-03-23 08:53:32,2026-03-16 13:23:56,2026-03-16 13:23:38
2026-03-16 13:23:38,2026-03-23 08:53:32,,
2026-03-16 14:10:15,2026-03-23 08:53:32,2026-03-16 14:11:04,2026-03-16 14:10:30
2026-03-16 14:10:30,2026-03-23 08:53:32,,
2026-03-16 14:51:12,2026-03-23 08:53:32,,
2026-03-16 15:08:32,2026-03-23 08:53:32,,
2026-03-16 15:08:58,2026-03-23 08:53:32,2026-03-16 15:09:30,2026-03-16 15:09:03
2026-03-16 15:24:31,2026-03-23 08:53:32,,
2026-03-16 15:27:00,2026-03-23 08:53:32,,
2026-03-16 15:44:22,2026-03-23 08:53:32,2026-03-16 15:45:23,2026-03-16 15:45:05
2026-03-16 15:58:52,2026-03-23 08:53:32,2026-03-16 15:58:54,2026-03-16 15:58:55
2026-03-17 10:08:06,2026-03-23 08:53:32,2026-03-17 10:11:34,2026-03-17 10:17:11
2026-03-17 11:40:51,2026-03-23 08:53:32,2026-03-17 11:45:31,2026-03-17 11:41:45
2026-03-17 11:45:31,2026-03-23 08:53:32,,
2026-03-17 12:27:27,2026-03-23 08:53:32,2026-03-17 12:32:36,2026-03-17 12:30:51
2026-03-17 13:01:24,2026-03-23 08:53:32,,
2026-03-17 14:50:01,2026-03-23 08:53:32,2026-03-17 14:52:01,2026-03-17 14:53:14
2026-03-17 14:52:01,2026-03-23 08:53:32,,
2026-03-17 14:52:40,2026-03-23 08:53:32,2026-03-17 14:53:29,2026-03-17 14:53:14
2026-03-17 14:59:47,2026-03-23 08:53:32,2026-03-17 15:00:52,2026-03-17 15:02:17
2026-03-17 15:00:52,2026-03-23 08:53:32,,
2026-03-17 15:20:23,2026-03-23 08:53:32,,
2026-03-17 15:21:34,2026-03-23 08:53:32,,
2026-03-17 15:45:02,2026-03-23 08:53:32,2026-03-17 15:45:25,2026-03-17 15:46:47
2026-03-17 15:45:25,2026-03-23 08:53:32,,
2026-03-17 15:57:28,2026-03-23 08:53:32,,
2026-03-17 15:58:52,2026-03-23 08:53:32,,
2026-03-18 11:26:19,2026-03-23 11:26:29,2026-03-18 11:27:11,2026-03-18 11:27:01
2026-03-18 11:27:01,2026-03-23 11:28:05,,
2026-03-18 11:39:29,2026-03-23 11:39:57,,
2026-03-18 11:45:05,2026-03-23 11:45:16,,
2026-03-18 12:39:27,2026-03-23 12:39:38,2026-03-18 12:41:54,2026-03-18 12:39:28
2026-03-18 12:39:28,2026-03-23 12:39:38,,
2026-03-18 13:20:09,2026-03-23 13:20:31,2026-03-18 13:21:07,2026-03-18 13:26:34
2026-03-18 13:21:07,2026-03-23 13:22:00,,
2026-03-18 13:23:28,2026-03-23 13:24:28,2026-03-18 13:30:45,2026-03-18 13:26:34
2026-03-18 14:31:18,2026-03-23 14:31:40,2026-03-18 14:31:59,2026-03-18 14:31:30
2026-03-18 14:31:30,2026-03-23 14:31:40,,
2026-03-18 15:23:02,2026-03-23 15:23:21,2026-03-18 15:23:46,2026-03-18 15:24:04
2026-03-18 15:26:26,2026-03-23 15:26:35,,
2026-03-18 15:32:10,2026-03-23 15:33:22,,
2026-03-18 15:57:44,2026-03-23 15:58:02,2026-03-18 15:58:06,2026-03-18 15:58:40
2026-03-18 15:58:45,2026-03-23 15:58:49,2026-03-18 15:59:00,2026-03-18 15:58:51
2026-03-18 15:58:51,2026-03-23 15:58:55,,
2026-03-18 15:59:04,2026-03-23 15:59:04,,
2026-03-19 10:18:56,2026-03-24 10:19:16,,
2026-03-19 10:21:02,2026-03-24 10:22:29,2026-03-19 10:21:57,2026-03-19 10:21:38
2026-03-19 10:21:38,2026-03-24 10:22:29,,
2026-03-19 10:22:43,2026-03-24 10:23:00,2026-03-19 10:26:06,2026-03-19 10:23:08
2026-03-19 10:29:32,2026-03-24 10:29:40,2026-03-19 10:30:51,2026-03-19 10:31:24
2026-03-19 10:30:51,2026-03-24 10:31:37,,
2026-03-19 10:31:14,2026-03-24 10:31:37,2026-03-19 10:31:35,2026-03-19 10:31:24
2026-03-19 10:37:07,2026-03-24 10:37:30,2026-03-19 10:37:39,2026-03-19 10:37:23
2026-03-19 10:37:23,2026-03-24 10:37:30,,
2026-03-19 10:52:16,2026-03-24 10:52:16,2026-03-19 10:53:06,2026-03-19 10:54:11
2026-03-19 11:26:03,2026-03-24 11:27:01,2026-03-19 11:27:00,2026-03-19 11:27:29
2026-03-19 11:58:42,2026-03-24 12:00:00,2026-03-19 11:58:58,2026-03-19 12:00:02
2026-03-19 11:58:58,2026-03-24 12:00:00,,
2026-03-19 12:05:32,2026-03-24 12:06:36,2026-03-19 12:05:36,2026-03-19 12:05:47
2026-03-19 12:07:56,2026-03-24 12:08:40,,
2026-03-19 12:29:48,2026-03-24 12:32:25,2026-03-19 12:30:03,2026-03-19 12:31:20
2026-03-19 12:30:03,2026-03-24 12:32:25,,
2026-03-19 12:32:14,2026-03-24 12:32:25,,
2026-03-19 13:06:09,2026-03-24 13:06:09,,
2026-03-19 13:12:37,2026-03-24 13:12:53,2026-03-19 13:14:37,2026-03-19 13:13:09
2026-03-19 13:23:04,2026-03-24 13:23:17,2026-03-19 13:24:07,2026-03-19 13:23:05
2026-03-19 13:23:05,2026-03-24 13:23:17,,
2026-03-19 13:32:20,2026-03-24 13:33:19,2026-03-19 13:32:54,2026-03-19 13:35:09
2026-03-19 14:32:02,2026-03-24 14:32:12,2026-03-19 14:32:11,2026-03-19 14:32:56
2026-03-19 14:32:11,2026-03-24 14:32:12,,
2026-03-19 14:39:25,2026-03-24 14:39:35,2026-03-19 14:40:38,2026-03-19 14:39:58
2026-03-19 15:01:10,2026-03-24 15:01:44,,
2026-03-19 15:05:07,2026-03-24 15:05:34,2026-03-19 15:05:33,2026-03-19 15:05:12
2026-03-19 15:05:12,2026-03-24 15:05:34,,
2026-03-19 15:06:49,2026-03-24 15:07:04,2026-03-19 15:06:50,2026-03-19 15:06:51
2026-03-19 15:31:00,2026-03-24 15:31:21,2026-03-19 15:31:19,2026-03-19 15:31:10
2026-03-19 15:40:32,2026-03-24 15:41:15,2026-03-19 15:41:48,2026-03-19 15:40:51
2026-03-19 15:40:51,2026-03-24 15:41:15,,
2026-03-19 15:57:10,2026-03-24 15:58:08,2026-03-19 15:57:55,2026-03-19 15:57:18
2026-03-20 09:48:29,2026-03-25 09:48:34,2026-03-20 09:50:07,2026-03-20 09:48:31
2026-03-20 09:48:31,2026-03-25 09:48:34,,
2026-03-20 10:13:59,2026-03-25 10:14:20,2026-03-20 10:14:17,2026-03-20 10:14:02
2026-03-20 10:17:17,2026-03-25 10:17:51,2026-03-20 10:18:09,2026-03-20 10:17:41
2026-03-20 10:36:46,2026-03-25 10:37:04,,
2026-03-20 10:38:07,2026-03-25 10:38:30,,
2026-03-20 11:01:47,2026-03-25 11:02:59,,
2026-03-20 11:16:32,2026-03-25 11:16:48,2026-03-20 11:17:35,2026-03-20 11:21:04
2026-03-20 11:23:25,2026-03-25 11:23:49,2026-03-20 11:23:50,2026-03-20 11:23:26
2026-03-20 11:23:26,2026-03-25 11:23:49,,
2026-03-20 11:26:09,2026-03-25 11:26:14,2026-03-20 11:27:34,2026-03-20 11:26:22
2026-03-20 11:32:32,2026-03-25 11:32:38,2026-03-20 11:33:22,2026-03-20 11:35:29
2026-03-20 11:33:22,2026-03-25 11:38:04,,
2026-03-20 12:11:07,2026-03-25 12:11:47,2026-03-20 12:11:56,2026-03-20 12:14:00
2026-03-20 12:18:41,2026-03-25 12:19:09,2026-03-20 12:20:03,2026-03-20 12:20:06
2026-03-20 13:19:50,2026-03-25 13:20:57,2026-03-20 13:20:50,2026-03-20 13:20:49
2026-03-20 13:22:00,2026-03-25 13:24:19,2026-03-20 13:22:31,2026-03-20 13:23:08
2026-03-20 13:22:31,2026-03-25 13:24:19,,
2026-03-20 13:31:29,2026-03-25 13:33:06,,
2026-03-20 14:15:30,2026-03-25 14:15:33,2026-03-20 14:19:59,2026-03-20 14:18:45
2026-03-20 14:39:08,2026-03-25 14:41:03,,
2026-03-20 14:45:05,2026-03-25 14:46:25,2026-03-20 14:46:29,2026-03-20 14:45:27
2026-03-20 14:49:38,2026-03-25 14:50:25,,
2026-03-20 15:12:08,2026-03-25 15:12:41,,
2026-03-20 15:14:41,2026-03-25 15:15:46,2026-03-20 15:15:06,2026-03-20 15:14:54
2026-03-20 15:14:54,2026-03-25 15:15:46,,
2026-03-20 15:16:15,2026-03-25 15:18:53,2026-03-20 15:17:14,2026-03-20 15:18:10
2026-03-20 15:21:41,2026-03-25 15:21:43,,
2026-03-20 15:38:58,2026-03-25 15:39:01,2026-03-20 15:39:09,2026-03-20 15:39:29
2026-03-20 15:39:09,2026-03-25 15:40:05,,
2026-03-20 15:46:16,2026-03-25 15:46:20,,
2026-03-20 15:57:02,2026-03-25 15:57:56,,
2026-03-20 15:57:49,2026-03-25 15:57:56,2026-03-20 15:57:55,2026-03-20 15:58:01
2026-03-20 15:59:48,2026-03-25 15:59:48,2026-03-20 15:59:59,2026-03-20 15:59:54
2026-03-20 15:59:54,2026-03-25 15:59:57,,
2026-03-23 10:41:13,2026-03-30 09:30:00,2026-03-23 10:42:11,2026-03-23 10:43:47
2026-03-23 10:42:11,2026-03-30 09:30:00,,
2026-03-23 10:45:34,2026-03-30 09:30:00,2026-03-23 10:46:10,2026-03-23 10:45:57
2026-03-23 11:02:13,2026-03-30 09:30:00,2026-03-23 11:02:37,2026-03-23 11:03:41
2026-03-23 11:02:37,2026-03-30 09:30:00,,
2026-03-23 12:00:52,2026-03-30 09:30:00,2026-03-23 12:01:48,2026-03-23 12:01:35
2026-03-23 12:33:04,2026-03-30 09:30:00,2026-03-23 12:33:22,2026-03-23 12:34:36
2026-03-23 13:49:58,2026-03-30 09:30:00,,
2026-03-23 13:54:02,2026-03-30 09:30:00,2026-03-23 13:59:37,2026-03-23 13:55:39
2026-03-23 13:55:39,2026-03-30 09:30:00,,
2026-03-23 14:49:04,2026-03-30 09:30:00,2026-03-23 14:49:13,2026-03-23 14:49:18
2026-03-23 15:00:22,2026-03-30 09:30:00,2026-03-23 15:04:17,2026-03-23 15:00:52
2026-03-23 15:24:33,2026-03-30 09:30:00,2026-03-23 15:25:14,2026-03-23 15:25:13
2026-03-23 15:33:23,2026-03-30 09:30:00,,
2026-03-23 15:37:38,2026-03-30 09:30:00,2026-03-23 15:38:07,2026-03-23 15:38:00
2026-03-23 15:41:16,2026-03-30 09:30:00,2026-03-23 15:41:28,2026-03-23 15:42:23
2026-03-23 15:41:28,2026-03-30 09:30:00,,
2026-03-23 15:41:47,2026-03-30 09:30:00,2026-03-23 15:42:48,2026-03-23 15:42:23
2026-03-23 15:59:45,2026-03-30 09:30:00,2026-03-23 15:59:50,2026-03-23 15:59:56
2026-03-23 15:59:50,2026-03-30 09:30:00,,
2026-03-24 09:48:07,2026-03-30 09:30:00,2026-03-24 09:52:22,2026-03-24 09:50:38
2026-03-24 11:22:35,2026-03-30 09:30:00,,
2026-03-24 12:26:49,2026-03-30 09:30:00,2026-03-24 12:27:05,2026-03-24 12:28:31
2026-03-24 12:27:05,2026-03-30 09:30:00,,
2026-03-24 13:02:14,2026-03-30 09:30:00,2026-03-24 13:05:00,2026-03-24 13:02:29
2026-03-24 13:05:00,2026-03-30 09:30:00,,
2026-03-24 13:25:06,2026-03-30 09:30:00,,
2026-03-24 13:50:17,2026-03-30 09:30:00,2026-03-24 13:51:30,2026-03-24 13:52:22
2026-03-24 15:04:16,2026-03-30 09:30:00,,
2026-03-24 15:11:01,2026-03-30 09:30:00,2026-03-24 15:12:12,2026-03-24 15:11:31
2026-03-24 15:38:18,2026-03-30 09:30:00,,
2026-03-24 15:42:44,2026-03-30 09:30:00,2026-03-24 15:43:20,2026-03-24 15:43:35
2026-03-24 15:43:20,2026-03-30 09:30:00,,
2026-03-24 15:50:00,2026-03-30 09:30:00,2026-03-24 15:51:21,2026-03-24 15:50:39
2026-03-24 15:59:33,2026-03-30 09:30:00,,
2026-03-25 11:21:33,2026-03-30 11:22:11,2026-03-25 11:23:49,2026-03-25 11:38:04
2026-03-25 11:23:49,2026-03-30 11:25:03,,
2026-03-25 12:54:47,2026-03-30 12:55:06,2026-03-25 12:58:47,2026-03-25 12:59:39
2026-03-25 12:58:47,2026-03-30 12:59:24,,
2026-03-25 14:04:56,2026-03-30 14:05:17,,
2026-03-25 15:01:37,2026-03-30 15:01:57,2026-03-25 15:01:49,2026-03-25 15:01:50
2026-03-25 15:01:49,2026-03-30 15:01:57,,
2026-03-25 15:07:24,2026-03-30 15:07:52,2026-03-25 15:13:18,2026-03-25 15:08:46
2026-03-25 15:59:48,2026-03-30 15:59:48,2026-03-25 15:59:57,2026-03-26 09:30:00
2026-03-25 15:59:57,2026-03-30 15:59:59,,
2026-03-26 10:15:05,2026-03-31 10:15:29,2026-03-26 10:15:19,2026-03-26 10:15:43
2026-03-26 10:18:18,2026-03-31 10:18:22,,
2026-03-26 10:51:56,2026-03-31 10:52:14,2026-03-26 10:52:59,2026-03-26 10:52:18
2026-03-26 11:01:55,2026-03-31 11:02:07,,
2026-03-26 11:59:45,2026-03-31 12:00:28,2026-03-26 12:01:18,2026-03-26 12:01:58
2026-03-26 12:01:18,2026-03-31 12:01:28,,
2026-03-26 13:01:20,2026-03-31 13:01:56,2026-03-26 13:02:02,2026-03-26 13:02:29
2026-03-26 13:14:45,2026-03-31 13:14:58,2026-03-26 13:14:59,2026-03-26 13:19:57
2026-03-26 13:19:57,2026-03-31 13:20:31,,
2026-03-26 13:27:28,2026-03-31 13:27:28,,
2026-03-26 14:01:36,2026-03-31 14:02:40,2026-03-26 14:01:37,2026-03-26 14:01:40
2026-03-26 14:01:37,2026-03-31 14:02:40,,
2026-03-26 14:01:44,2026-03-31 14:02:40,2026-03-26 14:01:54,2026-03-26 14:05:55
2026-03-26 14:01:54,2026-03-31 14:02:40,,
2026-03-26 14:58:02,2026-03-31 14:58:06,2026-03-26 14:59:26,2026-03-26 15:00:02
2026-03-26 15:14:25,2026-03-31 15:15:07,2026-03-26 15:14:33,2026-03-26 15:14:32
2026-03-26 15:15:19,2026-03-31 15:15:25,2026-03-26 15:15:32,2026-03-26 15:15:24
2026-03-26 15:15:34,2026-03-31 15:15:51,2026-03-26 15:15:56,2026-03-26 15:15:42
2026-03-26 15:15:42,2026-03-31 15:15:51,,
2026-03-26 15:15:44,2026-03-31 15:15:51,2026-03-26 15:15:46,2026-03-26 15:15:56
2026-03-26 15:15:46,2026-03-31 15:15:51,,
2026-03-26 15:16:25,2026-03-31 15:16:51,2026-03-26 15:16:33,2026-03-26 15:16:44
2026-03-26 15:16:45,2026-03-31 15:16:51,2026-03-26 15:16:55,2026-03-26 15:16:58
2026-03-26 15:17:25,2026-03-31 15:17:38,,
2026-03-26 15:20:12,2026-03-31 15:20:23,2026-03-26 15:21:01,2026-03-26 15:23:30
2026-03-26 15:34:32,2026-03-31 15:35:20,2026-03-26 15:35:00,2026-03-26 15:37:33
2026-03-26 15:35:00,2026-03-31 15:35:20,,
2026-03-26 15:57:59,2026-03-31 15:58:01,2026-03-26 15:58:20,2026-03-26 15:58:41
2026-03-27 09:42:58,2026-04-01 09:43:06,2026-03-27 09:44:24,2026-03-27 09:45:36
2026-03-27 09:44:24,2026-04-01 09:46:24,,
2026-03-27 10:11:37,2026-04-01 10:11:37,2026-03-27 10:12:06,2026-03-27 10:12:00
2026-03-27 10:12:00,2026-04-01 10:12:03,,
2026-03-27 10:32:05,2026-04-01 10:32:12,2026-03-27 10:32:28,2026-03-27 10:32:57
2026-03-27 10:34:03,2026-04-01 10:34:25,2026-03-27 10:34:06,2026-03-27 10:34:04
2026-03-27 10:34:04,2026-04-01 10:34:25,,
2026-03-27 10:35:26,2026-04-01 10:35:30,2026-03-27 10:35:31,2026-03-27 10:35:46
2026-03-27 10:37:26,2026-04-01 10:37:40,,
2026-03-27 10:43:10,2026-04-01 10:43:37,2026-03-27 10:44:14,2026-03-27 10:43:35
2026-03-27 10:58:49,2026-04-01 10:59:21,2026-03-27 10:59:19,2026-03-27 11:00:37
2026-03-27 11:19:42,2026-04-01 11:21:21,,
2026-03-27 11:37:02,2026-04-01 11:37:27,2026-03-27 11:39:45,2026-03-27 11:37:03
2026-03-27 11:37:03,2026-04-01 11:37:27,,
2026-03-27 11:45:07,2026-04-01 11:45:26,,
2026-03-27 11:49:36,2026-04-01 11:50:06,2026-03-27 11:50:03,2026-03-27 11:49:38
2026-03-27 11:49:38,2026-04-01 11:50:06,,
2026-03-27 12:18:32,2026-04-01 12:19:05,,
2026-03-27 12:28:57,2026-04-01 12:29:00,,
2026-03-27 13:00:06,2026-04-01 13:00:33,,
2026-03-27 13:04:40,2026-04-01 13:05:21,2026-03-27 13:04:45,2026-03-27 13:04:48
2026-03-27 13:12:17,2026-04-01 13:12:52,,
2026-03-27 14:02:02,2026-04-01 14:02:17,,
2026-03-27 14:15:04,2026-04-01 14:16:22,,
2026-03-27 14:42:13,2026-04-01 14:42:21,,
2026-03-27 14:49:28,2026-04-01 14:49:48,,
2026-03-27 15:30:50,2026-04-01 15:31:09,2026-03-27 15:31:48,2026-03-27 15:31:12
2026-03-27 15:31:12,2026-04-01 15:31:18,,
2026-03-27 15:58:55,2026-04-01 15:58:58,2026-03-27 15:59:01,2026-03-27 15:59:00
2026-03-27 15:59:00,2026-04-01 15:59:01,,
2026-03-27 15:59:33,2026-04-01 15:59:36,2026-03-27 15:59:37,2026-03-27 15:59:45
2026-03-30 09:53:03,2026-04-06 09:30:01,2026-03-30 09:53:47,2026-03-30 09:53:35
2026-03-30 09:53:35,2026-04-06 09:30:01,,
2026-03-30 10:03:27,2026-04-06 09:30:01,2026-03-30 10:03:34,2026-03-30 10:03:56
2026-03-30 10:03:34,2026-04-06 09:30:01,,
2026-03-30 10:03:37,2026-04-06 09:30:01,2026-03-30 10:03:56,2026-03-30 10:03:43
2026-03-30 10:03:43,2026-04-06 09:30:01,,
2026-03-30 10:10:44,2026-04-06 09:30:01,2026-03-30 10:10:54,2026-03-30 10:10:47
2026-03-30 10:13:45,2026-04-06 09:30:01,2026-03-30 10:14:09,2026-03-30 10:13:57
2026-03-30 10:22:29,2026-04-06 09:30:01,,
2026-03-30 10:31:35,2026-04-06 09:30:01,,
2026-03-30 10:32:33,2026-04-06 09:30:01,2026-03-30 10:32:36,2026-03-30 10:32:54
2026-03-30 10:32:36,2026-04-06 09:30:01,,
2026-03-30 10:49:33,2026-04-06 09:30:01,2026-03-30 10:49:44,2026-03-30 10:50:33
2026-03-30 10:59:02,2026-04-06 09:30:01,2026-03-30 10:59:58,2026-03-30 11:00:09
2026-03-30 11:09:36,2026-04-06 09:30:01,2026-03-30 11:11:37,2026-03-30 11:10:15
2026-03-30 11:10:15,2026-04-06 09:30:01,,
2026-03-30 11:42:44,2026-04-06 09:30:01,,
2026-03-30 11:43:54,2026-04-06 09:30:01,2026-03-30 11:44:20,2026-03-30 11:45:07
2026-03-30 11:44:20,2026-04-06 09:30:01,,
2026-03-30 12:09:32,2026-04-06 09:30:01,2026-03-30 12:10:07,2026-03-30 12:10:28
2026-03-30 12:10:07,2026-04-06 09:30:01,,
2026-03-30 12:11:33,2026-04-06 09:30:01,2026-03-30 12:16:38,2026-03-30 12:13:34
2026-03-30 12:16:38,2026-04-06 09:30:01,,
2026-03-30 12:17:18,2026-04-06 09:30:01,2026-03-30 12:20:26,2026-03-30 12:18:33
2026-03-30 12:24:13,2026-04-06 09:30:01,,
2026-03-30 12:30:49,2026-04-06 09:30:01,,
2026-03-30 13:23:48,2026-04-06 09:30:01,2026-03-30 13:25:27,2026-03-30 13:27:25
2026-03-30 13:25:27,2026-04-06 09:30:01,2026-03-31 09:34:01,2026-03-31 12:42:28
2026-03-30 14:02:10,2026-04-06 09:30:01,2026-03-30 14:04:43,2026-03-30 14:03:23
2026-03-30 14:03:23,2026-04-06 09:30:01,,
2026-03-30 14:19:05,2026-04-06 09:30:01,2026-03-30 14:21:26,2026-03-30 14:19:26
2026-03-30 14:19:26,2026-04-06 09:30:01,,
2026-03-30 14:30:55,2026-04-06 09:30:01,2026-03-30 14:30:59,2026-03-30 14:31:33
2026-03-30 14:45:16,2026-04-06 09:30:01,2026-03-30 14:46:16,2026-03-30 14:45:37
2026-03-30 14:45:37,2026-04-06 09:30:01,,
2026-03-30 14:48:25,2026-04-06 09:30:01,,
2026-03-30 15:15:47,2026-04-06 09:30:01,2026-03-30 15:16:45,2026-03-30 15:16:33
2026-03-30 15:18:52,2026-04-06 09:30:01,2026-03-30 15:19:11,2026-03-30 15:20:15
2026-03-30 15:19:11,2026-04-06 09:30:01,,
2026-03-30 15:36:28,2026-04-06 09:30:01,,
2026-03-30 15:57:28,2026-04-06 09:30:01,,
2026-03-30 15:59:32,2026-04-06 09:30:01,2026-03-30 15:59:40,2026-03-30 15:59:36
2026-03-30 15:59:36,2026-04-06 09:30:01,,
2026-03-31 09:51:10,2026-04-06 09:30:01,2026-03-31 09:51:17,2026-03-31 09:51:23
2026-03-31 09:51:17,2026-04-06 09:30:01,,
2026-03-31 09:53:14,2026-04-06 09:30:01,,
2026-03-31 09:54:39,2026-04-06 09:30:01,2026-03-31 09:55:00,2026-03-31 09:54:47
2026-03-31 09:56:36,2026-04-06 09:30:01,,
2026-03-31 10:02:12,2026-04-06 09:30:01,2026-03-31 10:02:35,2026-03-31 10:02:16
2026-03-31 10:06:51,2026-04-06 09:30:01,2026-03-31 10:07:16,2026-03-31 10:07:12
2026-03-31 10:07:25,2026-04-06 09:30:01,,
2026-03-31 10:14:24,2026-04-06 09:30:01,2026-03-31 10:14:43,2026-03-31 10:14:28
2026-03-31 10:22:24,2026-04-06 09:30:01,,
2026-03-31 10:26:31,2026-04-06 09:30:01,,
2026-03-31 10:30:30,2026-04-06 09:30:01,,
2026-03-31 10:45:32,2026-04-06 09:30:01,2026-03-31 10:47:16,2026-03-31 10:45:48
2026-03-31 11:30:00,2026-04-06 09:30:01,2026-03-31 11:33:37,2026-03-31 11:30:48
2026-03-31 11:49:49,2026-04-06 09:30:01,,
2026-03-31 12:00:28,2026-04-06 09:30:01,2026-03-31 12:00:29,2026-03-31 12:05:25
2026-03-31 12:00:29,2026-04-06 09:30:01,,
2026-03-31 12:24:33,2026-04-06 09:30:01,,
2026-03-31 12:38:21,2026-04-06 09:30:01,,
2026-03-31 12:40:51,2026-04-06 09:30:01,2026-03-31 12:41:45,2026-03-31 12:41:02
2026-03-31 12:41:02,2026-04-06 09:30:01,,
2026-03-31 13:03:01,2026-04-06 09:30:01,2026-03-31 13:03:28,2026-03-31 13:03:50
2026-03-31 13:03:28,2026-04-06 09:30:01,,
2026-03-31 13:28:37,2026-04-06 09:30:01,,
2026-03-31 13:30:29,2026-04-06 09:30:01,2026-03-31 13:30:34,2026-03-31 13:30:39
2026-03-31 14:46:41,2026-04-06 09:30:01,2026-03-31 14:49:17,2026-03-31 14:47:43
2026-03-31 14:47:43,2026-04-06 09:30:01,,
2026-03-31 14:48:37,2026-04-06 09:30:01,2026-03-31 14:49:17,2026-03-31 14:50:17
2026-03-31 14:53:11,2026-04-06 09:30:01,2026-03-31 14:54:01,2026-03-31 14:54:53
2026-03-31 14:55:45,2026-04-06 09:30:01,2026-03-31 14:56:31,2026-03-31 14:57:11
2026-03-31 14:57:11,2026-04-06 09:30:01,,
2026-03-31 15:01:49,2026-04-06 09:30:01,2026-03-31 15:01:56,2026-03-31 15:03:24
2026-03-31 15:15:07,2026-04-06 09:30:01,2026-03-31 15:15:25,2026-03-31 15:17:12
2026-03-31 15:15:25,2026-04-06 09:30:01,,
2026-03-31 15:16:04,2026-04-06 09:30:01,2026-03-31 15:17:12,2026-03-31 15:16:12
2026-03-31 15:16:12,2026-04-06 09:30:01,,
2026-03-31 15:39:41,2026-04-06 09:30:01,2026-03-31 15:40:32,2026-03-31 15:40:00
2026-03-31 15:40:00,2026-04-06 09:30:01,,
2026-03-31 15:58:50,2026-04-06 09:30:01,2026-03-31 15:59:00,2026-03-31 15:58:55
2026-04-01 09:39:51,2026-04-06 09:40:03,2026-04-01 09:40:59,2026-04-01 09:40:29
2026-04-01 09:40:29,2026-04-06 09:40:44,,
2026-04-01 10:08:10,2026-04-06 10:08:39,2026-04-01 10:08:22,2026-04-01 10:08:43
2026-04-01 10:08:22,2026-04-06 10:08:39,,
2026-04-01 10:09:15,2026-04-06 10:10:06,,
2026-04-01 10:10:22,2026-04-06 10:12:22,2026-04-01 10:10:42,2026-04-01 10:10:24
2026-04-01 10:15:05,2026-04-06 10:16:01,2026-04-01 10:15:10,2026-04-01 10:15:11
2026-04-01 10:15:10,2026-04-06 10:16:01,,
2026-04-01 10:15:48,2026-04-06 10:16:01,,
2026-04-01 10:39:20,2026-04-06 10:39:40,2026-04-01 10:39:26,2026-04-01 10:39:21
2026-04-01 10:39:21,2026-04-06 10:39:40,,
2026-04-01 10:45:57,2026-04-06 10:46:29,,
2026-04-01 10:52:57,2026-04-06 10:53:24,2026-04-01 10:53:41,2026-04-01 10:53:32
2026-04-01 10:53:32,2026-04-06 10:54:45,,
2026-04-01 10:55:03,2026-04-06 10:56:16,2026-04-01 10:55:43,2026-04-01 10:56:27
2026-04-01 11:26:58,2026-04-06 11:27:15,,
2026-04-01 11:29:21,2026-04-06 11:29:38,2026-04-01 11:33:58,2026-04-01 11:30:01
2026-04-01 11:42:16,2026-04-06 11:42:47,2026-04-01 11:42:35,2026-04-01 11:42:25
2026-04-01 11:44:31,2026-04-06 11:45:51,2026-04-01 11:44:33,2026-04-01 11:45:26
2026-04-01 11:44:33,2026-04-06 11:45:51,,
2026-04-01 11:44:51,2026-04-06 11:45:51,2026-04-01 11:45:03,2026-04-01 11:45:26
2026-04-01 11:45:03,2026-04-06 11:45:51,,
2026-04-01 11:53:12,2026-04-06 11:57:34,,
2026-04-01 11:59:15,2026-04-06 11:59:52,2026-04-01 11:59:32,2026-04-01 11:59:17
2026-04-01 12:19:12,2026-04-06 12:20:24,2026-04-01 12:19:16,2026-04-01 12:20:29
2026-04-01 12:44:34,2026-04-06 12:44:59,2026-04-01 12:45:10,2026-04-01 12:45:15
2026-04-01 13:02:35,2026-04-06 13:02:47,2026-04-01 13:04:31,2026-04-01 13:03:59
2026-04-01 13:11:09,2026-04-06 13:11:32,2026-04-01 13:11:55,2026-04-01 13:15:49
2026-04-01 14:04:59,2026-04-06 14:05:21,2026-04-01 14:05:06,2026-04-01 14:05:52
2026-04-01 14:05:06,2026-04-06 14:05:21,,
2026-04-01 14:20:33,2026-04-06 14:20:49,,
2026-04-01 14:39:23,2026-04-06 14:39:44,,
2026-04-01 15:03:35,2026-04-06 15:03:54,,
2026-04-01 15:04:58,2026-04-06 15:05:23,,
2026-04-01 15:06:49,2026-04-06 15:07:05,,
2026-04-01 15:15:02,2026-04-06 15:15:06,2026-04-01 15:15:58,2026-04-01 15:15:09
2026-04-01 15:15:09,2026-04-06 15:15:45,,
2026-04-01 15:31:18,2026-04-06 15:32:59,2026-04-01 15:31:37,2026-04-01 15:31:30
2026-04-01 15:31:30,2026-04-06 15:32:59,,
2026-04-01 15:37:48,2026-04-06 15:38:09,2026-04-01 15:38:14,2026-04-01 15:38:04
2026-04-01 15:38:04,2026-04-06 15:38:09,,
2026-04-02 09:36:02,2026-04-07 09:36:27,2026-04-02 09:36:03,2026-04-02 09:36:12
2026-04-02 09:36:03,2026-04-07 09:36:27,,
2026-04-02 09:36:45,2026-04-07 09:37:35,,
2026-04-02 09:54:26,2026-04-07 09:55:32,,
2026-04-02 10:23:41,2026-04-07 10:24:59,2026-04-02 10:24:37,2026-04-02 10:25:39
2026-04-02 13:24:55,2026-04-07 13:25:25,,
2026-04-02 13:44:25,2026-04-07 13:45:39,2026-04-02 13:46:18,2026-04-02 13:51:06
2026-04-06 09:37:03,2026-04-13 09:30:00,2026-04-06 09:37:05,2026-04-06 09:38:02
2026-04-06 09:39:01,2026-04-13 09:30:00,2026-04-06 09:39:19,2026-04-06 09:39:02
2026-04-06 09:39:02,2026-04-13 09:30:00,,
2026-04-06 09:54:30,2026-04-13 09:30:00,,
2026-04-06 09:55:20,2026-04-13 09:30:00,2026-04-06 09:55:39,2026-04-06 09:55:21
2026-04-06 09:55:51,2026-04-13 09:30:00,2026-04-06 09:56:05,2026-04-06 09:55:59
2026-04-06 09:56:33,2026-04-13 09:30:00,2026-04-06 09:56:38,2026-04-06 09:56:45
2026-04-06 09:56:38,2026-04-13 09:30:00,,
2026-04-06 09:57:11,2026-04-13 09:30:00,2026-04-06 09:57:15,2026-04-06 09:57:46
2026-04-06 09:57:15,2026-04-13 09:30:00,,
2026-04-06 09:57:25,2026-04-13 09:30:00,2026-04-06 09:57:43,2026-04-06 09:57:46
2026-04-06 09:57:43,2026-04-13 09:30:00,,
2026-04-06 10:39:49,2026-04-13 09:30:00,2026-04-06 10:40:09,2026-04-06 10:39:52
2026-04-06 10:39:52,2026-04-13 09:30:00,,
2026-04-06 13:54:43,2026-04-13 09:30:00,2026-04-06 13:56:20,2026-04-06 13:57:48
2026-04-06 14:16:07,2026-04-13 09:30:00,2026-04-06 14:16:15,2026-04-06 14:16:51
2026-04-06 14:16:15,2026-04-13 09:30:00,,
2026-04-06 14:20:23,2026-04-13 09:30:00,2026-04-06 14:21:46,2026-04-06 14:20:49
2026-04-06 14:20:49,2026-04-13 09:30:00,,
2026-04-06 14:31:24,2026-04-13 09:30:00,2026-04-06 14:32:01,2026-04-06 14:32:16
2026-04-06 15:15:45,2026-04-13 09:30:00,,
2026-04-06 15:29:43,2026-04-13 09:30:00,,
2026-04-06 15:38:09,2026-04-13 09:30:00,,
2026-04-06 15:44:07,2026-04-13 09:30:00,2026-04-06 15:47:25,2026-04-06 15:44:16
2026-04-06 15:44:16,2026-04-13 09:30:00,,
2026-04-06 15:58:23,2026-04-13 09:30:00,2026-04-06 15:59:00,2026-04-06 15:58:55
2026-04-06 15:58:55,2026-04-13 09:30:00,,
2026-04-07 09:46:00,2026-04-13 09:30:00,,
2026-04-07 09:48:08,2026-04-13 09:30:00,,
2026-04-07 12:27:04,2026-04-13 09:30:00,2026-04-07 12:29:51,2026-04-07 12:28:01
2026-04-07 12:28:01,2026-04-13 09:30:00,,
2026-04-07 14:09:24,2026-04-13 09:30:00,,
2026-04-07 14:33:00,2026-04-13 09:30:00,,
2026-04-07 14:35:06,2026-04-13 09:30:00,,
2026-04-07 15:36:31,2026-04-13 09:30:00,,
2026-04-07 15:52:15,2026-04-13 09:30:00,2026-04-07 15:52:40,2026-04-07 15:52:20
2026-04-07 15:52:20,2026-04-13 09:30:00,,
2026-04-07 15:59:04,2026-04-13 09:30:00,,
2026-04-07 15:59:44,2026-04-13 09:30:00,2026-04-07 15:59:47,2026-04-07 15:59:59
2026-04-07 15:59:47,2026-04-13 09:30:00,,
2026-04-08 09:59:49,2026-04-13 10:00:14,2026-04-08 10:00:06,2026-04-08 10:01:51
2026-04-08 10:00:06,2026-04-13 10:00:14,,
2026-04-08 10:01:01,2026-04-13 10:01:27,2026-04-08 10:01:26,2026-04-08 10:01:51
2026-04-08 10:01:26,2026-04-13 10:01:27,,
2026-04-08 10:12:42,2026-04-13 10:13:16,2026-04-08 10:13:47,2026-04-08 10:12:49
2026-04-08 10:16:06,2026-04-13 10:16:42,2026-04-08 10:17:47,2026-04-08 10:16:29
2026-04-08 10:39:00,2026-04-13 10:39:16,2026-04-08 10:40:42,2026-04-08 10:39:59
2026-04-08 10:56:09,2026-04-13 10:56:39,,
2026-04-08 10:57:17,2026-04-13 10:57:39,2026-04-08 10:57:32,2026-04-08 11:00:21
2026-04-08 10:57:32,2026-04-13 10:57:39,,
2026-04-08 10:57:48,2026-04-13 10:58:24,2026-04-08 11:00:21,2026-04-08 10:57:49
2026-04-08 10:57:49,2026-04-13 10:58:24,,
2026-04-08 11:11:38,2026-04-13 11:15:51,,
2026-04-08 11:35:37,2026-04-13 11:35:46,2026-04-08 11:35:39,2026-04-08 11:35:46
2026-04-08 12:31:24,2026-04-13 12:32:41,2026-04-08 12:32:36,2026-04-08 12:32:05
2026-04-08 13:27:03,2026-04-13 13:29:05,2026-04-08 13:28:08,2026-04-08 13:27:20
2026-04-08 14:32:32,2026-04-13 14:33:42,2026-04-08 14:36:27,2026-04-08 14:33:24
2026-04-08 14:45:30,2026-04-13 14:46:18,,
2026-04-08 15:14:50,2026-04-13 15:16:11,2026-04-08 15:16:52,2026-04-08 15:15:22
2026-04-08 15:15:22,2026-04-13 15:16:11,,
2026-04-08 15:55:00,2026-04-13 15:55:00,2026-04-08 15:55:10,2026-04-08 15:55:04
2026-04-08 15:55:04,2026-04-13 15:55:39,,
2026-04-09 09:42:56,2026-04-14 09:42:59,2026-04-09 09:43:24,2026-04-09 09:43:58
2026-04-09 09:43:24,2026-04-14 09:43:59,,
2026-04-09 10:23:14,2026-04-14 10:23:26,2026-04-09 10:23:19,2026-04-09 10:23:30
2026-04-09 10:23:19,2026-04-14 10:23:26,,
2026-04-09 11:14:48,2026-04-14 11:16:45,2026-04-09 11:15:23,2026-04-09 11:16:43
2026-04-09 11:15:23,2026-04-14 11:16:45,,
2026-04-09 12:19:37,2026-04-14 12:21:47,,
2026-04-09 12:47:24,2026-04-14 12:47:25,2026-04-09 12:49:47,2026-04-09 12:50:12
2026-04-09 14:11:08,2026-04-14 14:12:36,,
2026-04-09 14:46:49,2026-04-14 14:46:55,2026-04-09 14:46:51,2026-04-09 14:46:55
2026-04-09 14:46:51,2026-04-14 14:46:55,,
2026-04-09 15:24:36,2026-04-14 15:26:23,2026-04-09 15:26:24,2026-04-09 15:25:58
2026-04-09 15:25:58,2026-04-14 15:26:23,,
2026-04-09 15:28:20,2026-04-14 15:28:46,2026-04-09 15:28:34,2026-04-09 15:28:57
2026-04-09 15:35:20,2026-04-14 15:35:47,,
2026-04-09 15:58:20,2026-04-14 15:58:29,2026-04-09 15:58:55,2026-04-09 15:58:30
2026-04-09 15:59:00,2026-04-14 15:59:00,2026-04-09 15:59:16,2026-04-09 15:59:05
2026-04-10 10:19:26,2026-04-15 10:20:02,2026-04-10 10:21:09,2026-04-10 10:22:20
2026-04-10 10:21:09,2026-04-15 10:21:21,,
2026-04-10 11:36:35,2026-04-15 11:36:35,,
2026-04-10 11:36:42,2026-04-15 11:36:53,2026-04-10 11:41:04,2026-04-10 11:36:45
2026-04-10 12:54:28,2026-04-15 12:55:22,2026-04-10 13:03:47,2026-04-10 12:59:05
2026-04-10 12:59:05,2026-04-15 12:59:43,,
2026-04-10 14:51:24,2026-04-15 14:51:34,2026-04-10 14:55:06,2026-04-10 14:56:00
2026-04-10 15:45:26,2026-04-15 15:46:01,,
2026-04-10 15:55:00,2026-04-15 15:55:49,,
2026-04-13 10:10:12,2026-04-20 07:56:45,2026-04-13 10:13:16,2026-04-13 10:11:15
2026-04-13 10:28:51,2026-04-20 07:56:45,,
2026-04-13 12:06:28,2026-04-20 07:56:45,2026-04-13 12:06:53,2026-04-13 12:06:30
2026-04-13 12:06:30,2026-04-20 07:56:45,,
2026-04-13 14:00:23,2026-04-20 07:56:45,2026-04-13 14:05:09,2026-04-13 14:09:52
2026-04-13 14:05:09,2026-04-20 07:56:45,,
2026-04-13 14:07:34,2026-04-20 07:56:45,2026-04-13 14:09:52,2026-04-13 14:08:25
2026-04-13 14:08:25,2026-04-20 07:56:45,,
2026-04-13 14:09:13,2026-04-20 07:56:45,2026-04-13 14:09:52,2026-04-13 14:10:02
2026-04-13 14:10:44,2026-04-20 07:56:45,2026-04-13 14:14:05,2026-04-13 14:11:57
2026-04-13 14:11:57,2026-04-20 07:56:45,,
2026-04-13 14:19:12,2026-04-20 07:56:45,,
2026-04-13 14:26:31,2026-04-20 07:56:45,,
2026-04-13 14:38:42,2026-04-20 07:56:45,,
2026-04-13 14:39:02,2026-04-20 07:56:45,2026-04-13 14:39:41,2026-04-13 14:40:04
2026-04-13 14:39:41,2026-04-20 07:56:45,,
2026-04-13 14:39:45,2026-04-20 07:56:45,2026-04-13 14:46:18,2026-04-13 14:40:04
2026-04-13 14:54:21,2026-04-20 07:56:45,2026-04-13 14:55:28,2026-04-13 14:55:14
2026-04-13 15:20:13,2026-04-20 07:56:45,,
2026-04-13 15:20:49,2026-04-20 07:56:45,2026-04-13 15:21:22,2026-04-13 15:30:42
2026-04-13 15:21:22,2026-04-20 07:56:45,,
2026-04-13 15:50:01,2026-04-20 07:56:45,,
2026-04-13 15:58:44,2026-04-20 07:56:45,,
2026-04-13 15:59:46,2026-04-20 07:56:45,,
2026-04-14 09:37:10,2026-04-20 07:56:45,2026-04-14 09:37:25,2026-04-14 09:38:08
2026-04-14 10:13:41,2026-04-20 07:56:45,2026-04-14 10:14:03,2026-04-14 10:13:58
2026-04-14 10:13:58,2026-04-20 07:56:45,,
2026-04-14 10:29:12,2026-04-20 07:56:45,,
2026-04-14 10:33:39,2026-04-20 07:56:45,2026-04-14 10:36:30,2026-04-14 10:35:46
2026-04-14 10:41:14,2026-04-20 07:56:45,,
2026-04-14 10:56:26,2026-04-20 07:56:45,2026-04-14 11:02:30,2026-04-14 10:56:27
2026-04-14 11:51:40,2026-04-20 07:56:45,,
2026-04-14 11:51:47,2026-04-20 07:56:45,2026-04-14 11:52:19,2026-04-14 11:53:35
2026-04-14 11:52:19,2026-04-20 07:56:45,,
2026-04-14 11:57:37,2026-04-20 07:56:45,,
2026-04-14 12:26:26,2026-04-20 07:56:45,,
2026-04-14 13:04:41,2026-04-20 07:56:45,2026-04-14 13:05:57,2026-04-14 13:04:49
2026-04-14 13:26:08,2026-04-20 07:56:45,2026-04-14 13:30:28,2026-04-14 13:27:49
2026-04-14 13:47:26,2026-04-20 07:56:45,,
2026-04-14 14:09:07,2026-04-20 07:56:45,2026-04-14 14:09:30,2026-04-14 14:12:36
2026-04-14 14:12:36,2026-04-20 07:56:45,,
2026-04-14 15:18:25,2026-04-20 07:56:45,2026-04-14 15:18:57,2026-04-14 15:20:47
2026-04-14 15:22:22,2026-04-20 07:56:45,,
2026-04-14 15:38:48,2026-04-20 07:56:45,2026-04-14 15:41:04,2026-04-14 15:39:27
2026-04-14 15:39:27,2026-04-20 07:56:45,,
2026-04-14 15:58:02,2026-04-20 07:56:45,2026-04-14 15:58:29,2026-04-14 15:58:19
2026-04-14 15:58:46,2026-04-20 07:56:45,2026-04-14 15:58:55,2026-04-14 15:59:37
2026-04-14 15:58:55,2026-04-20 07:56:45,,
2026-04-15 09:30:08,2026-04-20 09:30:48,2026-04-15 09:36:17,2026-04-15 09:33:03
2026-04-15 11:00:12,2026-04-20 11:00:19,2026-04-15 11:00:50,2026-04-15 11:04:27
2026-04-15 12:30:39,2026-04-20 12:31:32,,
2026-04-15 12:50:39,2026-04-20 12:53:05,,
2026-04-15 13:04:30,2026-04-20 13:05:23,2026-04-15 13:09:07,2026-04-15 13:06:23
2026-04-15 13:06:23,2026-04-20 13:13:28,,
2026-04-15 13:39:28,2026-04-20 13:40:42,,
2026-04-15 13:54:23,2026-04-20 14:01:11,2026-04-15 14:00:13,2026-04-15 13:55:30
2026-04-15 13:55:30,2026-04-20 14:01:11,,
2026-04-15 14:10:05,2026-04-20 14:10:53,2026-04-15 14:14:20,2026-04-15 14:10:50
2026-04-15 15:13:51,2026-04-20 15:14:43,,
2026-04-15 15:42:21,2026-04-20 15:42:21,2026-04-15 15:44:23,2026-04-15 15:42:27
2026-04-15 15:47:38,2026-04-20 15:48:56,2026-04-15 15:47:55,2026-04-15 15:49:41
2026-04-15 15:47:55,2026-04-20 15:48:56,,
2026-04-15 15:49:07,2026-04-20 15:50:27,2026-04-15 15:50:18,2026-04-15 15:49:41
2026-04-15 15:59:45,2026-04-20 15:59:46,,
2026-04-16 09:52:02,2026-04-21 09:53:01,2026-04-16 09:52:29,2026-04-16 09:52:22
2026-04-16 09:52:22,2026-04-21 09:53:01,,
2026-04-16 10:12:52,2026-04-21 10:13:24,2026-04-16 10:12:58,2026-04-16 10:14:41
2026-04-16 10:12:58,2026-04-21 10:13:24,,
2026-04-16 10:15:44,2026-04-21 10:15:46,,
2026-04-16 11:06:39,2026-04-21 11:07:12,,
2026-04-16 11:10:24,2026-04-21 11:12:53,,
2026-04-16 13:50:07,2026-04-21 13:51:53,2026-04-16 13:51:09,2026-04-16 13:51:29
2026-04-16 13:51:09,2026-04-21 13:51:53,,
2026-04-16 15:23:47,2026-04-21 15:24:39,2026-04-16 15:24:20,2026-04-16 15:25:32
2026-04-16 15:44:05,2026-04-21 15:44:35,,
2026-04-16 15:58:13,2026-04-21 15:58:31,2026-04-16 15:58:55,2026-04-16 15:59:46
2026-04-16 15:58:55,2026-04-21 15:58:55,,
2026-04-16 15:58:57,2026-04-21 15:59:04,2026-04-16 15:59:00,2026-04-16 15:59:46
2026-04-16 15:59:00,2026-04-21 15:59:04,,
2026-04-17 09:30:09,2026-04-22 09:31:52,,
2026-04-17 09:35:40,2026-04-22 09:35:52,2026-04-17 09:36:04,2026-04-17 09:36:29
2026-04-17 11:35:00,2026-04-22 11:35:00,2026-04-17 11:35:28,2026-04-17 11:35:08
2026-04-17 11:36:08,2026-04-22 11:38:55,2026-04-17 11:36:36,2026-04-17 11:37:50
2026-04-17 11:36:36,2026-04-22 11:38:55,,
2026-04-17 11:57:27,2026-04-22 12:00:00,2026-04-17 11:58:38,2026-04-17 11:59:38
2026-04-17 11:58:38,2026-04-22 12:00:00,,
2026-04-17 12:28:43,2026-04-22 12:29:49,,
2026-04-17 12:36:34,2026-04-22 12:38:31,2026-04-17 12:36:52,2026-04-17 12:40:03
2026-04-17 12:36:52,2026-04-22 12:38:31,,
2026-04-17 13:50:07,2026-04-22 13:51:50,2026-04-17 13:53:38,2026-04-17 14:00:26
2026-04-17 13:53:38,2026-04-22 13:57:49,,
2026-04-17 14:27:45,2026-04-22 14:29:27,,
2026-04-17 14:31:01,2026-04-22 14:34:22,,
2026-04-20 13:18:05,2026-04-27 09:30:00,2026-04-20 13:18:06,2026-04-20 13:23:04
2026-04-20 13:18:06,2026-04-27 09:30:00,,
2026-04-20 13:48:10,2026-04-27 09:30:00,,
2026-04-20 14:11:42,2026-04-27 09:30:00,,
2026-04-20 14:22:39,2026-04-27 09:30:00,2026-04-20 14:25:49,2026-04-20 14:23:46
2026-04-20 14:23:46,2026-04-27 09:30:00,,
2026-04-20 15:29:29,2026-04-27 09:30:00,2026-04-20 15:30:06,2026-04-20 15:32:12
2026-04-20 15:30:06,2026-04-27 09:30:00,,
2026-04-20 15:58:16,2026-04-27 09:30:00,2026-04-20 15:58:20,2026-04-20 15:58:38
2026-04-20 15:58:20,2026-04-27 09:30:00,,
2026-04-20 15:58:50,2026-04-27 09:30:00,2026-04-20 15:58:52,2026-04-20 15:58:51
2026-04-21 11:42:08,2026-04-27 09:30:00,,
2026-04-21 12:36:36,2026-04-27 09:30:00,,
2026-04-21 13:41:04,2026-04-27 09:30:00,2026-04-21 13:42:04,2026-04-21 13:41:07
2026-04-21 13:41:07,2026-04-27 09:30:00,,
2026-04-21 13:58:54,2026-04-27 09:30:00,2026-04-21 14:03:12,2026-04-21 14:00:10
2026-04-21 14:00:10,2026-04-27 09:30:00,,
2026-04-21 14:15:27,2026-04-27 09:30:00,2026-04-21 14:16:31,2026-04-21 14:15:29
2026-04-21 14:15:29,2026-04-27 09:30:00,,
2026-04-21 14:30:41,2026-04-27 09:30:00,2026-04-21 14:33:04,2026-04-21 14:33:50
2026-04-22 09:33:08,2026-04-27 09:34:26,2026-04-22 09:35:07,2026-04-22 09:34:09
2026-04-22 09:34:09,2026-04-27 09:34:26,,
2026-04-22 10:13:34,2026-04-27 10:14:03,2026-04-22 10:14:21,2026-04-22 10:15:23
2026-04-22 10:21:08,2026-04-27 10:21:43,,
2026-04-22 10:38:38,2026-04-27 10:39:53,,
2026-04-22 11:08:06,2026-04-27 11:08:35,,
2026-04-22 15:31:47,2026-04-27 15:31:59,2026-04-22 15:32:16,2026-04-22 15:37:24
2026-04-22 15:59:00,2026-04-27 15:59:38,,
2026-04-23 10:26:25,2026-04-28 10:27:00,2026-04-23 10:28:27,2026-04-23 10:30:19
2026-04-23 10:55:06,2026-04-28 10:55:09,,
2026-04-23 11:21:16,2026-04-28 11:21:29,2026-04-23 11:23:45,2026-04-23 11:24:54
2026-04-23 11:33:06,2026-04-28 11:35:23,2026-04-23 11:38:06,2026-04-23 11:36:17
2026-04-23 13:22:10,2026-04-28 13:24:01,2026-04-23 13:28:36,2026-04-23 13:25:05
2026-04-23 13:32:21,2026-04-28 13:33:17,2026-04-23 13:32:37,2026-04-23 13:33:32
2026-04-23 13:32:37,2026-04-28 13:33:17,,
2026-04-23 15:16:17,2026-04-28 15:16:58,2026-04-23 15:16:57,2026-04-23 15:16:27
2026-04-23 15:16:27,2026-04-28 15:16:58,,
2026-04-23 15:25:00,2026-04-28 15:27:48,2026-04-23 15:27:35,2026-04-23 15:29:04
2026-04-23 15:56:21,2026-04-28 15:56:56,2026-04-23 15:57:15,2026-04-23 15:59:00
2026-04-23 15:57:15,2026-04-28 15:57:15,,
2026-04-24 09:44:55,2026-04-29 09:45:29,,
2026-04-24 12:31:25,2026-04-29 12:31:45,2026-04-24 12:34:26,2026-04-24 12:32:35
2026-04-24 12:32:35,2026-04-29 12:33:24,,
2026-04-24 14:18:36,2026-04-29 14:18:40,,
2026-04-24 14:20:03,2026-04-29 14:20:18,2026-04-24 14:24:28,2026-04-24 14:20:11
2026-04-24 14:20:11,2026-04-29 14:20:18,,
2026-04-24 14:22:55,2026-04-29 14:24:04,2026-04-24 14:24:28,2026-04-24 14:25:19
2026-04-24 14:47:33,2026-04-29 14:48:00,2026-04-24 14:48:06,2026-04-24 14:50:23
2026-04-24 14:48:06,2026-04-29 14:48:39,,
2026-04-24 15:40:40,2026-04-29 15:43:05,2026-04-24 15:43:42,2026-04-24 15:41:09
2026-04-24 15:41:09,2026-04-29 15:43:05,,
2026-04-27 12:13:47,,,
2026-04-27 13:23:14,,,
2026-04-27 14:36:28,,2026-04-27 14:39:52,2026-04-27 14:39:36
2026-04-27 14:49:34,,2026-04-27 14:52:08,2026-04-27 14:51:04
2026-04-27 14:51:04,,,
2026-04-27 15:08:16,,,
2026-04-27 15:11:11,,,
2026-04-27 15:11:23,,2026-04-27 15:12:34,2026-04-27 15:13:45
2026-04-27 15:22:03,,,
2026-04-27 15:29:25,,,
2026-04-28 09:54:17,,2026-04-28 09:55:24,2026-04-28 09:57:00
2026-04-28 10:53:09,,,
2026-04-28 12:19:58,,2026-04-28 12:23:11,2026-04-28 12:26:20
2026-04-28 14:55:22,,2026-04-28 14:59:29,2026-04-28 14:57:24
2026-04-28 15:14:08,,,
2026-04-28 15:45:35,,2026-04-28 15:46:41,2026-04-28 15:45:50
2026-04-28 15:45:50,,,
2026-04-28 15:48:30,,2026-04-28 15:49:44,2026-04-28 15:50:41
2026-04-28 15:56:56,,2026-04-28 15:57:15,2026-04-28 15:57:50
2026-04-28 15:59:10,,2026-04-28 15:59:50,2026-04-28 15:59:39
2026-04-28 15:59:39,,,
2026-04-29 10:32:22,,,
2026-04-29 10:53:52,,2026-04-29 10:57:01,2026-04-29 10:59:56
2026-04-29 10:57:01,,,
2026-04-29 11:56:00,,2026-04-29 11:56:54,2026-04-29 11:58:02
2026-04-29 11:56:54,,,
2026-04-29 12:30:41,,2026-04-29 12:36:23,2026-04-29 12:31:45
2026-04-29 12:31:45,,,
2026-04-29 13:14:53,,,
2026-04-30 09:45:06,,,
2026-04-30 10:22:06,,2026-04-30 10:24:22,2026-04-30 10:23:03
2026-04-30 10:23:03,,,
2026-04-30 10:34:32,,2026-04-30 10:35:48,2026-04-30 10:36:02
2026-04-30 10:45:53,,2026-04-30 10:48:45,2026-04-30 10:46:58
2026-04-30 10:46:58,,,
2026-04-30 11:30:57,,2026-04-30 11:32:25,2026-04-30 11:31:23
2026-04-30 11:33:04,,2026-04-30 11:34:44,2026-04-30 11:33:38
2026-04-30 11:34:52,,2026-04-30 11:36:07,2026-04-30 11:36:59
2026-04-30 11:36:07,,,
2026-04-30 11:52:06,,,
2026-04-30 13:17:05,,,
2026-04-30 13:29:39,,2026-04-30 13:30:03,2026-04-30 13:29:57
2026-04-30 13:59:10,,2026-04-30 14:00:58,2026-04-30 14:00:48
2026-04-30 14:03:02,,2026-04-30 14:05:01,2026-04-30 14:03:45
2026-04-30 14:16:54,,,
2026-04-30 14:48:28,,2026-04-30 14:53:20,2026-04-30 14:48:55
2026-04-30 14:48:55,,,
2026-04-30 14:52:05,,2026-04-30 14:53:20,2026-04-30 14:54:57
2026-04-30 15:05:18,,2026-04-30 15:06:51,2026-04-30 15:07:18
2026-04-30 15:30:19,,,
2026-04-30 15:43:58,,,
2026-04-30 15:58:59,,,
2026-05-01 09:57:10,,,
2026-05-01 10:19:09,,,
2026-05-01 11:04:16,,,
2026-05-01 12:58:05,,2026-05-01 12:59:37,2026-05-01 12:58:28
2026-05-01 13:01:19,,,
2026-05-01 13:07:41,,,
2026-05-01 13:35:02,,2026-05-01 13:37:36,2026-05-01 13:41:17
2026-05-01 13:41:17,,,
2026-05-01 13:53:14,,2026-05-01 13:59:17,2026-05-01 13:53:15
2026-05-01 13:53:15,,,
2026-05-01 14:39:57,,,
2026-05-01 15:19:18,,2026-05-01 15:19:25,2026-05-01 15:19:45
2026-05-01 15:21:58,,2026-05-01 15:22:00,2026-05-01 15:24:38
